2026-08-19 16:52:57.402957: E external/local_xla/xla/stream_executor/cuda/cuda_fft.cc:477] Unable to register cuFFT factory: Attempting to register factory for plugin cuFFT when one has already been registered
WARNING: All log messages before absl::InitializeLog() is called are written to STDERR
E0000 00:00:1787158377.417820  226597 cuda_dnn.cc:8310] Unable to register cuDNN factory: Attempting to register factory for plugin cuDNN when one has already been registered
E0000 00:00:1787158377.422389  226597 cuda_blas.cc:1418] Unable to register cuBLAS factory: Attempting to register factory for plugin cuBLAS when one has already been registered
W0000 00:00:1787158379.529290  226597 gpu_device.cc:2433] TensorFlow was not built with CUDA kernel binaries compatible with compute capability 12.0. CUDA kernels will be jit-compiled from PTX, which could take 30 minutes or longer.
16:53:00.462 [I] Running on: lhy-1                                                                (226597:train.py:301)
INFO:2026-08-19 16:53:00,712:jax._src.xla_bridge:945: Unable to initialize backend 'rocm': module 'jaxlib.xla_extension' has no attribute 'GpuAllocatorConfig'
16:53:00.712 [I] Unable to initialize backend 'rocm': module 'jaxlib.xla_extension' has no attribute 'GpuAllocatorConfig' (226597:xla_bridge.py:945)
INFO:2026-08-19 16:53:00,713:jax._src.xla_bridge:945: Unable to initialize backend 'tpu': INTERNAL: Failed to open libtpu.so: libtpu.so: cannot open shared object file: No such file or directory
16:53:00.713 [I] Unable to initialize backend 'tpu': INTERNAL: Failed to open libtpu.so: libtpu.so: cannot open shared object file: No such file or directory (226597:xla_bridge.py:945)
16:53:02.608 [I] Created BasePyTreeCheckpointHandler: pytree_metadata_options=PyTreeMetadataOptions(support_rich_types=False), array_metadata_store=None (226597:base_pytree_checkpoint_handler.py:332)
16:53:02.608 [I] Created BasePyTreeCheckpointHandler: pytree_metadata_options=PyTreeMetadataOptions(support_rich_types=False), array_metadata_store=None (226597:base_pytree_checkpoint_handler.py:332)
16:53:02.608 [I] [thread=MainThread] Failed to get flag value for EXPERIMENTAL_ORBAX_USE_DISTRIBUTED_PROCESS_ID. (226597:multihost.py:375)
16:53:02.608 [I] [process=0][thread=MainThread] CheckpointManager init: checkpointers=None, item_names=None, item_handlers={'assets': <openpi.training.checkpoints.CallbackHandler object at 0x7c4f601ae650>, 'train_state': <orbax.checkpoint._src.handlers.pytree_checkpoint_handler.PyTreeCheckpointHandler object at 0x7c4f5abda6d0>, 'params': <orbax.checkpoint._src.handlers.pytree_checkpoint_handler.PyTreeCheckpointHandler object at 0x7c5148bea610>}, handler_registry=None (226597:checkpoint_manager.py:622)
16:53:02.609 [I] Deferred registration for item: "assets". Adding handler `<openpi.training.checkpoints.CallbackHandler object at 0x7c4f601ae650>` for item "assets" and save args `<class 'openpi.training.checkpoints.CallbackSave'>` and restore args `<class 'openpi.training.checkpoints.CallbackRestore'>` to `_handler_registry`. (226597:composite_checkpoint_handler.py:239)
16:53:02.609 [I] Deferred registration for item: "train_state". Adding handler `<orbax.checkpoint._src.handlers.pytree_checkpoint_handler.PyTreeCheckpointHandler object at 0x7c4f5abda6d0>` for item "train_state" and save args `<class 'orbax.checkpoint._src.handlers.pytree_checkpoint_handler.PyTreeSaveArgs'>` and restore args `<class 'orbax.checkpoint._src.handlers.pytree_checkpoint_handler.PyTreeRestoreArgs'>` to `_handler_registry`. (226597:composite_checkpoint_handler.py:239)
16:53:02.609 [I] Deferred registration for item: "params". Adding handler `<orbax.checkpoint._src.handlers.pytree_checkpoint_handler.PyTreeCheckpointHandler object at 0x7c5148bea610>` for item "params" and save args `<class 'orbax.checkpoint._src.handlers.pytree_checkpoint_handler.PyTreeSaveArgs'>` and restore args `<class 'orbax.checkpoint._src.handlers.pytree_checkpoint_handler.PyTreeRestoreArgs'>` to `_handler_registry`. (226597:composite_checkpoint_handler.py:239)
16:53:02.609 [I] Deferred registration for item: "metrics". Adding handler `<orbax.checkpoint._src.handlers.json_checkpoint_handler.JsonCheckpointHandler object at 0x7c4f5a9e6d50>` for item "metrics" and save args `<class 'orbax.checkpoint._src.handlers.json_checkpoint_handler.JsonSaveArgs'>` and restore args `<class 'orbax.checkpoint._src.handlers.json_checkpoint_handler.JsonRestoreArgs'>` to `_handler_registry`. (226597:composite_checkpoint_handler.py:239)
16:53:02.609 [I] Initialized registry DefaultCheckpointHandlerRegistry({('assets', <class 'openpi.training.checkpoints.CallbackSave'>): <openpi.training.checkpoints.CallbackHandler object at 0x7c4f601ae650>, ('assets', <class 'openpi.training.checkpoints.CallbackRestore'>): <openpi.training.checkpoints.CallbackHandler object at 0x7c4f601ae650>, ('train_state', <class 'orbax.checkpoint._src.handlers.pytree_checkpoint_handler.PyTreeSaveArgs'>): <orbax.checkpoint._src.handlers.pytree_checkpoint_handler.PyTreeCheckpointHandler object at 0x7c4f5abda6d0>, ('train_state', <class 'orbax.checkpoint._src.handlers.pytree_checkpoint_handler.PyTreeRestoreArgs'>): <orbax.checkpoint._src.handlers.pytree_checkpoint_handler.PyTreeCheckpointHandler object at 0x7c4f5abda6d0>, ('params', <class 'orbax.checkpoint._src.handlers.pytree_checkpoint_handler.PyTreeSaveArgs'>): <orbax.checkpoint._src.handlers.pytree_checkpoint_handler.PyTreeCheckpointHandler object at 0x7c5148bea610>, ('params', <class 'orbax.checkpoint._src.handlers.pytree_checkpoint_handler.PyTreeRestoreArgs'>): <orbax.checkpoint._src.handlers.pytree_checkpoint_handler.PyTreeCheckpointHandler object at 0x7c5148bea610>, ('metrics', <class 'orbax.checkpoint._src.handlers.json_checkpoint_handler.JsonSaveArgs'>): <orbax.checkpoint._src.handlers.json_checkpoint_handler.JsonCheckpointHandler object at 0x7c4f5a9e6d50>, ('metrics', <class 'orbax.checkpoint._src.handlers.json_checkpoint_handler.JsonRestoreArgs'>): <orbax.checkpoint._src.handlers.json_checkpoint_handler.JsonCheckpointHandler object at 0x7c4f5a9e6d50>}). (226597:composite_checkpoint_handler.py:508)
16:53:02.609 [I] orbax-checkpoint version: 0.11.1                                                 (226597:abstract_checkpointer.py:35)
16:53:02.609 [I] [process=0][thread=MainThread] Using barrier_sync_fn: <function get_barrier_sync_fn.<locals>.<lambda> at 0x7c4f5a7551c0> timeout: 7200 secs and primary_host=0 for async checkpoint writes (226597:async_checkpointer.py:80)
16:53:02.611 [I] Found 0 checkpoint steps in /shared/.cache/retain/checkpoints/retain_repro_pretrain/paper_final_hparams (226597:checkpoint_manager.py:1528)
16:53:02.611 [I] Saving root metadata                                                             (226597:checkpoint_manager.py:1569)
16:53:02.611 [I] [process=0][thread=MainThread] Skipping global process sync, barrier name: CheckpointManager:save_metadata (226597:multihost.py:293)
16:53:02.611 [I] [process=0][thread=MainThread] CheckpointManager created,  primary_host=0, CheckpointManagerOptions=CheckpointManagerOptions(save_interval_steps=1, max_to_keep=1, keep_time_interval=None, keep_period=None, should_keep_fn=None, best_fn=None, best_mode='max', keep_checkpoints_without_metrics=True, step_prefix=None, step_format_fixed_length=None, step_name_format=None, create=False, cleanup_tmp_directories=False, save_on_steps=frozenset(), single_host_load_and_broadcast=False, todelete_subdir=None, enable_background_delete=False, read_only=False, enable_async_checkpointing=True, async_options=AsyncOptions(timeout_secs=7200, barrier_sync_fn=None, post_finalization_callback=None, create_directories_asynchronously=False), multiprocessing_options=MultiprocessingOptions(primary_host=0, active_processes=None, barrier_sync_key_prefix=None), should_save_fn=None, file_options=FileOptions(path_permission_mode=None), save_root_metadata=True, temporary_path_class=None, save_decision_policy=None), root_directory=/shared/.cache/retain/checkpoints/retain_repro_pretrain/paper_final_hparams: <orbax.checkpoint.checkpoint_manager.CheckpointManager object at 0x7c4f60217f50> (226597:checkpoint_manager.py:797)
16:53:02.710 [I] Loaded norm stats from assets/pi0_libero_pretrain                                (226597:config.py:197)
16:53:02.790 [I] Loaded norm stats from assets/pi0_libero_pretrain                                (226597:config.py:197)
16:53:02.874 [I] Loaded norm stats from assets/pi0_libero_pretrain                                (226597:config.py:197)
16:53:02.944 [I] Loaded norm stats from assets/pi0_libero_pretrain                                (226597:config.py:197)
16:53:03.017 [I] Loaded norm stats from assets/pi0_libero_pretrain                                (226597:config.py:197)
16:53:03.119 [I] Load dataset info from /shared/.cache/retain/libero/datasets/libero_goal_reduced/1.0.0 (226597:dataset_info.py:707)
16:53:03.127 [I] Creating a tf.data.Dataset reading 16 files located in folders: /shared/.cache/retain/libero/datasets/libero_goal_reduced/1.0.0. (226597:reader.py:262)
16:53:03.324 [I] Constructing tf.data.Dataset libero_goal_reduced for split all, from /shared/.cache/retain/libero/datasets/libero_goal_reduced/1.0.0 (226597:logging_logger.py:49)
16:53:03.673 [I] Creating a tf.data.Dataset reading 16 files located in folders: /shared/.cache/retain/libero/datasets/libero_goal_reduced/1.0.0. (226597:reader.py:262)
16:53:03.704 [I] Constructing tf.data.Dataset libero_goal_reduced for split train, from /shared/.cache/retain/libero/datasets/libero_goal_reduced/1.0.0 (226597:logging_logger.py:49)
16:53:03.766 [I] Load dataset info from /shared/.cache/retain/libero/datasets/libero_object_reduced/1.0.0 (226597:dataset_info.py:707)
16:53:03.773 [I] Creating a tf.data.Dataset reading 32 files located in folders: /shared/.cache/retain/libero/datasets/libero_object_reduced/1.0.0. (226597:reader.py:262)
16:53:03.798 [I] Constructing tf.data.Dataset libero_object_reduced for split all, from /shared/.cache/retain/libero/datasets/libero_object_reduced/1.0.0 (226597:logging_logger.py:49)
16:53:03.859 [I] Creating a tf.data.Dataset reading 32 files located in folders: /shared/.cache/retain/libero/datasets/libero_object_reduced/1.0.0. (226597:reader.py:262)
16:53:03.884 [I] Constructing tf.data.Dataset libero_object_reduced for split train, from /shared/.cache/retain/libero/datasets/libero_object_reduced/1.0.0 (226597:logging_logger.py:49)
16:53:03.950 [I] Load dataset info from /shared/.cache/retain/libero/datasets/libero_spatial_reduced/1.0.0 (226597:dataset_info.py:707)
16:53:03.955 [I] Creating a tf.data.Dataset reading 16 files located in folders: /shared/.cache/retain/libero/datasets/libero_spatial_reduced/1.0.0. (226597:reader.py:262)
16:53:03.982 [I] Constructing tf.data.Dataset libero_spatial_reduced for split all, from /shared/.cache/retain/libero/datasets/libero_spatial_reduced/1.0.0 (226597:logging_logger.py:49)
16:53:04.044 [I] Creating a tf.data.Dataset reading 16 files located in folders: /shared/.cache/retain/libero/datasets/libero_spatial_reduced/1.0.0. (226597:reader.py:262)
16:53:04.069 [I] Constructing tf.data.Dataset libero_spatial_reduced for split train, from /shared/.cache/retain/libero/datasets/libero_spatial_reduced/1.0.0 (226597:logging_logger.py:49)
16:53:04.132 [I] Load dataset info from /shared/.cache/retain/libero/datasets/libero_90_flipped/1.0.0 (226597:dataset_info.py:707)
16:53:04.149 [I] Creating a tf.data.Dataset reading 256 files located in folders: /shared/.cache/retain/libero/datasets/libero_90_flipped/1.0.0. (226597:reader.py:262)
16:53:04.181 [I] Constructing tf.data.Dataset libero_90_flipped for split all, from /shared/.cache/retain/libero/datasets/libero_90_flipped/1.0.0 (226597:logging_logger.py:49)
16:53:04.263 [I] Creating a tf.data.Dataset reading 256 files located in folders: /shared/.cache/retain/libero/datasets/libero_90_flipped/1.0.0. (226597:reader.py:262)
16:53:04.294 [I] Constructing tf.data.Dataset libero_90_flipped for split train, from /shared/.cache/retain/libero/datasets/libero_90_flipped/1.0.0 (226597:logging_logger.py:49)
16:53:04.373 [I] Load dataset info from /shared/.cache/retain/libero/datasets/libero_goal_reduced/1.0.0 (226597:dataset_info.py:707)
16:53:04.383 [I] Creating a tf.data.Dataset reading 16 files located in folders: /shared/.cache/retain/libero/datasets/libero_goal_reduced/1.0.0. (226597:reader.py:262)
16:53:04.409 [I] Constructing tf.data.Dataset libero_goal_reduced for split train, from /shared/.cache/retain/libero/datasets/libero_goal_reduced/1.0.0 (226597:logging_logger.py:49)
16:53:05.055 [W] future_action_window_size > 0 but no absolute_action_mask was provided. Assuming all actions are relative for the purpose of making neutral actions. (226597:function_wrappers.py:112)
16:53:06.255 [W] No resize_size was provided for image_wrist. This will result in 1x1 padding images, which may cause errors if you mix padding and non-padding images. (226597:api.py:460)
16:53:06.260 [W] No resize_size was provided for image_secondary. This will result in 1x1 padding images, which may cause errors if you mix padding and non-padding images. (226597:api.py:460)
16:53:06.264 [W] No resize_size was provided for image_primary. This will result in 1x1 padding images, which may cause errors if you mix padding and non-padding images. (226597:api.py:460)
16:53:06.280 [I] Load dataset info from /shared/.cache/retain/libero/datasets/libero_object_reduced/1.0.0 (226597:dataset_info.py:707)
16:53:06.286 [I] Creating a tf.data.Dataset reading 32 files located in folders: /shared/.cache/retain/libero/datasets/libero_object_reduced/1.0.0. (226597:reader.py:262)
16:53:06.312 [I] Constructing tf.data.Dataset libero_object_reduced for split train, from /shared/.cache/retain/libero/datasets/libero_object_reduced/1.0.0 (226597:logging_logger.py:49)
16:53:06.401 [W] future_action_window_size > 0 but no absolute_action_mask was provided. Assuming all actions are relative for the purpose of making neutral actions. (226597:function_wrappers.py:112)
16:53:06.433 [W] No resize_size was provided for image_wrist. This will result in 1x1 padding images, which may cause errors if you mix padding and non-padding images. (226597:api.py:460)
16:53:06.437 [W] No resize_size was provided for image_secondary. This will result in 1x1 padding images, which may cause errors if you mix padding and non-padding images. (226597:api.py:460)
16:53:06.441 [W] No resize_size was provided for image_primary. This will result in 1x1 padding images, which may cause errors if you mix padding and non-padding images. (226597:api.py:460)
16:53:06.458 [I] Load dataset info from /shared/.cache/retain/libero/datasets/libero_spatial_reduced/1.0.0 (226597:dataset_info.py:707)
16:53:06.463 [I] Creating a tf.data.Dataset reading 16 files located in folders: /shared/.cache/retain/libero/datasets/libero_spatial_reduced/1.0.0. (226597:reader.py:262)
16:53:06.489 [I] Constructing tf.data.Dataset libero_spatial_reduced for split train, from /shared/.cache/retain/libero/datasets/libero_spatial_reduced/1.0.0 (226597:logging_logger.py:49)
16:53:06.581 [W] future_action_window_size > 0 but no absolute_action_mask was provided. Assuming all actions are relative for the purpose of making neutral actions. (226597:function_wrappers.py:112)
16:53:06.614 [W] No resize_size was provided for image_wrist. This will result in 1x1 padding images, which may cause errors if you mix padding and non-padding images. (226597:api.py:460)
16:53:06.618 [W] No resize_size was provided for image_secondary. This will result in 1x1 padding images, which may cause errors if you mix padding and non-padding images. (226597:api.py:460)
16:53:06.621 [W] No resize_size was provided for image_primary. This will result in 1x1 padding images, which may cause errors if you mix padding and non-padding images. (226597:api.py:460)
16:53:06.637 [I] Load dataset info from /shared/.cache/retain/libero/datasets/libero_90_flipped/1.0.0 (226597:dataset_info.py:707)
16:53:06.651 [I] Creating a tf.data.Dataset reading 256 files located in folders: /shared/.cache/retain/libero/datasets/libero_90_flipped/1.0.0. (226597:reader.py:262)
16:53:06.681 [I] Constructing tf.data.Dataset libero_90_flipped for split train, from /shared/.cache/retain/libero/datasets/libero_90_flipped/1.0.0 (226597:logging_logger.py:49)
16:53:06.793 [W] future_action_window_size > 0 but no absolute_action_mask was provided. Assuming all actions are relative for the purpose of making neutral actions. (226597:function_wrappers.py:112)
16:53:06.827 [W] No resize_size was provided for image_wrist. This will result in 1x1 padding images, which may cause errors if you mix padding and non-padding images. (226597:api.py:460)
16:53:06.831 [W] No resize_size was provided for image_secondary. This will result in 1x1 padding images, which may cause errors if you mix padding and non-padding images. (226597:api.py:460)
16:53:06.835 [W] No resize_size was provided for image_primary. This will result in 1x1 padding images, which may cause errors if you mix padding and non-padding images. (226597:api.py:460)
16:53:13.219 [I] Initialized data loader:
[0].images['base_0_rgb']: (64, 224, 224, 3)@float32
[0].images['left_wrist_0_rgb']: (64, 224, 224, 3)@float32
[0].images['right_wrist_0_rgb']: (64, 224, 224, 3)@float32
[0].image_masks['base_0_rgb']: (64,)@bool
[0].image_masks['left_wrist_0_rgb']: (64,)@bool
[0].image_masks['right_wrist_0_rgb']: (64,)@bool
[0].state: (64, 32)@float32
[0].tokenized_prompt: (64, 48)@int32
[0].tokenized_prompt_mask: (64, 48)@bool
[1]: (64, 50, 32)@float32 (226597:train.py:341)
wandb: WARNING Data passed to `wandb.Image` should consist of values in the range [0, 255], image data will be normalized to this range, but behavior will be removed in a future version of wandb.
16:53:13.537 [I] LR Schedule Config: CosineDecaySchedule(warmup_steps=1000, peak_lr=2.5e-05, decay_steps=30000, decay_lr=2.5e-06) (226597:train.py:90)
16:53:13.537 [I] Optimizer Config: AdamW(b1=0.9, b2=0.95, eps=1e-08, weight_decay=1e-10, clip_gradient_norm=1.0) (226597:train.py:91)
Unsupported conversion from bf16 to f16
LLVM ERROR: Unsupported rounding mode for conversion.
2026-08-19 19:49:54.748116: E external/local_xla/xla/stream_executor/cuda/cuda_fft.cc:477] Unable to register cuFFT factory: Attempting to register factory for plugin cuFFT when one has already been registered
WARNING: All log messages before absl::InitializeLog() is called are written to STDERR
E0000 00:00:1787168994.763199  244533 cuda_dnn.cc:8310] Unable to register cuDNN factory: Attempting to register factory for plugin cuDNN when one has already been registered
E0000 00:00:1787168994.768005  244533 cuda_blas.cc:1418] Unable to register cuBLAS factory: Attempting to register factory for plugin cuBLAS when one has already been registered
W0000 00:00:1787168997.380790  244533 gpu_device.cc:2433] TensorFlow was not built with CUDA kernel binaries compatible with compute capability 12.0. CUDA kernels will be jit-compiled from PTX, which could take 30 minutes or longer.
19:49:58.351 [I] Running on: lhy-1                                                                (244533:train.py:301)
INFO:2026-08-19 19:49:58,512:jax._src.xla_bridge:752: Unable to initialize backend 'tpu': INTERNAL: Failed to open libtpu.so: libtpu.so: cannot open shared object file: No such file or directory
19:49:58.512 [I] Unable to initialize backend 'tpu': INTERNAL: Failed to open libtpu.so: libtpu.so: cannot open shared object file: No such file or directory (244533:xla_bridge.py:752)
E0819 19:49:59.736737  244533 cuda_dnn.cc:523] Loaded runtime CuDNN library: 9.7.1 but source was compiled with: 9.8.0.  CuDNN library needs to have matching major version and equal or higher minor version. If using a binary install, upgrade your CuDNN library.  If building from sources, make sure the library loaded at runtime is compatible with the version specified during compile configuration.
E0819 19:49:59.748700  244533 cuda_dnn.cc:523] Loaded runtime CuDNN library: 9.7.1 but source was compiled with: 9.8.0.  CuDNN library needs to have matching major version and equal or higher minor version. If using a binary install, upgrade your CuDNN library.  If building from sources, make sure the library loaded at runtime is compatible with the version specified during compile configuration.
E0819 19:49:59.835685  244533 cuda_dnn.cc:523] Loaded runtime CuDNN library: 9.7.1 but source was compiled with: 9.8.0.  CuDNN library needs to have matching major version and equal or higher minor version. If using a binary install, upgrade your CuDNN library.  If building from sources, make sure the library loaded at runtime is compatible with the version specified during compile configuration.
E0819 19:49:59.876807  244533 cuda_dnn.cc:523] Loaded runtime CuDNN library: 9.7.1 but source was compiled with: 9.8.0.  CuDNN library needs to have matching major version and equal or higher minor version. If using a binary install, upgrade your CuDNN library.  If building from sources, make sure the library loaded at runtime is compatible with the version specified during compile configuration.
Traceback (most recent call last):
  File "/root/RETAIN_code/scripts/train.py", line 399, in <module>
    main(_config.cli())
  File "/root/RETAIN_code/scripts/train.py", line 310, in main
    rng = jax.random.key(config.seed)
          ^^^^^^^^^^^^^^^^^^^^^^^^^^^
  File "/shared/.cache/retain/jax-overlays/0.6.2/jax/_src/random.py", line 221, in key
    return _key('key', seed, impl)
           ^^^^^^^^^^^^^^^^^^^^^^^
  File "/shared/.cache/retain/jax-overlays/0.6.2/jax/_src/random.py", line 201, in _key
    return prng.random_seed(seed, impl=impl)
           ^^^^^^^^^^^^^^^^^^^^^^^^^^^^^^^^^
  File "/shared/.cache/retain/jax-overlays/0.6.2/jax/_src/prng.py", line 551, in random_seed
    seeds_arr = jnp.asarray(np.int64(seeds))
                ^^^^^^^^^^^^^^^^^^^^^^^^^^^^
  File "/shared/.cache/retain/jax-overlays/0.6.2/jax/_src/numpy/array.py", line 383, in asarray
    return array(a, dtype=dtype, copy=bool(copy), order=order, device=device)
           ^^^^^^^^^^^^^^^^^^^^^^^^^^^^^^^^^^^^^^^^^^^^^^^^^^^^^^^^^^^^^^^^^^
  File "/shared/.cache/retain/jax-overlays/0.6.2/jax/_src/numpy/array.py", line 268, in array
    out_array: Array = lax._convert_element_type(
                       ^^^^^^^^^^^^^^^^^^^^^^^^^^
  File "/shared/.cache/retain/jax-overlays/0.6.2/jax/_src/lax/lax.py", line 1726, in _convert_element_type
    return convert_element_type_p.bind(
           ^^^^^^^^^^^^^^^^^^^^^^^^^^^^
  File "/shared/.cache/retain/jax-overlays/0.6.2/jax/_src/core.py", line 536, in bind
    return self._true_bind(*args, **params)
           ^^^^^^^^^^^^^^^^^^^^^^^^^^^^^^^^
  File "/shared/.cache/retain/jax-overlays/0.6.2/jax/_src/core.py", line 552, in _true_bind
    return self.bind_with_trace(prev_trace, args, params)
           ^^^^^^^^^^^^^^^^^^^^^^^^^^^^^^^^^^^^^^^^^^^^^^
  File "/shared/.cache/retain/jax-overlays/0.6.2/jax/_src/lax/lax.py", line 4902, in _convert_element_type_bind_with_trace
    operand = core.Primitive.bind_with_trace(convert_element_type_p, trace, args, params)
              ^^^^^^^^^^^^^^^^^^^^^^^^^^^^^^^^^^^^^^^^^^^^^^^^^^^^^^^^^^^^^^^^^^^^^^^^^^^
  File "/shared/.cache/retain/jax-overlays/0.6.2/jax/_src/core.py", line 562, in bind_with_trace
    return trace.process_primitive(self, args, params)
           ^^^^^^^^^^^^^^^^^^^^^^^^^^^^^^^^^^^^^^^^^^^
  File "/shared/.cache/retain/jax-overlays/0.6.2/jax/_src/core.py", line 1066, in process_primitive
    return primitive.impl(*args, **params)
           ^^^^^^^^^^^^^^^^^^^^^^^^^^^^^^^
  File "/shared/.cache/retain/jax-overlays/0.6.2/jax/_src/dispatch.py", line 91, in apply_primitive
    outs = fun(*args)
           ^^^^^^^^^^
jaxlib._jax.XlaRuntimeError: FAILED_PRECONDITION: DNN library initialization failed. Look at the errors above for more details.
--------------------
For simplicity, JAX has removed its internal frames from the traceback of the following exception. Set JAX_TRACEBACK_FILTERING=off to include these.
2026-08-19 22:47:08.089093: E external/local_xla/xla/stream_executor/cuda/cuda_fft.cc:477] Unable to register cuFFT factory: Attempting to register factory for plugin cuFFT when one has already been registered
WARNING: All log messages before absl::InitializeLog() is called are written to STDERR
E0000 00:00:1787179628.246374  253506 cuda_dnn.cc:8310] Unable to register cuDNN factory: Attempting to register factory for plugin cuDNN when one has already been registered
E0000 00:00:1787179628.288314  253506 cuda_blas.cc:1418] Unable to register cuBLAS factory: Attempting to register factory for plugin cuBLAS when one has already been registered
W0000 00:00:1787179631.466665  253506 gpu_device.cc:2433] TensorFlow was not built with CUDA kernel binaries compatible with compute capability 12.0. CUDA kernels will be jit-compiled from PTX, which could take 30 minutes or longer.
22:47:12.370 [I] Running on: lhy-1                                                                (253506:train.py:301)
INFO:2026-08-19 22:47:12,492:jax._src.xla_bridge:752: Unable to initialize backend 'tpu': INTERNAL: Failed to open libtpu.so: libtpu.so: cannot open shared object file: No such file or directory
22:47:12.492 [I] Unable to initialize backend 'tpu': INTERNAL: Failed to open libtpu.so: libtpu.so: cannot open shared object file: No such file or directory (253506:xla_bridge.py:752)
22:47:15.087 [I] Created BasePyTreeCheckpointHandler: pytree_metadata_options=PyTreeMetadataOptions(support_rich_types=False), array_metadata_store=None (253506:base_pytree_checkpoint_handler.py:332)
22:47:15.087 [I] Created BasePyTreeCheckpointHandler: pytree_metadata_options=PyTreeMetadataOptions(support_rich_types=False), array_metadata_store=None (253506:base_pytree_checkpoint_handler.py:332)
22:47:15.087 [I] [thread=MainThread] Failed to get flag value for EXPERIMENTAL_ORBAX_USE_DISTRIBUTED_PROCESS_ID. (253506:multihost.py:375)
22:47:15.088 [I] [process=0][thread=MainThread] CheckpointManager init: checkpointers=None, item_names=None, item_handlers={'assets': <openpi.training.checkpoints.CallbackHandler object at 0x7df1059f3ed0>, 'train_state': <orbax.checkpoint._src.handlers.pytree_checkpoint_handler.PyTreeCheckpointHandler object at 0x7df107ac4290>, 'params': <orbax.checkpoint._src.handlers.pytree_checkpoint_handler.PyTreeCheckpointHandler object at 0x7df1059e5190>}, handler_registry=None (253506:checkpoint_manager.py:622)
22:47:15.088 [I] Deferred registration for item: "assets". Adding handler `<openpi.training.checkpoints.CallbackHandler object at 0x7df1059f3ed0>` for item "assets" and save args `<class 'openpi.training.checkpoints.CallbackSave'>` and restore args `<class 'openpi.training.checkpoints.CallbackRestore'>` to `_handler_registry`. (253506:composite_checkpoint_handler.py:239)
22:47:15.088 [I] Deferred registration for item: "train_state". Adding handler `<orbax.checkpoint._src.handlers.pytree_checkpoint_handler.PyTreeCheckpointHandler object at 0x7df107ac4290>` for item "train_state" and save args `<class 'orbax.checkpoint._src.handlers.pytree_checkpoint_handler.PyTreeSaveArgs'>` and restore args `<class 'orbax.checkpoint._src.handlers.pytree_checkpoint_handler.PyTreeRestoreArgs'>` to `_handler_registry`. (253506:composite_checkpoint_handler.py:239)
22:47:15.088 [I] Deferred registration for item: "params". Adding handler `<orbax.checkpoint._src.handlers.pytree_checkpoint_handler.PyTreeCheckpointHandler object at 0x7df1059e5190>` for item "params" and save args `<class 'orbax.checkpoint._src.handlers.pytree_checkpoint_handler.PyTreeSaveArgs'>` and restore args `<class 'orbax.checkpoint._src.handlers.pytree_checkpoint_handler.PyTreeRestoreArgs'>` to `_handler_registry`. (253506:composite_checkpoint_handler.py:239)
22:47:15.088 [I] Deferred registration for item: "metrics". Adding handler `<orbax.checkpoint._src.handlers.json_checkpoint_handler.JsonCheckpointHandler object at 0x7df1054dc650>` for item "metrics" and save args `<class 'orbax.checkpoint._src.handlers.json_checkpoint_handler.JsonSaveArgs'>` and restore args `<class 'orbax.checkpoint._src.handlers.json_checkpoint_handler.JsonRestoreArgs'>` to `_handler_registry`. (253506:composite_checkpoint_handler.py:239)
22:47:15.088 [I] Initialized registry DefaultCheckpointHandlerRegistry({('assets', <class 'openpi.training.checkpoints.CallbackSave'>): <openpi.training.checkpoints.CallbackHandler object at 0x7df1059f3ed0>, ('assets', <class 'openpi.training.checkpoints.CallbackRestore'>): <openpi.training.checkpoints.CallbackHandler object at 0x7df1059f3ed0>, ('train_state', <class 'orbax.checkpoint._src.handlers.pytree_checkpoint_handler.PyTreeSaveArgs'>): <orbax.checkpoint._src.handlers.pytree_checkpoint_handler.PyTreeCheckpointHandler object at 0x7df107ac4290>, ('train_state', <class 'orbax.checkpoint._src.handlers.pytree_checkpoint_handler.PyTreeRestoreArgs'>): <orbax.checkpoint._src.handlers.pytree_checkpoint_handler.PyTreeCheckpointHandler object at 0x7df107ac4290>, ('params', <class 'orbax.checkpoint._src.handlers.pytree_checkpoint_handler.PyTreeSaveArgs'>): <orbax.checkpoint._src.handlers.pytree_checkpoint_handler.PyTreeCheckpointHandler object at 0x7df1059e5190>, ('params', <class 'orbax.checkpoint._src.handlers.pytree_checkpoint_handler.PyTreeRestoreArgs'>): <orbax.checkpoint._src.handlers.pytree_checkpoint_handler.PyTreeCheckpointHandler object at 0x7df1059e5190>, ('metrics', <class 'orbax.checkpoint._src.handlers.json_checkpoint_handler.JsonSaveArgs'>): <orbax.checkpoint._src.handlers.json_checkpoint_handler.JsonCheckpointHandler object at 0x7df1054dc650>, ('metrics', <class 'orbax.checkpoint._src.handlers.json_checkpoint_handler.JsonRestoreArgs'>): <orbax.checkpoint._src.handlers.json_checkpoint_handler.JsonCheckpointHandler object at 0x7df1054dc650>}). (253506:composite_checkpoint_handler.py:508)
22:47:15.088 [I] orbax-checkpoint version: 0.11.1                                                 (253506:abstract_checkpointer.py:35)
22:47:15.088 [I] [process=0][thread=MainThread] Using barrier_sync_fn: <function get_barrier_sync_fn.<locals>.<lambda> at 0x7df1050627a0> timeout: 7200 secs and primary_host=0 for async checkpoint writes (253506:async_checkpointer.py:80)
22:47:15.090 [I] Found 0 checkpoint steps in /shared/.cache/retain/checkpoints/retain_repro_pretrain/paper_final_hparams (253506:checkpoint_manager.py:1528)
22:47:15.090 [I] Saving root metadata                                                             (253506:checkpoint_manager.py:1569)
22:47:15.090 [I] [process=0][thread=MainThread] Skipping global process sync, barrier name: CheckpointManager:save_metadata (253506:multihost.py:293)
22:47:15.090 [I] [process=0][thread=MainThread] CheckpointManager created,  primary_host=0, CheckpointManagerOptions=CheckpointManagerOptions(save_interval_steps=1, max_to_keep=1, keep_time_interval=None, keep_period=None, should_keep_fn=None, best_fn=None, best_mode='max', keep_checkpoints_without_metrics=True, step_prefix=None, step_format_fixed_length=None, step_name_format=None, create=False, cleanup_tmp_directories=False, save_on_steps=frozenset(), single_host_load_and_broadcast=False, todelete_subdir=None, enable_background_delete=False, read_only=False, enable_async_checkpointing=True, async_options=AsyncOptions(timeout_secs=7200, barrier_sync_fn=None, post_finalization_callback=None, create_directories_asynchronously=False), multiprocessing_options=MultiprocessingOptions(primary_host=0, active_processes=None, barrier_sync_key_prefix=None), should_save_fn=None, file_options=FileOptions(path_permission_mode=None), save_root_metadata=True, temporary_path_class=None, save_decision_policy=None), root_directory=/shared/.cache/retain/checkpoints/retain_repro_pretrain/paper_final_hparams: <orbax.checkpoint.checkpoint_manager.CheckpointManager object at 0x7df1054b6bd0> (253506:checkpoint_manager.py:797)
22:47:15.090 [I] Checkpoint directory exists, but does not contain any checkpoints. Aborting resume. (253506:checkpoints.py:55)
22:47:15.192 [I] Loaded norm stats from assets/pi0_libero_pretrain                                (253506:config.py:197)
22:47:15.262 [I] Loaded norm stats from assets/pi0_libero_pretrain                                (253506:config.py:197)
22:47:15.328 [I] Loaded norm stats from assets/pi0_libero_pretrain                                (253506:config.py:197)
22:47:15.396 [I] Loaded norm stats from assets/pi0_libero_pretrain                                (253506:config.py:197)
22:47:15.463 [I] Loaded norm stats from assets/pi0_libero_pretrain                                (253506:config.py:197)
22:47:15.643 [I] Load dataset info from /shared/.cache/retain/libero/datasets/libero_goal_reduced/1.0.0 (253506:dataset_info.py:707)
22:47:15.650 [I] Creating a tf.data.Dataset reading 16 files located in folders: /shared/.cache/retain/libero/datasets/libero_goal_reduced/1.0.0. (253506:reader.py:262)
22:47:15.724 [I] Constructing tf.data.Dataset libero_goal_reduced for split all, from /shared/.cache/retain/libero/datasets/libero_goal_reduced/1.0.0 (253506:logging_logger.py:49)
22:47:15.972 [I] Creating a tf.data.Dataset reading 16 files located in folders: /shared/.cache/retain/libero/datasets/libero_goal_reduced/1.0.0. (253506:reader.py:262)
22:47:16.001 [I] Constructing tf.data.Dataset libero_goal_reduced for split train, from /shared/.cache/retain/libero/datasets/libero_goal_reduced/1.0.0 (253506:logging_logger.py:49)
22:47:16.065 [I] Load dataset info from /shared/.cache/retain/libero/datasets/libero_object_reduced/1.0.0 (253506:dataset_info.py:707)
22:47:16.072 [I] Creating a tf.data.Dataset reading 32 files located in folders: /shared/.cache/retain/libero/datasets/libero_object_reduced/1.0.0. (253506:reader.py:262)
22:47:16.097 [I] Constructing tf.data.Dataset libero_object_reduced for split all, from /shared/.cache/retain/libero/datasets/libero_object_reduced/1.0.0 (253506:logging_logger.py:49)
22:47:16.159 [I] Creating a tf.data.Dataset reading 32 files located in folders: /shared/.cache/retain/libero/datasets/libero_object_reduced/1.0.0. (253506:reader.py:262)
22:47:16.184 [I] Constructing tf.data.Dataset libero_object_reduced for split train, from /shared/.cache/retain/libero/datasets/libero_object_reduced/1.0.0 (253506:logging_logger.py:49)
22:47:16.249 [I] Load dataset info from /shared/.cache/retain/libero/datasets/libero_spatial_reduced/1.0.0 (253506:dataset_info.py:707)
22:47:16.255 [I] Creating a tf.data.Dataset reading 16 files located in folders: /shared/.cache/retain/libero/datasets/libero_spatial_reduced/1.0.0. (253506:reader.py:262)
22:47:16.280 [I] Constructing tf.data.Dataset libero_spatial_reduced for split all, from /shared/.cache/retain/libero/datasets/libero_spatial_reduced/1.0.0 (253506:logging_logger.py:49)
22:47:16.338 [I] Creating a tf.data.Dataset reading 16 files located in folders: /shared/.cache/retain/libero/datasets/libero_spatial_reduced/1.0.0. (253506:reader.py:262)
22:47:16.363 [I] Constructing tf.data.Dataset libero_spatial_reduced for split train, from /shared/.cache/retain/libero/datasets/libero_spatial_reduced/1.0.0 (253506:logging_logger.py:49)
22:47:16.425 [I] Load dataset info from /shared/.cache/retain/libero/datasets/libero_90_flipped/1.0.0 (253506:dataset_info.py:707)
22:47:16.437 [I] Creating a tf.data.Dataset reading 256 files located in folders: /shared/.cache/retain/libero/datasets/libero_90_flipped/1.0.0. (253506:reader.py:262)
22:47:16.467 [I] Constructing tf.data.Dataset libero_90_flipped for split all, from /shared/.cache/retain/libero/datasets/libero_90_flipped/1.0.0 (253506:logging_logger.py:49)
22:47:16.548 [I] Creating a tf.data.Dataset reading 256 files located in folders: /shared/.cache/retain/libero/datasets/libero_90_flipped/1.0.0. (253506:reader.py:262)
22:47:16.579 [I] Constructing tf.data.Dataset libero_90_flipped for split train, from /shared/.cache/retain/libero/datasets/libero_90_flipped/1.0.0 (253506:logging_logger.py:49)
22:47:16.657 [I] Load dataset info from /shared/.cache/retain/libero/datasets/libero_goal_reduced/1.0.0 (253506:dataset_info.py:707)
22:47:16.662 [I] Creating a tf.data.Dataset reading 16 files located in folders: /shared/.cache/retain/libero/datasets/libero_goal_reduced/1.0.0. (253506:reader.py:262)
22:47:16.689 [I] Constructing tf.data.Dataset libero_goal_reduced for split train, from /shared/.cache/retain/libero/datasets/libero_goal_reduced/1.0.0 (253506:logging_logger.py:49)
22:47:17.312 [W] future_action_window_size > 0 but no absolute_action_mask was provided. Assuming all actions are relative for the purpose of making neutral actions. (253506:function_wrappers.py:112)
22:47:18.496 [W] No resize_size was provided for image_wrist. This will result in 1x1 padding images, which may cause errors if you mix padding and non-padding images. (253506:api.py:460)
22:47:18.501 [W] No resize_size was provided for image_primary. This will result in 1x1 padding images, which may cause errors if you mix padding and non-padding images. (253506:api.py:460)
22:47:18.505 [W] No resize_size was provided for image_secondary. This will result in 1x1 padding images, which may cause errors if you mix padding and non-padding images. (253506:api.py:460)
22:47:18.522 [I] Load dataset info from /shared/.cache/retain/libero/datasets/libero_object_reduced/1.0.0 (253506:dataset_info.py:707)
22:47:18.528 [I] Creating a tf.data.Dataset reading 32 files located in folders: /shared/.cache/retain/libero/datasets/libero_object_reduced/1.0.0. (253506:reader.py:262)
22:47:18.554 [I] Constructing tf.data.Dataset libero_object_reduced for split train, from /shared/.cache/retain/libero/datasets/libero_object_reduced/1.0.0 (253506:logging_logger.py:49)
22:47:18.643 [W] future_action_window_size > 0 but no absolute_action_mask was provided. Assuming all actions are relative for the purpose of making neutral actions. (253506:function_wrappers.py:112)
22:47:18.682 [W] No resize_size was provided for image_wrist. This will result in 1x1 padding images, which may cause errors if you mix padding and non-padding images. (253506:api.py:460)
22:47:18.686 [W] No resize_size was provided for image_primary. This will result in 1x1 padding images, which may cause errors if you mix padding and non-padding images. (253506:api.py:460)
22:47:18.690 [W] No resize_size was provided for image_secondary. This will result in 1x1 padding images, which may cause errors if you mix padding and non-padding images. (253506:api.py:460)
22:47:18.707 [I] Load dataset info from /shared/.cache/retain/libero/datasets/libero_spatial_reduced/1.0.0 (253506:dataset_info.py:707)
22:47:18.712 [I] Creating a tf.data.Dataset reading 16 files located in folders: /shared/.cache/retain/libero/datasets/libero_spatial_reduced/1.0.0. (253506:reader.py:262)
22:47:18.738 [I] Constructing tf.data.Dataset libero_spatial_reduced for split train, from /shared/.cache/retain/libero/datasets/libero_spatial_reduced/1.0.0 (253506:logging_logger.py:49)
22:47:18.832 [W] future_action_window_size > 0 but no absolute_action_mask was provided. Assuming all actions are relative for the purpose of making neutral actions. (253506:function_wrappers.py:112)
22:47:18.870 [W] No resize_size was provided for image_wrist. This will result in 1x1 padding images, which may cause errors if you mix padding and non-padding images. (253506:api.py:460)
22:47:18.875 [W] No resize_size was provided for image_primary. This will result in 1x1 padding images, which may cause errors if you mix padding and non-padding images. (253506:api.py:460)
22:47:18.879 [W] No resize_size was provided for image_secondary. This will result in 1x1 padding images, which may cause errors if you mix padding and non-padding images. (253506:api.py:460)
22:47:18.903 [I] Load dataset info from /shared/.cache/retain/libero/datasets/libero_90_flipped/1.0.0 (253506:dataset_info.py:707)
22:47:18.918 [I] Creating a tf.data.Dataset reading 256 files located in folders: /shared/.cache/retain/libero/datasets/libero_90_flipped/1.0.0. (253506:reader.py:262)
22:47:18.961 [I] Constructing tf.data.Dataset libero_90_flipped for split train, from /shared/.cache/retain/libero/datasets/libero_90_flipped/1.0.0 (253506:logging_logger.py:49)
22:47:19.078 [W] future_action_window_size > 0 but no absolute_action_mask was provided. Assuming all actions are relative for the purpose of making neutral actions. (253506:function_wrappers.py:112)
22:47:19.112 [W] No resize_size was provided for image_wrist. This will result in 1x1 padding images, which may cause errors if you mix padding and non-padding images. (253506:api.py:460)
22:47:19.116 [W] No resize_size was provided for image_primary. This will result in 1x1 padding images, which may cause errors if you mix padding and non-padding images. (253506:api.py:460)
22:47:19.120 [W] No resize_size was provided for image_secondary. This will result in 1x1 padding images, which may cause errors if you mix padding and non-padding images. (253506:api.py:460)
22:47:26.471 [I] Initialized data loader:
[0].images['base_0_rgb']: (64, 224, 224, 3)@float32
[0].images['left_wrist_0_rgb']: (64, 224, 224, 3)@float32
[0].images['right_wrist_0_rgb']: (64, 224, 224, 3)@float32
[0].image_masks['base_0_rgb']: (64,)@bool
[0].image_masks['left_wrist_0_rgb']: (64,)@bool
[0].image_masks['right_wrist_0_rgb']: (64,)@bool
[0].state: (64, 32)@float32
[0].tokenized_prompt: (64, 48)@int32
[0].tokenized_prompt_mask: (64, 48)@bool
[1]: (64, 50, 32)@float32 (253506:train.py:341)
wandb: WARNING Data passed to `wandb.Image` should consist of values in the range [0, 255], image data will be normalized to this range, but behavior will be removed in a future version of wandb.
22:47:26.726 [I] LR Schedule Config: CosineDecaySchedule(warmup_steps=1000, peak_lr=2.5e-05, decay_steps=30000, decay_lr=2.5e-06) (253506:train.py:90)
22:47:26.726 [I] Optimizer Config: AdamW(b1=0.9, b2=0.95, eps=1e-08, weight_decay=1e-10, clip_gradient_norm=1.0) (253506:train.py:91)
22:47:39.989 [I] Loading weights into partial_params                                              (253506:train.py:127)
22:47:39.991 [I] Created BasePyTreeCheckpointHandler: pytree_metadata_options=PyTreeMetadataOptions(support_rich_types=False), array_metadata_store=None (253506:base_pytree_checkpoint_handler.py:332)
22:47:40.031 [I] Restoring checkpoint from /shared/.cache/retain/openpi/openpi-assets/checkpoints/pi0_base/params. (253506:checkpointer.py:256)
22:48:06.730 [I] [process=0] /jax/checkpoint/read/bytes_per_sec: 462.7 MiB/s (total bytes: 12.1 GiB) (time elapsed: 26 seconds) (per-host) (253506:base_pytree_checkpoint_handler.py:113)
22:48:06.731 [I] Finished restoring checkpoint from /shared/.cache/retain/openpi/openpi-assets/checkpoints/pi0_base/params. (253506:checkpointer.py:259)
22:48:06.731 [I] [process=0][thread=MainThread] Skipping global process sync, barrier name: Checkpointer:restore (253506:multihost.py:293)
22:48:31.781 [I] Finished loading weights                                                         (253506:train.py:130)
2026-08-19 22:48:31.860286: W external/xla/xla/hlo/transforms/simplifiers/hlo_rematerialization.cc:3023] Can't reduce memory use below 25.17GiB (27024686030 bytes) by rematerialization; only reduced to 48.25GiB (51808779708 bytes), down from 48.25GiB (51808779708 bytes) originally
22:48:34.523 [I] Initialized train state:
['PaliGemma']['img']['Transformer']['encoder_norm']['bias'].value: (1152,)@float32
['PaliGemma']['img']['Transformer']['encoder_norm']['scale'].value: (1152,)@float32
['PaliGemma']['img']['Transformer']['encoderblock']['LayerNorm_0']['bias'].value: (27, 1152)@float32
['PaliGemma']['img']['Transformer']['encoderblock']['LayerNorm_0']['scale'].value: (27, 1152)@float32
['PaliGemma']['img']['Transformer']['encoderblock']['LayerNorm_1']['bias'].value: (27, 1152)@float32
['PaliGemma']['img']['Transformer']['encoderblock']['LayerNorm_1']['scale'].value: (27, 1152)@float32
['PaliGemma']['img']['Transformer']['encoderblock']['MlpBlock_0']['Dense_0']['bias'].value: (27, 4304)@float32
['PaliGemma']['img']['Transformer']['encoderblock']['MlpBlock_0']['Dense_0']['kernel'].value: (27, 1152, 4304)@float32
['PaliGemma']['img']['Transformer']['encoderblock']['MlpBlock_0']['Dense_1']['bias'].value: (27, 1152)@float32
['PaliGemma']['img']['Transformer']['encoderblock']['MlpBlock_0']['Dense_1']['kernel'].value: (27, 4304, 1152)@float32
['PaliGemma']['img']['Transformer']['encoderblock']['MultiHeadDotProductAttention_0']['key']['bias'].value: (27, 16, 72)@float32
['PaliGemma']['img']['Transformer']['encoderblock']['MultiHeadDotProductAttention_0']['key']['kernel'].value: (27, 1152, 16, 72)@float32
['PaliGemma']['img']['Transformer']['encoderblock']['MultiHeadDotProductAttention_0']['out']['bias'].value: (27, 1152)@float32
['PaliGemma']['img']['Transformer']['encoderblock']['MultiHeadDotProductAttention_0']['out']['kernel'].value: (27, 16, 72, 1152)@float32
['PaliGemma']['img']['Transformer']['encoderblock']['MultiHeadDotProductAttention_0']['query']['bias'].value: (27, 16, 72)@float32
['PaliGemma']['img']['Transformer']['encoderblock']['MultiHeadDotProductAttention_0']['query']['kernel'].value: (27, 1152, 16, 72)@float32
['PaliGemma']['img']['Transformer']['encoderblock']['MultiHeadDotProductAttention_0']['value']['bias'].value: (27, 16, 72)@float32
['PaliGemma']['img']['Transformer']['encoderblock']['MultiHeadDotProductAttention_0']['value']['kernel'].value: (27, 1152, 16, 72)@float32
['PaliGemma']['img']['embedding']['bias'].value: (1152,)@float32
['PaliGemma']['img']['embedding']['kernel'].value: (14, 14, 3, 1152)@float32
['PaliGemma']['img']['head']['bias'].value: (2048,)@float32
['PaliGemma']['img']['head']['kernel'].value: (1152, 2048)@float32
['PaliGemma']['img']['pos_embedding'].value: (1, 256, 1152)@float32
['PaliGemma']['llm']['embedder']['input_embedding'].value: (257152, 2048)@float32
['PaliGemma']['llm']['final_norm']['scale'].value: (2048,)@float32
['PaliGemma']['llm']['final_norm_1']['scale'].value: (1024,)@float32
['PaliGemma']['llm']['layers']['attn']['attn_vec_einsum']['w'].value: (18, 8, 256, 2048)@float32
['PaliGemma']['llm']['layers']['attn']['attn_vec_einsum_1']['w'].value: (18, 8, 256, 1024)@float32
['PaliGemma']['llm']['layers']['attn']['kv_einsum']['w'].value: (18, 2, 1, 2048, 256)@float32
['PaliGemma']['llm']['layers']['attn']['kv_einsum_1']['w'].value: (18, 2, 1, 1024, 256)@float32
['PaliGemma']['llm']['layers']['attn']['q_einsum']['w'].value: (18, 8, 2048, 256)@float32
['PaliGemma']['llm']['layers']['attn']['q_einsum_1']['w'].value: (18, 8, 1024, 256)@float32
['PaliGemma']['llm']['layers']['mlp']['gating_einsum'].value: (18, 2, 2048, 16384)@float32
['PaliGemma']['llm']['layers']['mlp']['linear'].value: (18, 16384, 2048)@float32
['PaliGemma']['llm']['layers']['mlp_1']['gating_einsum'].value: (18, 2, 1024, 4096)@float32
['PaliGemma']['llm']['layers']['mlp_1']['linear'].value: (18, 4096, 1024)@float32
['PaliGemma']['llm']['layers']['pre_attention_norm']['scale'].value: (18, 2048)@float32
['PaliGemma']['llm']['layers']['pre_attention_norm_1']['scale'].value: (18, 1024)@float32
['PaliGemma']['llm']['layers']['pre_ffw_norm']['scale'].value: (18, 2048)@float32
['PaliGemma']['llm']['layers']['pre_ffw_norm_1']['scale'].value: (18, 1024)@float32
['action_in_proj']['bias'].value: (1024,)@float32
['action_in_proj']['kernel'].value: (32, 1024)@float32
['action_out_proj']['bias'].value: (32,)@float32
['action_out_proj']['kernel'].value: (1024, 32)@float32
['action_time_mlp_in']['bias'].value: (1024,)@float32
['action_time_mlp_in']['kernel'].value: (2048, 1024)@float32
['action_time_mlp_out']['bias'].value: (1024,)@float32
['action_time_mlp_out']['kernel'].value: (1024, 1024)@float32
['state_proj']['bias'].value: (1024,)@float32
['state_proj']['kernel'].value: (32, 1024)@float32 (253506:train.py:355)
22:48:34.523 [I] Trainable params:
['PaliGemma']['img']['Transformer']['encoder_norm']['bias'].value: (1152,)@float32
['PaliGemma']['img']['Transformer']['encoder_norm']['scale'].value: (1152,)@float32
['PaliGemma']['img']['Transformer']['encoderblock']['LayerNorm_0']['bias'].value: (27, 1152)@float32
['PaliGemma']['img']['Transformer']['encoderblock']['LayerNorm_0']['scale'].value: (27, 1152)@float32
['PaliGemma']['img']['Transformer']['encoderblock']['LayerNorm_1']['bias'].value: (27, 1152)@float32
['PaliGemma']['img']['Transformer']['encoderblock']['LayerNorm_1']['scale'].value: (27, 1152)@float32
['PaliGemma']['img']['Transformer']['encoderblock']['MlpBlock_0']['Dense_0']['bias'].value: (27, 4304)@float32
['PaliGemma']['img']['Transformer']['encoderblock']['MlpBlock_0']['Dense_0']['kernel'].value: (27, 1152, 4304)@float32
['PaliGemma']['img']['Transformer']['encoderblock']['MlpBlock_0']['Dense_1']['bias'].value: (27, 1152)@float32
['PaliGemma']['img']['Transformer']['encoderblock']['MlpBlock_0']['Dense_1']['kernel'].value: (27, 4304, 1152)@float32
['PaliGemma']['img']['Transformer']['encoderblock']['MultiHeadDotProductAttention_0']['key']['bias'].value: (27, 16, 72)@float32
['PaliGemma']['img']['Transformer']['encoderblock']['MultiHeadDotProductAttention_0']['key']['kernel'].value: (27, 1152, 16, 72)@float32
['PaliGemma']['img']['Transformer']['encoderblock']['MultiHeadDotProductAttention_0']['out']['bias'].value: (27, 1152)@float32
['PaliGemma']['img']['Transformer']['encoderblock']['MultiHeadDotProductAttention_0']['out']['kernel'].value: (27, 16, 72, 1152)@float32
['PaliGemma']['img']['Transformer']['encoderblock']['MultiHeadDotProductAttention_0']['query']['bias'].value: (27, 16, 72)@float32
['PaliGemma']['img']['Transformer']['encoderblock']['MultiHeadDotProductAttention_0']['query']['kernel'].value: (27, 1152, 16, 72)@float32
['PaliGemma']['img']['Transformer']['encoderblock']['MultiHeadDotProductAttention_0']['value']['bias'].value: (27, 16, 72)@float32
['PaliGemma']['img']['Transformer']['encoderblock']['MultiHeadDotProductAttention_0']['value']['kernel'].value: (27, 1152, 16, 72)@float32
['PaliGemma']['img']['embedding']['bias'].value: (1152,)@float32
['PaliGemma']['img']['embedding']['kernel'].value: (14, 14, 3, 1152)@float32
['PaliGemma']['img']['head']['bias'].value: (2048,)@float32
['PaliGemma']['img']['head']['kernel'].value: (1152, 2048)@float32
['PaliGemma']['img']['pos_embedding'].value: (1, 256, 1152)@float32
['PaliGemma']['llm']['embedder']['input_embedding'].value: (257152, 2048)@float32
['PaliGemma']['llm']['final_norm']['scale'].value: (2048,)@float32
['PaliGemma']['llm']['final_norm_1']['scale'].value: (1024,)@float32
['PaliGemma']['llm']['layers']['attn']['attn_vec_einsum']['w'].value: (18, 8, 256, 2048)@float32
['PaliGemma']['llm']['layers']['attn']['attn_vec_einsum_1']['w'].value: (18, 8, 256, 1024)@float32
['PaliGemma']['llm']['layers']['attn']['kv_einsum']['w'].value: (18, 2, 1, 2048, 256)@float32
['PaliGemma']['llm']['layers']['attn']['kv_einsum_1']['w'].value: (18, 2, 1, 1024, 256)@float32
['PaliGemma']['llm']['layers']['attn']['q_einsum']['w'].value: (18, 8, 2048, 256)@float32
['PaliGemma']['llm']['layers']['attn']['q_einsum_1']['w'].value: (18, 8, 1024, 256)@float32
['PaliGemma']['llm']['layers']['mlp']['gating_einsum'].value: (18, 2, 2048, 16384)@float32
['PaliGemma']['llm']['layers']['mlp']['linear'].value: (18, 16384, 2048)@float32
['PaliGemma']['llm']['layers']['mlp_1']['gating_einsum'].value: (18, 2, 1024, 4096)@float32
['PaliGemma']['llm']['layers']['mlp_1']['linear'].value: (18, 4096, 1024)@float32
['PaliGemma']['llm']['layers']['pre_attention_norm']['scale'].value: (18, 2048)@float32
['PaliGemma']['llm']['layers']['pre_attention_norm_1']['scale'].value: (18, 1024)@float32
['PaliGemma']['llm']['layers']['pre_ffw_norm']['scale'].value: (18, 2048)@float32
['PaliGemma']['llm']['layers']['pre_ffw_norm_1']['scale'].value: (18, 1024)@float32
['action_in_proj']['bias'].value: (1024,)@float32
['action_in_proj']['kernel'].value: (32, 1024)@float32
['action_out_proj']['bias'].value: (32,)@float32
['action_out_proj']['kernel'].value: (1024, 32)@float32
['action_time_mlp_in']['bias'].value: (1024,)@float32
['action_time_mlp_in']['kernel'].value: (2048, 1024)@float32
['action_time_mlp_out']['bias'].value: (1024,)@float32
['action_time_mlp_out']['kernel'].value: (1024, 1024)@float32
['state_proj']['bias'].value: (1024,)@float32
['state_proj']['kernel'].value: (32, 1024)@float32 (253506:train.py:356)
THIS DATASET HAS NUM_TRAJECTORIES 349  AND NUM_TRANSITIONS 39799
THIS DATASET HAS NUM_TRAJECTORIES 365  AND NUM_TRANSITIONS 53739
THIS DATASET HAS NUM_TRAJECTORIES 343  AND NUM_TRANSITIONS 42391
THIS DATASET HAS NUM_TRAJECTORIES 3917  AND NUM_TRANSITIONS 567494

######################################################################################
# Loading the following 4 datasets (incl. sampling weight):                         #
# libero_goal_reduced: =====================================================0.070376 #
# libero_object_reduced: ===================================================0.090581 #
# libero_spatial_reduced: ==================================================0.071630 #
# libero_90_flipped: =======================================================0.767413 #
######################################################################################

norm_stats are  {'state': NormStats(mean=array([-0.07459474,  0.01886539,  0.89401907,  3.00154734, -0.11657909,
       -0.09116436,  0.02634243, -0.02669393,  0.        ,  0.        ,
        0.        ,  0.        ,  0.        ,  0.        ,  0.        ,
        0.        ,  0.        ,  0.        ,  0.        ,  0.        ,
        0.        ,  0.        ,  0.        ,  0.        ,  0.        ,
        0.        ,  0.        ,  0.        ,  0.        ,  0.        ,
        0.        ,  0.        ]), std=array([0.11267885, 0.14551789, 0.30485129, 0.38380396, 0.88596892,
       0.30852371, 0.0146244 , 0.01449694, 0.        , 0.        ,
       0.        , 0.        , 0.        , 0.        , 0.        ,
       0.        , 0.        , 0.        , 0.        , 0.        ,
       0.        , 0.        , 0.        , 0.        , 0.        ,
       0.        , 0.        , 0.        , 0.        , 0.        ,
       0.        , 0.        ]), q01=array([-4.04978513e-01, -2.75643894e-01,  1.03451522e-01,  1.45384380e+00,
       -2.69716187e+00, -1.19477866e+00,  1.64143040e-03, -4.00380769e-02,
        0.00000000e+00,  0.00000000e+00,  0.00000000e+00,  0.00000000e+00,
        0.00000000e+00,  0.00000000e+00,  0.00000000e+00,  0.00000000e+00,
        0.00000000e+00,  0.00000000e+00,  0.00000000e+00,  0.00000000e+00,
        0.00000000e+00,  0.00000000e+00,  0.00000000e+00,  0.00000000e+00,
        0.00000000e+00,  0.00000000e+00,  0.00000000e+00,  0.00000000e+00,
        0.00000000e+00,  0.00000000e+00,  0.00000000e+00,  0.00000000e+00]), q99=array([ 1.25709046e-01,  3.27069047e-01,  1.25547892e+00,  3.66470913e+00,
        2.30573786e+00,  5.80337930e-01,  4.02928781e-02, -1.70643236e-03,
        0.00000000e+00,  0.00000000e+00,  0.00000000e+00,  0.00000000e+00,
        0.00000000e+00,  0.00000000e+00,  0.00000000e+00,  0.00000000e+00,
        0.00000000e+00,  0.00000000e+00,  0.00000000e+00,  0.00000000e+00,
        0.00000000e+00,  0.00000000e+00,  0.00000000e+00,  0.00000000e+00,
        0.00000000e+00,  0.00000000e+00,  0.00000000e+00,  0.00000000e+00,
        0.00000000e+00,  0.00000000e+00,  0.00000000e+00,  0.00000000e+00])), 'actions': NormStats(mean=array([ 0.13082495,  0.03510264, -0.99502772, -2.99781322,  0.11946776,
        0.08388595, -0.0420391 ,  0.        ,  0.        ,  0.        ,
        0.        ,  0.        ,  0.        ,  0.        ,  0.        ,
        0.        ,  0.        ,  0.        ,  0.        ,  0.        ,
        0.        ,  0.        ,  0.        ,  0.        ,  0.        ,
        0.        ,  0.        ,  0.        ,  0.        ,  0.        ,
        0.        ,  0.        ]), std=array([0.34118709, 0.37048841, 0.53519309, 0.3816036 , 0.88830632,
       0.3197473 , 0.99911594, 0.        , 0.        , 0.        ,
       0.        , 0.        , 0.        , 0.        , 0.        ,
       0.        , 0.        , 0.        , 0.        , 0.        ,
       0.        , 0.        , 0.        , 0.        , 0.        ,
       0.        , 0.        , 0.        , 0.        , 0.        ,
       0.        , 0.        ]), q01=array([-0.62691881, -0.85612705, -1.98400122, -3.60055661, -2.32860803,
       -0.6173897 , -1.        ,  0.        ,  0.        ,  0.        ,
        0.        ,  0.        ,  0.        ,  0.        ,  0.        ,
        0.        ,  0.        ,  0.        ,  0.        ,  0.        ,
        0.        ,  0.        ,  0.        ,  0.        ,  0.        ,
        0.        ,  0.        ,  0.        ,  0.        ,  0.        ,
        0.        ,  0.        ]), q99=array([ 1.01273111,  0.8795515 ,  0.40937937, -1.45586381,  2.69826558,
        1.15884968,  0.9996    ,  0.        ,  0.        ,  0.        ,
        0.        ,  0.        ,  0.        ,  0.        ,  0.        ,
        0.        ,  0.        ,  0.        ,  0.        ,  0.        ,
        0.        ,  0.        ,  0.        ,  0.        ,  0.        ,
        0.        ,  0.        ,  0.        ,  0.        ,  0.        ,
        0.        ,  0.        ]))}
 🧟‍♂️🧟‍♂️🧟‍♂️🧟‍♂️ Dataloader Exhuasted/First Epoch: creating a new iterator over the dataloader. 🧟‍♂️🧟‍♂️🧟‍♂️🧟‍♂️
22:48:34.534 [I] Progress on: -/10000 rate:- remaining:? elapsed:00:00 postfix:-                  (253506:tqdm_logging.py:145)
2026-08-19 22:48:46.492937: W external/xla/xla/hlo/transforms/simplifiers/hlo_rematerialization.cc:3023] Can't reduce memory use below 25.07GiB (26914449071 bytes) by rematerialization; only reduced to 75.44GiB (81006559380 bytes), down from 77.10GiB (82786146384 bytes) originally
2026-08-19 22:49:10.524818: W external/xla/xla/tsl/framework/bfc_allocator.cc:501] Allocator (GPU_0_bfc) ran out of memory trying to allocate 27.79GiB (rounded to 29834447616)requested by op 
If the cause is memory fragmentation maybe the environment variable 'TF_GPU_ALLOCATOR=cuda_malloc_async' will improve the situation. 
Current allocation summary follows.
Current allocation summary follows.
2026-08-19 22:49:10.525256: W external/xla/xla/tsl/framework/bfc_allocator.cc:512] *_______________*****************************************************************___________________
E0819 22:49:10.525337  253506 pjrt_stream_executor_client.cc:2916] Execution of replica 0 failed: RESOURCE_EXHAUSTED: Out of memory while trying to allocate 29834447448 bytes. [tf-allocator-allocation-error='']
22:49:10.532 [I] Progress on: -/10000 rate:- remaining:? elapsed:00:35 postfix:-                  (253506:tqdm_logging.py:145)
Traceback (most recent call last):
  File "/root/RETAIN_code/scripts/train.py", line 399, in <module>
    main(_config.cli())
  File "/root/RETAIN_code/scripts/train.py", line 379, in main
    train_state, info = ptrain_step(train_rng, train_state, batch)
                        ^^^^^^^^^^^^^^^^^^^^^^^^^^^^^^^^^^^^^^^^^^
jaxlib._jax.XlaRuntimeError: RESOURCE_EXHAUSTED: Out of memory while trying to allocate 29834447448 bytes.
--------------------
For simplicity, JAX has removed its internal frames from the traceback of the following exception. Set JAX_TRACEBACK_FILTERING=off to include these.
2026-08-19 23:57:55.821828: E external/local_xla/xla/stream_executor/cuda/cuda_fft.cc:477] Unable to register cuFFT factory: Attempting to register factory for plugin cuFFT when one has already been registered
WARNING: All log messages before absl::InitializeLog() is called are written to STDERR
E0000 00:00:1787183875.837654  261590 cuda_dnn.cc:8310] Unable to register cuDNN factory: Attempting to register factory for plugin cuDNN when one has already been registered
E0000 00:00:1787183875.843081  261590 cuda_blas.cc:1418] Unable to register cuBLAS factory: Attempting to register factory for plugin cuBLAS when one has already been registered
W0000 00:00:1787183878.365490  261590 gpu_device.cc:2433] TensorFlow was not built with CUDA kernel binaries compatible with compute capability 12.0. CUDA kernels will be jit-compiled from PTX, which could take 30 minutes or longer.
23:57:59.278 [I] Running on: lhy-1                                                                (261590:train.py:301)
INFO:2026-08-19 23:57:59,395:jax._src.xla_bridge:752: Unable to initialize backend 'tpu': INTERNAL: Failed to open libtpu.so: libtpu.so: cannot open shared object file: No such file or directory
23:57:59.395 [I] Unable to initialize backend 'tpu': INTERNAL: Failed to open libtpu.so: libtpu.so: cannot open shared object file: No such file or directory (261590:xla_bridge.py:752)
23:58:01.960 [I] Created BasePyTreeCheckpointHandler: pytree_metadata_options=PyTreeMetadataOptions(support_rich_types=False), array_metadata_store=None (261590:base_pytree_checkpoint_handler.py:332)
23:58:01.960 [I] Created BasePyTreeCheckpointHandler: pytree_metadata_options=PyTreeMetadataOptions(support_rich_types=False), array_metadata_store=None (261590:base_pytree_checkpoint_handler.py:332)
23:58:01.961 [I] [thread=MainThread] Failed to get flag value for EXPERIMENTAL_ORBAX_USE_DISTRIBUTED_PROCESS_ID. (261590:multihost.py:375)
23:58:01.961 [I] [process=0][thread=MainThread] CheckpointManager init: checkpointers=None, item_names=None, item_handlers={'assets': <openpi.training.checkpoints.CallbackHandler object at 0x7d03644c1750>, 'train_state': <orbax.checkpoint._src.handlers.pytree_checkpoint_handler.PyTreeCheckpointHandler object at 0x7d036443f7d0>, 'params': <orbax.checkpoint._src.handlers.pytree_checkpoint_handler.PyTreeCheckpointHandler object at 0x7d036414abd0>}, handler_registry=None (261590:checkpoint_manager.py:622)
23:58:01.961 [I] Deferred registration for item: "assets". Adding handler `<openpi.training.checkpoints.CallbackHandler object at 0x7d03644c1750>` for item "assets" and save args `<class 'openpi.training.checkpoints.CallbackSave'>` and restore args `<class 'openpi.training.checkpoints.CallbackRestore'>` to `_handler_registry`. (261590:composite_checkpoint_handler.py:239)
23:58:01.961 [I] Deferred registration for item: "train_state". Adding handler `<orbax.checkpoint._src.handlers.pytree_checkpoint_handler.PyTreeCheckpointHandler object at 0x7d036443f7d0>` for item "train_state" and save args `<class 'orbax.checkpoint._src.handlers.pytree_checkpoint_handler.PyTreeSaveArgs'>` and restore args `<class 'orbax.checkpoint._src.handlers.pytree_checkpoint_handler.PyTreeRestoreArgs'>` to `_handler_registry`. (261590:composite_checkpoint_handler.py:239)
23:58:01.961 [I] Deferred registration for item: "params". Adding handler `<orbax.checkpoint._src.handlers.pytree_checkpoint_handler.PyTreeCheckpointHandler object at 0x7d036414abd0>` for item "params" and save args `<class 'orbax.checkpoint._src.handlers.pytree_checkpoint_handler.PyTreeSaveArgs'>` and restore args `<class 'orbax.checkpoint._src.handlers.pytree_checkpoint_handler.PyTreeRestoreArgs'>` to `_handler_registry`. (261590:composite_checkpoint_handler.py:239)
23:58:01.961 [I] Deferred registration for item: "metrics". Adding handler `<orbax.checkpoint._src.handlers.json_checkpoint_handler.JsonCheckpointHandler object at 0x7d03644de010>` for item "metrics" and save args `<class 'orbax.checkpoint._src.handlers.json_checkpoint_handler.JsonSaveArgs'>` and restore args `<class 'orbax.checkpoint._src.handlers.json_checkpoint_handler.JsonRestoreArgs'>` to `_handler_registry`. (261590:composite_checkpoint_handler.py:239)
23:58:01.961 [I] Initialized registry DefaultCheckpointHandlerRegistry({('assets', <class 'openpi.training.checkpoints.CallbackSave'>): <openpi.training.checkpoints.CallbackHandler object at 0x7d03644c1750>, ('assets', <class 'openpi.training.checkpoints.CallbackRestore'>): <openpi.training.checkpoints.CallbackHandler object at 0x7d03644c1750>, ('train_state', <class 'orbax.checkpoint._src.handlers.pytree_checkpoint_handler.PyTreeSaveArgs'>): <orbax.checkpoint._src.handlers.pytree_checkpoint_handler.PyTreeCheckpointHandler object at 0x7d036443f7d0>, ('train_state', <class 'orbax.checkpoint._src.handlers.pytree_checkpoint_handler.PyTreeRestoreArgs'>): <orbax.checkpoint._src.handlers.pytree_checkpoint_handler.PyTreeCheckpointHandler object at 0x7d036443f7d0>, ('params', <class 'orbax.checkpoint._src.handlers.pytree_checkpoint_handler.PyTreeSaveArgs'>): <orbax.checkpoint._src.handlers.pytree_checkpoint_handler.PyTreeCheckpointHandler object at 0x7d036414abd0>, ('params', <class 'orbax.checkpoint._src.handlers.pytree_checkpoint_handler.PyTreeRestoreArgs'>): <orbax.checkpoint._src.handlers.pytree_checkpoint_handler.PyTreeCheckpointHandler object at 0x7d036414abd0>, ('metrics', <class 'orbax.checkpoint._src.handlers.json_checkpoint_handler.JsonSaveArgs'>): <orbax.checkpoint._src.handlers.json_checkpoint_handler.JsonCheckpointHandler object at 0x7d03644de010>, ('metrics', <class 'orbax.checkpoint._src.handlers.json_checkpoint_handler.JsonRestoreArgs'>): <orbax.checkpoint._src.handlers.json_checkpoint_handler.JsonCheckpointHandler object at 0x7d03644de010>}). (261590:composite_checkpoint_handler.py:508)
23:58:01.962 [I] orbax-checkpoint version: 0.11.1                                                 (261590:abstract_checkpointer.py:35)
23:58:01.962 [I] [process=0][thread=MainThread] Using barrier_sync_fn: <function get_barrier_sync_fn.<locals>.<lambda> at 0x7d01463567a0> timeout: 7200 secs and primary_host=0 for async checkpoint writes (261590:async_checkpointer.py:80)
23:58:01.963 [I] Found 0 checkpoint steps in /shared/.cache/retain/checkpoints/retain_repro_pretrain/paper_final_hparams (261590:checkpoint_manager.py:1528)
23:58:01.963 [I] Saving root metadata                                                             (261590:checkpoint_manager.py:1569)
23:58:01.963 [I] [process=0][thread=MainThread] Skipping global process sync, barrier name: CheckpointManager:save_metadata (261590:multihost.py:293)
23:58:01.963 [I] [process=0][thread=MainThread] CheckpointManager created,  primary_host=0, CheckpointManagerOptions=CheckpointManagerOptions(save_interval_steps=1, max_to_keep=1, keep_time_interval=None, keep_period=None, should_keep_fn=None, best_fn=None, best_mode='max', keep_checkpoints_without_metrics=True, step_prefix=None, step_format_fixed_length=None, step_name_format=None, create=False, cleanup_tmp_directories=False, save_on_steps=frozenset(), single_host_load_and_broadcast=False, todelete_subdir=None, enable_background_delete=False, read_only=False, enable_async_checkpointing=True, async_options=AsyncOptions(timeout_secs=7200, barrier_sync_fn=None, post_finalization_callback=None, create_directories_asynchronously=False), multiprocessing_options=MultiprocessingOptions(primary_host=0, active_processes=None, barrier_sync_key_prefix=None), should_save_fn=None, file_options=FileOptions(path_permission_mode=None), save_root_metadata=True, temporary_path_class=None, save_decision_policy=None), root_directory=/shared/.cache/retain/checkpoints/retain_repro_pretrain/paper_final_hparams: <orbax.checkpoint.checkpoint_manager.CheckpointManager object at 0x7d03663b4590> (261590:checkpoint_manager.py:797)
23:58:01.963 [I] Checkpoint directory exists, but does not contain any checkpoints. Aborting resume. (261590:checkpoints.py:55)
23:58:02.057 [I] Loaded norm stats from assets/pi0_libero_pretrain                                (261590:config.py:197)
23:58:02.125 [I] Loaded norm stats from assets/pi0_libero_pretrain                                (261590:config.py:197)
23:58:02.192 [I] Loaded norm stats from assets/pi0_libero_pretrain                                (261590:config.py:197)
23:58:02.259 [I] Loaded norm stats from assets/pi0_libero_pretrain                                (261590:config.py:197)
23:58:02.324 [I] Loaded norm stats from assets/pi0_libero_pretrain                                (261590:config.py:197)
23:58:02.464 [I] Load dataset info from /shared/.cache/retain/libero/datasets/libero_goal_reduced/1.0.0 (261590:dataset_info.py:707)
23:58:02.474 [I] Creating a tf.data.Dataset reading 16 files located in folders: /shared/.cache/retain/libero/datasets/libero_goal_reduced/1.0.0. (261590:reader.py:262)
23:58:02.550 [I] Constructing tf.data.Dataset libero_goal_reduced for split all, from /shared/.cache/retain/libero/datasets/libero_goal_reduced/1.0.0 (261590:logging_logger.py:49)
23:58:02.799 [I] Creating a tf.data.Dataset reading 16 files located in folders: /shared/.cache/retain/libero/datasets/libero_goal_reduced/1.0.0. (261590:reader.py:262)
23:58:02.830 [I] Constructing tf.data.Dataset libero_goal_reduced for split train, from /shared/.cache/retain/libero/datasets/libero_goal_reduced/1.0.0 (261590:logging_logger.py:49)
23:58:02.902 [I] Load dataset info from /shared/.cache/retain/libero/datasets/libero_object_reduced/1.0.0 (261590:dataset_info.py:707)
23:58:02.909 [I] Creating a tf.data.Dataset reading 32 files located in folders: /shared/.cache/retain/libero/datasets/libero_object_reduced/1.0.0. (261590:reader.py:262)
23:58:02.939 [I] Constructing tf.data.Dataset libero_object_reduced for split all, from /shared/.cache/retain/libero/datasets/libero_object_reduced/1.0.0 (261590:logging_logger.py:49)
23:58:03.012 [I] Creating a tf.data.Dataset reading 32 files located in folders: /shared/.cache/retain/libero/datasets/libero_object_reduced/1.0.0. (261590:reader.py:262)
23:58:03.044 [I] Constructing tf.data.Dataset libero_object_reduced for split train, from /shared/.cache/retain/libero/datasets/libero_object_reduced/1.0.0 (261590:logging_logger.py:49)
23:58:03.124 [I] Load dataset info from /shared/.cache/retain/libero/datasets/libero_spatial_reduced/1.0.0 (261590:dataset_info.py:707)
23:58:03.131 [I] Creating a tf.data.Dataset reading 16 files located in folders: /shared/.cache/retain/libero/datasets/libero_spatial_reduced/1.0.0. (261590:reader.py:262)
23:58:03.163 [I] Constructing tf.data.Dataset libero_spatial_reduced for split all, from /shared/.cache/retain/libero/datasets/libero_spatial_reduced/1.0.0 (261590:logging_logger.py:49)
23:58:03.228 [I] Creating a tf.data.Dataset reading 16 files located in folders: /shared/.cache/retain/libero/datasets/libero_spatial_reduced/1.0.0. (261590:reader.py:262)
23:58:03.253 [I] Constructing tf.data.Dataset libero_spatial_reduced for split train, from /shared/.cache/retain/libero/datasets/libero_spatial_reduced/1.0.0 (261590:logging_logger.py:49)
23:58:03.314 [I] Load dataset info from /shared/.cache/retain/libero/datasets/libero_90_flipped/1.0.0 (261590:dataset_info.py:707)
23:58:03.330 [I] Creating a tf.data.Dataset reading 256 files located in folders: /shared/.cache/retain/libero/datasets/libero_90_flipped/1.0.0. (261590:reader.py:262)
23:58:03.361 [I] Constructing tf.data.Dataset libero_90_flipped for split all, from /shared/.cache/retain/libero/datasets/libero_90_flipped/1.0.0 (261590:logging_logger.py:49)
23:58:03.442 [I] Creating a tf.data.Dataset reading 256 files located in folders: /shared/.cache/retain/libero/datasets/libero_90_flipped/1.0.0. (261590:reader.py:262)
23:58:03.479 [I] Constructing tf.data.Dataset libero_90_flipped for split train, from /shared/.cache/retain/libero/datasets/libero_90_flipped/1.0.0 (261590:logging_logger.py:49)
23:58:03.559 [I] Load dataset info from /shared/.cache/retain/libero/datasets/libero_goal_reduced/1.0.0 (261590:dataset_info.py:707)
23:58:03.565 [I] Creating a tf.data.Dataset reading 16 files located in folders: /shared/.cache/retain/libero/datasets/libero_goal_reduced/1.0.0. (261590:reader.py:262)
23:58:03.592 [I] Constructing tf.data.Dataset libero_goal_reduced for split train, from /shared/.cache/retain/libero/datasets/libero_goal_reduced/1.0.0 (261590:logging_logger.py:49)
23:58:04.242 [W] future_action_window_size > 0 but no absolute_action_mask was provided. Assuming all actions are relative for the purpose of making neutral actions. (261590:function_wrappers.py:112)
23:58:05.427 [W] No resize_size was provided for image_primary. This will result in 1x1 padding images, which may cause errors if you mix padding and non-padding images. (261590:api.py:460)
23:58:05.432 [W] No resize_size was provided for image_secondary. This will result in 1x1 padding images, which may cause errors if you mix padding and non-padding images. (261590:api.py:460)
23:58:05.436 [W] No resize_size was provided for image_wrist. This will result in 1x1 padding images, which may cause errors if you mix padding and non-padding images. (261590:api.py:460)
23:58:05.452 [I] Load dataset info from /shared/.cache/retain/libero/datasets/libero_object_reduced/1.0.0 (261590:dataset_info.py:707)
23:58:05.459 [I] Creating a tf.data.Dataset reading 32 files located in folders: /shared/.cache/retain/libero/datasets/libero_object_reduced/1.0.0. (261590:reader.py:262)
23:58:05.485 [I] Constructing tf.data.Dataset libero_object_reduced for split train, from /shared/.cache/retain/libero/datasets/libero_object_reduced/1.0.0 (261590:logging_logger.py:49)
23:58:05.575 [W] future_action_window_size > 0 but no absolute_action_mask was provided. Assuming all actions are relative for the purpose of making neutral actions. (261590:function_wrappers.py:112)
23:58:05.608 [W] No resize_size was provided for image_primary. This will result in 1x1 padding images, which may cause errors if you mix padding and non-padding images. (261590:api.py:460)
23:58:05.612 [W] No resize_size was provided for image_secondary. This will result in 1x1 padding images, which may cause errors if you mix padding and non-padding images. (261590:api.py:460)
23:58:05.615 [W] No resize_size was provided for image_wrist. This will result in 1x1 padding images, which may cause errors if you mix padding and non-padding images. (261590:api.py:460)
23:58:05.632 [I] Load dataset info from /shared/.cache/retain/libero/datasets/libero_spatial_reduced/1.0.0 (261590:dataset_info.py:707)
23:58:05.638 [I] Creating a tf.data.Dataset reading 16 files located in folders: /shared/.cache/retain/libero/datasets/libero_spatial_reduced/1.0.0. (261590:reader.py:262)
23:58:05.663 [I] Constructing tf.data.Dataset libero_spatial_reduced for split train, from /shared/.cache/retain/libero/datasets/libero_spatial_reduced/1.0.0 (261590:logging_logger.py:49)
23:58:05.755 [W] future_action_window_size > 0 but no absolute_action_mask was provided. Assuming all actions are relative for the purpose of making neutral actions. (261590:function_wrappers.py:112)
23:58:05.787 [W] No resize_size was provided for image_primary. This will result in 1x1 padding images, which may cause errors if you mix padding and non-padding images. (261590:api.py:460)
23:58:05.791 [W] No resize_size was provided for image_secondary. This will result in 1x1 padding images, which may cause errors if you mix padding and non-padding images. (261590:api.py:460)
23:58:05.795 [W] No resize_size was provided for image_wrist. This will result in 1x1 padding images, which may cause errors if you mix padding and non-padding images. (261590:api.py:460)
23:58:05.811 [I] Load dataset info from /shared/.cache/retain/libero/datasets/libero_90_flipped/1.0.0 (261590:dataset_info.py:707)
23:58:05.827 [I] Creating a tf.data.Dataset reading 256 files located in folders: /shared/.cache/retain/libero/datasets/libero_90_flipped/1.0.0. (261590:reader.py:262)
23:58:05.859 [I] Constructing tf.data.Dataset libero_90_flipped for split train, from /shared/.cache/retain/libero/datasets/libero_90_flipped/1.0.0 (261590:logging_logger.py:49)
23:58:05.965 [W] future_action_window_size > 0 but no absolute_action_mask was provided. Assuming all actions are relative for the purpose of making neutral actions. (261590:function_wrappers.py:112)
23:58:05.998 [W] No resize_size was provided for image_primary. This will result in 1x1 padding images, which may cause errors if you mix padding and non-padding images. (261590:api.py:460)
23:58:06.002 [W] No resize_size was provided for image_secondary. This will result in 1x1 padding images, which may cause errors if you mix padding and non-padding images. (261590:api.py:460)
23:58:06.006 [W] No resize_size was provided for image_wrist. This will result in 1x1 padding images, which may cause errors if you mix padding and non-padding images. (261590:api.py:460)
23:58:12.509 [I] Initialized data loader:
[0].images['base_0_rgb']: (64, 224, 224, 3)@float32
[0].images['left_wrist_0_rgb']: (64, 224, 224, 3)@float32
[0].images['right_wrist_0_rgb']: (64, 224, 224, 3)@float32
[0].image_masks['base_0_rgb']: (64,)@bool
[0].image_masks['left_wrist_0_rgb']: (64,)@bool
[0].image_masks['right_wrist_0_rgb']: (64,)@bool
[0].state: (64, 32)@float32
[0].tokenized_prompt: (64, 48)@int32
[0].tokenized_prompt_mask: (64, 48)@bool
[1]: (64, 50, 32)@float32 (261590:train.py:341)
wandb: WARNING Data passed to `wandb.Image` should consist of values in the range [0, 255], image data will be normalized to this range, but behavior will be removed in a future version of wandb.
23:58:12.787 [I] LR Schedule Config: CosineDecaySchedule(warmup_steps=1000, peak_lr=2.5e-05, decay_steps=30000, decay_lr=2.5e-06) (261590:train.py:90)
23:58:12.787 [I] Optimizer Config: AdamW(b1=0.9, b2=0.95, eps=1e-08, weight_decay=1e-10, clip_gradient_norm=1.0) (261590:train.py:91)
23:58:19.523 [I] Loading weights into partial_params                                              (261590:train.py:127)
23:58:19.523 [I] Created BasePyTreeCheckpointHandler: pytree_metadata_options=PyTreeMetadataOptions(support_rich_types=False), array_metadata_store=None (261590:base_pytree_checkpoint_handler.py:332)
23:58:19.548 [I] Restoring checkpoint from /shared/.cache/retain/openpi/openpi-assets/checkpoints/pi0_base/params. (261590:checkpointer.py:256)
23:58:43.416 [I] [process=0] /jax/checkpoint/read/bytes_per_sec: 517.5 MiB/s (total bytes: 12.1 GiB) (time elapsed: 23 seconds) (per-host) (261590:base_pytree_checkpoint_handler.py:113)
23:58:43.417 [I] Finished restoring checkpoint from /shared/.cache/retain/openpi/openpi-assets/checkpoints/pi0_base/params. (261590:checkpointer.py:259)
23:58:43.417 [I] [process=0][thread=MainThread] Skipping global process sync, barrier name: Checkpointer:restore (261590:multihost.py:293)
23:59:06.137 [I] Finished loading weights                                                         (261590:train.py:130)
2026-08-19 23:59:06.226646: W external/xla/xla/hlo/transforms/simplifiers/hlo_rematerialization.cc:3023] Can't reduce memory use below 29.11GiB (31260410775 bytes) by rematerialization; only reduced to 48.25GiB (51808779708 bytes), down from 48.25GiB (51808779708 bytes) originally
23:59:08.855 [I] Initialized train state:
['PaliGemma']['img']['Transformer']['encoder_norm']['bias'].value: (1152,)@float32
['PaliGemma']['img']['Transformer']['encoder_norm']['scale'].value: (1152,)@float32
['PaliGemma']['img']['Transformer']['encoderblock']['LayerNorm_0']['bias'].value: (27, 1152)@float32
['PaliGemma']['img']['Transformer']['encoderblock']['LayerNorm_0']['scale'].value: (27, 1152)@float32
['PaliGemma']['img']['Transformer']['encoderblock']['LayerNorm_1']['bias'].value: (27, 1152)@float32
['PaliGemma']['img']['Transformer']['encoderblock']['LayerNorm_1']['scale'].value: (27, 1152)@float32
['PaliGemma']['img']['Transformer']['encoderblock']['MlpBlock_0']['Dense_0']['bias'].value: (27, 4304)@float32
['PaliGemma']['img']['Transformer']['encoderblock']['MlpBlock_0']['Dense_0']['kernel'].value: (27, 1152, 4304)@float32
['PaliGemma']['img']['Transformer']['encoderblock']['MlpBlock_0']['Dense_1']['bias'].value: (27, 1152)@float32
['PaliGemma']['img']['Transformer']['encoderblock']['MlpBlock_0']['Dense_1']['kernel'].value: (27, 4304, 1152)@float32
['PaliGemma']['img']['Transformer']['encoderblock']['MultiHeadDotProductAttention_0']['key']['bias'].value: (27, 16, 72)@float32
['PaliGemma']['img']['Transformer']['encoderblock']['MultiHeadDotProductAttention_0']['key']['kernel'].value: (27, 1152, 16, 72)@float32
['PaliGemma']['img']['Transformer']['encoderblock']['MultiHeadDotProductAttention_0']['out']['bias'].value: (27, 1152)@float32
['PaliGemma']['img']['Transformer']['encoderblock']['MultiHeadDotProductAttention_0']['out']['kernel'].value: (27, 16, 72, 1152)@float32
['PaliGemma']['img']['Transformer']['encoderblock']['MultiHeadDotProductAttention_0']['query']['bias'].value: (27, 16, 72)@float32
['PaliGemma']['img']['Transformer']['encoderblock']['MultiHeadDotProductAttention_0']['query']['kernel'].value: (27, 1152, 16, 72)@float32
['PaliGemma']['img']['Transformer']['encoderblock']['MultiHeadDotProductAttention_0']['value']['bias'].value: (27, 16, 72)@float32
['PaliGemma']['img']['Transformer']['encoderblock']['MultiHeadDotProductAttention_0']['value']['kernel'].value: (27, 1152, 16, 72)@float32
['PaliGemma']['img']['embedding']['bias'].value: (1152,)@float32
['PaliGemma']['img']['embedding']['kernel'].value: (14, 14, 3, 1152)@float32
['PaliGemma']['img']['head']['bias'].value: (2048,)@float32
['PaliGemma']['img']['head']['kernel'].value: (1152, 2048)@float32
['PaliGemma']['img']['pos_embedding'].value: (1, 256, 1152)@float32
['PaliGemma']['llm']['embedder']['input_embedding'].value: (257152, 2048)@float32
['PaliGemma']['llm']['final_norm']['scale'].value: (2048,)@float32
['PaliGemma']['llm']['final_norm_1']['scale'].value: (1024,)@float32
['PaliGemma']['llm']['layers']['attn']['attn_vec_einsum']['w'].value: (18, 8, 256, 2048)@float32
['PaliGemma']['llm']['layers']['attn']['attn_vec_einsum_1']['w'].value: (18, 8, 256, 1024)@float32
['PaliGemma']['llm']['layers']['attn']['kv_einsum']['w'].value: (18, 2, 1, 2048, 256)@float32
['PaliGemma']['llm']['layers']['attn']['kv_einsum_1']['w'].value: (18, 2, 1, 1024, 256)@float32
['PaliGemma']['llm']['layers']['attn']['q_einsum']['w'].value: (18, 8, 2048, 256)@float32
['PaliGemma']['llm']['layers']['attn']['q_einsum_1']['w'].value: (18, 8, 1024, 256)@float32
['PaliGemma']['llm']['layers']['mlp']['gating_einsum'].value: (18, 2, 2048, 16384)@float32
['PaliGemma']['llm']['layers']['mlp']['linear'].value: (18, 16384, 2048)@float32
['PaliGemma']['llm']['layers']['mlp_1']['gating_einsum'].value: (18, 2, 1024, 4096)@float32
['PaliGemma']['llm']['layers']['mlp_1']['linear'].value: (18, 4096, 1024)@float32
['PaliGemma']['llm']['layers']['pre_attention_norm']['scale'].value: (18, 2048)@float32
['PaliGemma']['llm']['layers']['pre_attention_norm_1']['scale'].value: (18, 1024)@float32
['PaliGemma']['llm']['layers']['pre_ffw_norm']['scale'].value: (18, 2048)@float32
['PaliGemma']['llm']['layers']['pre_ffw_norm_1']['scale'].value: (18, 1024)@float32
['action_in_proj']['bias'].value: (1024,)@float32
['action_in_proj']['kernel'].value: (32, 1024)@float32
['action_out_proj']['bias'].value: (32,)@float32
['action_out_proj']['kernel'].value: (1024, 32)@float32
['action_time_mlp_in']['bias'].value: (1024,)@float32
['action_time_mlp_in']['kernel'].value: (2048, 1024)@float32
['action_time_mlp_out']['bias'].value: (1024,)@float32
['action_time_mlp_out']['kernel'].value: (1024, 1024)@float32
['state_proj']['bias'].value: (1024,)@float32
['state_proj']['kernel'].value: (32, 1024)@float32 (261590:train.py:355)
23:59:08.856 [I] Trainable params:
['PaliGemma']['img']['Transformer']['encoder_norm']['bias'].value: (1152,)@float32
['PaliGemma']['img']['Transformer']['encoder_norm']['scale'].value: (1152,)@float32
['PaliGemma']['img']['Transformer']['encoderblock']['LayerNorm_0']['bias'].value: (27, 1152)@float32
['PaliGemma']['img']['Transformer']['encoderblock']['LayerNorm_0']['scale'].value: (27, 1152)@float32
['PaliGemma']['img']['Transformer']['encoderblock']['LayerNorm_1']['bias'].value: (27, 1152)@float32
['PaliGemma']['img']['Transformer']['encoderblock']['LayerNorm_1']['scale'].value: (27, 1152)@float32
['PaliGemma']['img']['Transformer']['encoderblock']['MlpBlock_0']['Dense_0']['bias'].value: (27, 4304)@float32
['PaliGemma']['img']['Transformer']['encoderblock']['MlpBlock_0']['Dense_0']['kernel'].value: (27, 1152, 4304)@float32
['PaliGemma']['img']['Transformer']['encoderblock']['MlpBlock_0']['Dense_1']['bias'].value: (27, 1152)@float32
['PaliGemma']['img']['Transformer']['encoderblock']['MlpBlock_0']['Dense_1']['kernel'].value: (27, 4304, 1152)@float32
['PaliGemma']['img']['Transformer']['encoderblock']['MultiHeadDotProductAttention_0']['key']['bias'].value: (27, 16, 72)@float32
['PaliGemma']['img']['Transformer']['encoderblock']['MultiHeadDotProductAttention_0']['key']['kernel'].value: (27, 1152, 16, 72)@float32
['PaliGemma']['img']['Transformer']['encoderblock']['MultiHeadDotProductAttention_0']['out']['bias'].value: (27, 1152)@float32
['PaliGemma']['img']['Transformer']['encoderblock']['MultiHeadDotProductAttention_0']['out']['kernel'].value: (27, 16, 72, 1152)@float32
['PaliGemma']['img']['Transformer']['encoderblock']['MultiHeadDotProductAttention_0']['query']['bias'].value: (27, 16, 72)@float32
['PaliGemma']['img']['Transformer']['encoderblock']['MultiHeadDotProductAttention_0']['query']['kernel'].value: (27, 1152, 16, 72)@float32
['PaliGemma']['img']['Transformer']['encoderblock']['MultiHeadDotProductAttention_0']['value']['bias'].value: (27, 16, 72)@float32
['PaliGemma']['img']['Transformer']['encoderblock']['MultiHeadDotProductAttention_0']['value']['kernel'].value: (27, 1152, 16, 72)@float32
['PaliGemma']['img']['embedding']['bias'].value: (1152,)@float32
['PaliGemma']['img']['embedding']['kernel'].value: (14, 14, 3, 1152)@float32
['PaliGemma']['img']['head']['bias'].value: (2048,)@float32
['PaliGemma']['img']['head']['kernel'].value: (1152, 2048)@float32
['PaliGemma']['img']['pos_embedding'].value: (1, 256, 1152)@float32
['PaliGemma']['llm']['embedder']['input_embedding'].value: (257152, 2048)@float32
['PaliGemma']['llm']['final_norm']['scale'].value: (2048,)@float32
['PaliGemma']['llm']['final_norm_1']['scale'].value: (1024,)@float32
['PaliGemma']['llm']['layers']['attn']['attn_vec_einsum']['w'].value: (18, 8, 256, 2048)@float32
['PaliGemma']['llm']['layers']['attn']['attn_vec_einsum_1']['w'].value: (18, 8, 256, 1024)@float32
['PaliGemma']['llm']['layers']['attn']['kv_einsum']['w'].value: (18, 2, 1, 2048, 256)@float32
['PaliGemma']['llm']['layers']['attn']['kv_einsum_1']['w'].value: (18, 2, 1, 1024, 256)@float32
['PaliGemma']['llm']['layers']['attn']['q_einsum']['w'].value: (18, 8, 2048, 256)@float32
['PaliGemma']['llm']['layers']['attn']['q_einsum_1']['w'].value: (18, 8, 1024, 256)@float32
['PaliGemma']['llm']['layers']['mlp']['gating_einsum'].value: (18, 2, 2048, 16384)@float32
['PaliGemma']['llm']['layers']['mlp']['linear'].value: (18, 16384, 2048)@float32
['PaliGemma']['llm']['layers']['mlp_1']['gating_einsum'].value: (18, 2, 1024, 4096)@float32
['PaliGemma']['llm']['layers']['mlp_1']['linear'].value: (18, 4096, 1024)@float32
['PaliGemma']['llm']['layers']['pre_attention_norm']['scale'].value: (18, 2048)@float32
['PaliGemma']['llm']['layers']['pre_attention_norm_1']['scale'].value: (18, 1024)@float32
['PaliGemma']['llm']['layers']['pre_ffw_norm']['scale'].value: (18, 2048)@float32
['PaliGemma']['llm']['layers']['pre_ffw_norm_1']['scale'].value: (18, 1024)@float32
['action_in_proj']['bias'].value: (1024,)@float32
['action_in_proj']['kernel'].value: (32, 1024)@float32
['action_out_proj']['bias'].value: (32,)@float32
['action_out_proj']['kernel'].value: (1024, 32)@float32
['action_time_mlp_in']['bias'].value: (1024,)@float32
['action_time_mlp_in']['kernel'].value: (2048, 1024)@float32
['action_time_mlp_out']['bias'].value: (1024,)@float32
['action_time_mlp_out']['kernel'].value: (1024, 1024)@float32
['state_proj']['bias'].value: (1024,)@float32
['state_proj']['kernel'].value: (32, 1024)@float32 (261590:train.py:356)
THIS DATASET HAS NUM_TRAJECTORIES 349  AND NUM_TRANSITIONS 39799
THIS DATASET HAS NUM_TRAJECTORIES 365  AND NUM_TRANSITIONS 53739
THIS DATASET HAS NUM_TRAJECTORIES 343  AND NUM_TRANSITIONS 42391
THIS DATASET HAS NUM_TRAJECTORIES 3917  AND NUM_TRANSITIONS 567494

######################################################################################
# Loading the following 4 datasets (incl. sampling weight):                         #
# libero_goal_reduced: =====================================================0.070376 #
# libero_object_reduced: ===================================================0.090581 #
# libero_spatial_reduced: ==================================================0.071630 #
# libero_90_flipped: =======================================================0.767413 #
######################################################################################

norm_stats are  {'state': NormStats(mean=array([-0.07459474,  0.01886539,  0.89401907,  3.00154734, -0.11657909,
       -0.09116436,  0.02634243, -0.02669393,  0.        ,  0.        ,
        0.        ,  0.        ,  0.        ,  0.        ,  0.        ,
        0.        ,  0.        ,  0.        ,  0.        ,  0.        ,
        0.        ,  0.        ,  0.        ,  0.        ,  0.        ,
        0.        ,  0.        ,  0.        ,  0.        ,  0.        ,
        0.        ,  0.        ]), std=array([0.11267885, 0.14551789, 0.30485129, 0.38380396, 0.88596892,
       0.30852371, 0.0146244 , 0.01449694, 0.        , 0.        ,
       0.        , 0.        , 0.        , 0.        , 0.        ,
       0.        , 0.        , 0.        , 0.        , 0.        ,
       0.        , 0.        , 0.        , 0.        , 0.        ,
       0.        , 0.        , 0.        , 0.        , 0.        ,
       0.        , 0.        ]), q01=array([-4.04978513e-01, -2.75643894e-01,  1.03451522e-01,  1.45384380e+00,
       -2.69716187e+00, -1.19477866e+00,  1.64143040e-03, -4.00380769e-02,
        0.00000000e+00,  0.00000000e+00,  0.00000000e+00,  0.00000000e+00,
        0.00000000e+00,  0.00000000e+00,  0.00000000e+00,  0.00000000e+00,
        0.00000000e+00,  0.00000000e+00,  0.00000000e+00,  0.00000000e+00,
        0.00000000e+00,  0.00000000e+00,  0.00000000e+00,  0.00000000e+00,
        0.00000000e+00,  0.00000000e+00,  0.00000000e+00,  0.00000000e+00,
        0.00000000e+00,  0.00000000e+00,  0.00000000e+00,  0.00000000e+00]), q99=array([ 1.25709046e-01,  3.27069047e-01,  1.25547892e+00,  3.66470913e+00,
        2.30573786e+00,  5.80337930e-01,  4.02928781e-02, -1.70643236e-03,
        0.00000000e+00,  0.00000000e+00,  0.00000000e+00,  0.00000000e+00,
        0.00000000e+00,  0.00000000e+00,  0.00000000e+00,  0.00000000e+00,
        0.00000000e+00,  0.00000000e+00,  0.00000000e+00,  0.00000000e+00,
        0.00000000e+00,  0.00000000e+00,  0.00000000e+00,  0.00000000e+00,
        0.00000000e+00,  0.00000000e+00,  0.00000000e+00,  0.00000000e+00,
        0.00000000e+00,  0.00000000e+00,  0.00000000e+00,  0.00000000e+00])), 'actions': NormStats(mean=array([ 0.13082495,  0.03510264, -0.99502772, -2.99781322,  0.11946776,
        0.08388595, -0.0420391 ,  0.        ,  0.        ,  0.        ,
        0.        ,  0.        ,  0.        ,  0.        ,  0.        ,
        0.        ,  0.        ,  0.        ,  0.        ,  0.        ,
        0.        ,  0.        ,  0.        ,  0.        ,  0.        ,
        0.        ,  0.        ,  0.        ,  0.        ,  0.        ,
        0.        ,  0.        ]), std=array([0.34118709, 0.37048841, 0.53519309, 0.3816036 , 0.88830632,
       0.3197473 , 0.99911594, 0.        , 0.        , 0.        ,
       0.        , 0.        , 0.        , 0.        , 0.        ,
       0.        , 0.        , 0.        , 0.        , 0.        ,
       0.        , 0.        , 0.        , 0.        , 0.        ,
       0.        , 0.        , 0.        , 0.        , 0.        ,
       0.        , 0.        ]), q01=array([-0.62691881, -0.85612705, -1.98400122, -3.60055661, -2.32860803,
       -0.6173897 , -1.        ,  0.        ,  0.        ,  0.        ,
        0.        ,  0.        ,  0.        ,  0.        ,  0.        ,
        0.        ,  0.        ,  0.        ,  0.        ,  0.        ,
        0.        ,  0.        ,  0.        ,  0.        ,  0.        ,
        0.        ,  0.        ,  0.        ,  0.        ,  0.        ,
        0.        ,  0.        ]), q99=array([ 1.01273111,  0.8795515 ,  0.40937937, -1.45586381,  2.69826558,
        1.15884968,  0.9996    ,  0.        ,  0.        ,  0.        ,
        0.        ,  0.        ,  0.        ,  0.        ,  0.        ,
        0.        ,  0.        ,  0.        ,  0.        ,  0.        ,
        0.        ,  0.        ,  0.        ,  0.        ,  0.        ,
        0.        ,  0.        ,  0.        ,  0.        ,  0.        ,
        0.        ,  0.        ]))}
 🧟‍♂️🧟‍♂️🧟‍♂️🧟‍♂️ Dataloader Exhuasted/First Epoch: creating a new iterator over the dataloader. 🧟‍♂️🧟‍♂️🧟‍♂️🧟‍♂️
23:59:08.865 [I] Progress on: -/10000 rate:- remaining:? elapsed:00:00 postfix:-                  (261590:tqdm_logging.py:145)
2026-08-19 23:59:22.920849: W external/xla/xla/tsl/framework/bfc_allocator.cc:501] Allocator (GPU_0_bfc) ran out of memory trying to allocate 27.79GiB (rounded to 29834447616)requested by op 
If the cause is memory fragmentation maybe the environment variable 'TF_GPU_ALLOCATOR=cuda_malloc_async' will improve the situation. 
Current allocation summary follows.
Current allocation summary follows.
2026-08-19 23:59:22.921248: W external/xla/xla/tsl/framework/bfc_allocator.cc:512] *______________**************************************************************_______________________
E0819 23:59:22.921325  261590 pjrt_stream_executor_client.cc:2916] Execution of replica 0 failed: RESOURCE_EXHAUSTED: Out of memory while trying to allocate 29834447448 bytes. [tf-allocator-allocation-error='']
23:59:22.928 [I] Progress on: -/10000 rate:- remaining:? elapsed:00:14 postfix:-                  (261590:tqdm_logging.py:145)
Traceback (most recent call last):
  File "/root/RETAIN_code/scripts/train.py", line 399, in <module>
    main(_config.cli())
  File "/root/RETAIN_code/scripts/train.py", line 379, in main
    train_state, info = ptrain_step(train_rng, train_state, batch)
                        ^^^^^^^^^^^^^^^^^^^^^^^^^^^^^^^^^^^^^^^^^^
jaxlib._jax.XlaRuntimeError: RESOURCE_EXHAUSTED: Out of memory while trying to allocate 29834447448 bytes.
--------------------
For simplicity, JAX has removed its internal frames from the traceback of the following exception. Set JAX_TRACEBACK_FILTERING=off to include these.
2026-08-20 00:19:30.488612: E external/local_xla/xla/stream_executor/cuda/cuda_fft.cc:477] Unable to register cuFFT factory: Attempting to register factory for plugin cuFFT when one has already been registered
WARNING: All log messages before absl::InitializeLog() is called are written to STDERR
E0000 00:00:1787185170.503755  268833 cuda_dnn.cc:8310] Unable to register cuDNN factory: Attempting to register factory for plugin cuDNN when one has already been registered
E0000 00:00:1787185170.508518  268833 cuda_blas.cc:1418] Unable to register cuBLAS factory: Attempting to register factory for plugin cuBLAS when one has already been registered
W0000 00:00:1787185172.708271  268833 gpu_device.cc:2433] TensorFlow was not built with CUDA kernel binaries compatible with compute capability 12.0. CUDA kernels will be jit-compiled from PTX, which could take 30 minutes or longer.
00:19:34.084 [I] Running on: lhy-1                                                                (268833:train.py:301)
INFO:2026-08-20 00:19:34,222:jax._src.xla_bridge:752: Unable to initialize backend 'tpu': INTERNAL: Failed to open libtpu.so: libtpu.so: cannot open shared object file: No such file or directory
00:19:34.222 [I] Unable to initialize backend 'tpu': INTERNAL: Failed to open libtpu.so: libtpu.so: cannot open shared object file: No such file or directory (268833:xla_bridge.py:752)
00:19:36.563 [I] Created BasePyTreeCheckpointHandler: pytree_metadata_options=PyTreeMetadataOptions(support_rich_types=False), array_metadata_store=None (268833:base_pytree_checkpoint_handler.py:332)
00:19:36.563 [I] Created BasePyTreeCheckpointHandler: pytree_metadata_options=PyTreeMetadataOptions(support_rich_types=False), array_metadata_store=None (268833:base_pytree_checkpoint_handler.py:332)
00:19:36.564 [I] [thread=MainThread] Failed to get flag value for EXPERIMENTAL_ORBAX_USE_DISTRIBUTED_PROCESS_ID. (268833:multihost.py:375)
00:19:36.564 [I] [process=0][thread=MainThread] CheckpointManager init: checkpointers=None, item_names=None, item_handlers={'assets': <openpi.training.checkpoints.CallbackHandler object at 0x794479073a10>, 'train_state': <orbax.checkpoint._src.handlers.pytree_checkpoint_handler.PyTreeCheckpointHandler object at 0x794479320e50>, 'params': <orbax.checkpoint._src.handlers.pytree_checkpoint_handler.PyTreeCheckpointHandler object at 0x79447901b050>}, handler_registry=None (268833:checkpoint_manager.py:622)
00:19:36.564 [I] Deferred registration for item: "assets". Adding handler `<openpi.training.checkpoints.CallbackHandler object at 0x794479073a10>` for item "assets" and save args `<class 'openpi.training.checkpoints.CallbackSave'>` and restore args `<class 'openpi.training.checkpoints.CallbackRestore'>` to `_handler_registry`. (268833:composite_checkpoint_handler.py:239)
00:19:36.564 [I] Deferred registration for item: "train_state". Adding handler `<orbax.checkpoint._src.handlers.pytree_checkpoint_handler.PyTreeCheckpointHandler object at 0x794479320e50>` for item "train_state" and save args `<class 'orbax.checkpoint._src.handlers.pytree_checkpoint_handler.PyTreeSaveArgs'>` and restore args `<class 'orbax.checkpoint._src.handlers.pytree_checkpoint_handler.PyTreeRestoreArgs'>` to `_handler_registry`. (268833:composite_checkpoint_handler.py:239)
00:19:36.564 [I] Deferred registration for item: "params". Adding handler `<orbax.checkpoint._src.handlers.pytree_checkpoint_handler.PyTreeCheckpointHandler object at 0x79447901b050>` for item "params" and save args `<class 'orbax.checkpoint._src.handlers.pytree_checkpoint_handler.PyTreeSaveArgs'>` and restore args `<class 'orbax.checkpoint._src.handlers.pytree_checkpoint_handler.PyTreeRestoreArgs'>` to `_handler_registry`. (268833:composite_checkpoint_handler.py:239)
00:19:36.564 [I] Deferred registration for item: "metrics". Adding handler `<orbax.checkpoint._src.handlers.json_checkpoint_handler.JsonCheckpointHandler object at 0x794479322550>` for item "metrics" and save args `<class 'orbax.checkpoint._src.handlers.json_checkpoint_handler.JsonSaveArgs'>` and restore args `<class 'orbax.checkpoint._src.handlers.json_checkpoint_handler.JsonRestoreArgs'>` to `_handler_registry`. (268833:composite_checkpoint_handler.py:239)
00:19:36.564 [I] Initialized registry DefaultCheckpointHandlerRegistry({('assets', <class 'openpi.training.checkpoints.CallbackSave'>): <openpi.training.checkpoints.CallbackHandler object at 0x794479073a10>, ('assets', <class 'openpi.training.checkpoints.CallbackRestore'>): <openpi.training.checkpoints.CallbackHandler object at 0x794479073a10>, ('train_state', <class 'orbax.checkpoint._src.handlers.pytree_checkpoint_handler.PyTreeSaveArgs'>): <orbax.checkpoint._src.handlers.pytree_checkpoint_handler.PyTreeCheckpointHandler object at 0x794479320e50>, ('train_state', <class 'orbax.checkpoint._src.handlers.pytree_checkpoint_handler.PyTreeRestoreArgs'>): <orbax.checkpoint._src.handlers.pytree_checkpoint_handler.PyTreeCheckpointHandler object at 0x794479320e50>, ('params', <class 'orbax.checkpoint._src.handlers.pytree_checkpoint_handler.PyTreeSaveArgs'>): <orbax.checkpoint._src.handlers.pytree_checkpoint_handler.PyTreeCheckpointHandler object at 0x79447901b050>, ('params', <class 'orbax.checkpoint._src.handlers.pytree_checkpoint_handler.PyTreeRestoreArgs'>): <orbax.checkpoint._src.handlers.pytree_checkpoint_handler.PyTreeCheckpointHandler object at 0x79447901b050>, ('metrics', <class 'orbax.checkpoint._src.handlers.json_checkpoint_handler.JsonSaveArgs'>): <orbax.checkpoint._src.handlers.json_checkpoint_handler.JsonCheckpointHandler object at 0x794479322550>, ('metrics', <class 'orbax.checkpoint._src.handlers.json_checkpoint_handler.JsonRestoreArgs'>): <orbax.checkpoint._src.handlers.json_checkpoint_handler.JsonCheckpointHandler object at 0x794479322550>}). (268833:composite_checkpoint_handler.py:508)
00:19:36.565 [I] orbax-checkpoint version: 0.11.1                                                 (268833:abstract_checkpointer.py:35)
00:19:36.565 [I] [process=0][thread=MainThread] Using barrier_sync_fn: <function get_barrier_sync_fn.<locals>.<lambda> at 0x794478a66b60> timeout: 7200 secs and primary_host=0 for async checkpoint writes (268833:async_checkpointer.py:80)
00:19:36.566 [I] Found 0 checkpoint steps in /shared/.cache/retain/checkpoints/retain_repro_pretrain/paper_final_hparams (268833:checkpoint_manager.py:1528)
00:19:36.566 [I] Saving root metadata                                                             (268833:checkpoint_manager.py:1569)
00:19:36.566 [I] [process=0][thread=MainThread] Skipping global process sync, barrier name: CheckpointManager:save_metadata (268833:multihost.py:293)
00:19:36.566 [I] [process=0][thread=MainThread] CheckpointManager created,  primary_host=0, CheckpointManagerOptions=CheckpointManagerOptions(save_interval_steps=1, max_to_keep=1, keep_time_interval=None, keep_period=None, should_keep_fn=None, best_fn=None, best_mode='max', keep_checkpoints_without_metrics=True, step_prefix=None, step_format_fixed_length=None, step_name_format=None, create=False, cleanup_tmp_directories=False, save_on_steps=frozenset(), single_host_load_and_broadcast=False, todelete_subdir=None, enable_background_delete=False, read_only=False, enable_async_checkpointing=True, async_options=AsyncOptions(timeout_secs=7200, barrier_sync_fn=None, post_finalization_callback=None, create_directories_asynchronously=False), multiprocessing_options=MultiprocessingOptions(primary_host=0, active_processes=None, barrier_sync_key_prefix=None), should_save_fn=None, file_options=FileOptions(path_permission_mode=None), save_root_metadata=True, temporary_path_class=None, save_decision_policy=None), root_directory=/shared/.cache/retain/checkpoints/retain_repro_pretrain/paper_final_hparams: <orbax.checkpoint.checkpoint_manager.CheckpointManager object at 0x79447918da50> (268833:checkpoint_manager.py:797)
00:19:36.566 [I] Checkpoint directory exists, but does not contain any checkpoints. Aborting resume. (268833:checkpoints.py:55)
00:19:36.660 [I] Loaded norm stats from assets/pi0_libero_pretrain                                (268833:config.py:197)
00:19:36.726 [I] Loaded norm stats from assets/pi0_libero_pretrain                                (268833:config.py:197)
00:19:36.793 [I] Loaded norm stats from assets/pi0_libero_pretrain                                (268833:config.py:197)
00:19:36.859 [I] Loaded norm stats from assets/pi0_libero_pretrain                                (268833:config.py:197)
00:19:36.927 [I] Loaded norm stats from assets/pi0_libero_pretrain                                (268833:config.py:197)
00:19:37.029 [I] Load dataset info from /shared/.cache/retain/libero/datasets/libero_goal_reduced/1.0.0 (268833:dataset_info.py:707)
00:19:37.037 [I] Creating a tf.data.Dataset reading 16 files located in folders: /shared/.cache/retain/libero/datasets/libero_goal_reduced/1.0.0. (268833:reader.py:262)
00:19:37.105 [I] Constructing tf.data.Dataset libero_goal_reduced for split all, from /shared/.cache/retain/libero/datasets/libero_goal_reduced/1.0.0 (268833:logging_logger.py:49)
00:19:37.340 [I] Creating a tf.data.Dataset reading 16 files located in folders: /shared/.cache/retain/libero/datasets/libero_goal_reduced/1.0.0. (268833:reader.py:262)
00:19:37.368 [I] Constructing tf.data.Dataset libero_goal_reduced for split train, from /shared/.cache/retain/libero/datasets/libero_goal_reduced/1.0.0 (268833:logging_logger.py:49)
00:19:37.428 [I] Load dataset info from /shared/.cache/retain/libero/datasets/libero_object_reduced/1.0.0 (268833:dataset_info.py:707)
00:19:37.435 [I] Creating a tf.data.Dataset reading 32 files located in folders: /shared/.cache/retain/libero/datasets/libero_object_reduced/1.0.0. (268833:reader.py:262)
00:19:37.459 [I] Constructing tf.data.Dataset libero_object_reduced for split all, from /shared/.cache/retain/libero/datasets/libero_object_reduced/1.0.0 (268833:logging_logger.py:49)
00:19:37.519 [I] Creating a tf.data.Dataset reading 32 files located in folders: /shared/.cache/retain/libero/datasets/libero_object_reduced/1.0.0. (268833:reader.py:262)
00:19:37.543 [I] Constructing tf.data.Dataset libero_object_reduced for split train, from /shared/.cache/retain/libero/datasets/libero_object_reduced/1.0.0 (268833:logging_logger.py:49)
00:19:37.606 [I] Load dataset info from /shared/.cache/retain/libero/datasets/libero_spatial_reduced/1.0.0 (268833:dataset_info.py:707)
00:19:37.612 [I] Creating a tf.data.Dataset reading 16 files located in folders: /shared/.cache/retain/libero/datasets/libero_spatial_reduced/1.0.0. (268833:reader.py:262)
00:19:37.636 [I] Constructing tf.data.Dataset libero_spatial_reduced for split all, from /shared/.cache/retain/libero/datasets/libero_spatial_reduced/1.0.0 (268833:logging_logger.py:49)
00:19:37.695 [I] Creating a tf.data.Dataset reading 16 files located in folders: /shared/.cache/retain/libero/datasets/libero_spatial_reduced/1.0.0. (268833:reader.py:262)
00:19:37.720 [I] Constructing tf.data.Dataset libero_spatial_reduced for split train, from /shared/.cache/retain/libero/datasets/libero_spatial_reduced/1.0.0 (268833:logging_logger.py:49)
00:19:37.780 [I] Load dataset info from /shared/.cache/retain/libero/datasets/libero_90_flipped/1.0.0 (268833:dataset_info.py:707)
00:19:37.796 [I] Creating a tf.data.Dataset reading 256 files located in folders: /shared/.cache/retain/libero/datasets/libero_90_flipped/1.0.0. (268833:reader.py:262)
00:19:37.826 [I] Constructing tf.data.Dataset libero_90_flipped for split all, from /shared/.cache/retain/libero/datasets/libero_90_flipped/1.0.0 (268833:logging_logger.py:49)
00:19:37.905 [I] Creating a tf.data.Dataset reading 256 files located in folders: /shared/.cache/retain/libero/datasets/libero_90_flipped/1.0.0. (268833:reader.py:262)
00:19:37.935 [I] Constructing tf.data.Dataset libero_90_flipped for split train, from /shared/.cache/retain/libero/datasets/libero_90_flipped/1.0.0 (268833:logging_logger.py:49)
00:19:38.012 [I] Load dataset info from /shared/.cache/retain/libero/datasets/libero_goal_reduced/1.0.0 (268833:dataset_info.py:707)
00:19:38.018 [I] Creating a tf.data.Dataset reading 16 files located in folders: /shared/.cache/retain/libero/datasets/libero_goal_reduced/1.0.0. (268833:reader.py:262)
00:19:38.044 [I] Constructing tf.data.Dataset libero_goal_reduced for split train, from /shared/.cache/retain/libero/datasets/libero_goal_reduced/1.0.0 (268833:logging_logger.py:49)
00:19:38.649 [W] future_action_window_size > 0 but no absolute_action_mask was provided. Assuming all actions are relative for the purpose of making neutral actions. (268833:function_wrappers.py:112)
00:19:39.824 [W] No resize_size was provided for image_primary. This will result in 1x1 padding images, which may cause errors if you mix padding and non-padding images. (268833:api.py:460)
00:19:39.829 [W] No resize_size was provided for image_wrist. This will result in 1x1 padding images, which may cause errors if you mix padding and non-padding images. (268833:api.py:460)
00:19:39.833 [W] No resize_size was provided for image_secondary. This will result in 1x1 padding images, which may cause errors if you mix padding and non-padding images. (268833:api.py:460)
00:19:39.850 [I] Load dataset info from /shared/.cache/retain/libero/datasets/libero_object_reduced/1.0.0 (268833:dataset_info.py:707)
00:19:39.857 [I] Creating a tf.data.Dataset reading 32 files located in folders: /shared/.cache/retain/libero/datasets/libero_object_reduced/1.0.0. (268833:reader.py:262)
00:19:39.882 [I] Constructing tf.data.Dataset libero_object_reduced for split train, from /shared/.cache/retain/libero/datasets/libero_object_reduced/1.0.0 (268833:logging_logger.py:49)
00:19:39.971 [W] future_action_window_size > 0 but no absolute_action_mask was provided. Assuming all actions are relative for the purpose of making neutral actions. (268833:function_wrappers.py:112)
00:19:40.003 [W] No resize_size was provided for image_primary. This will result in 1x1 padding images, which may cause errors if you mix padding and non-padding images. (268833:api.py:460)
00:19:40.007 [W] No resize_size was provided for image_wrist. This will result in 1x1 padding images, which may cause errors if you mix padding and non-padding images. (268833:api.py:460)
00:19:40.010 [W] No resize_size was provided for image_secondary. This will result in 1x1 padding images, which may cause errors if you mix padding and non-padding images. (268833:api.py:460)
00:19:40.028 [I] Load dataset info from /shared/.cache/retain/libero/datasets/libero_spatial_reduced/1.0.0 (268833:dataset_info.py:707)
00:19:40.034 [I] Creating a tf.data.Dataset reading 16 files located in folders: /shared/.cache/retain/libero/datasets/libero_spatial_reduced/1.0.0. (268833:reader.py:262)
00:19:40.059 [I] Constructing tf.data.Dataset libero_spatial_reduced for split train, from /shared/.cache/retain/libero/datasets/libero_spatial_reduced/1.0.0 (268833:logging_logger.py:49)
00:19:40.153 [W] future_action_window_size > 0 but no absolute_action_mask was provided. Assuming all actions are relative for the purpose of making neutral actions. (268833:function_wrappers.py:112)
00:19:40.186 [W] No resize_size was provided for image_primary. This will result in 1x1 padding images, which may cause errors if you mix padding and non-padding images. (268833:api.py:460)
00:19:40.190 [W] No resize_size was provided for image_wrist. This will result in 1x1 padding images, which may cause errors if you mix padding and non-padding images. (268833:api.py:460)
00:19:40.193 [W] No resize_size was provided for image_secondary. This will result in 1x1 padding images, which may cause errors if you mix padding and non-padding images. (268833:api.py:460)
00:19:40.209 [I] Load dataset info from /shared/.cache/retain/libero/datasets/libero_90_flipped/1.0.0 (268833:dataset_info.py:707)
00:19:40.225 [I] Creating a tf.data.Dataset reading 256 files located in folders: /shared/.cache/retain/libero/datasets/libero_90_flipped/1.0.0. (268833:reader.py:262)
00:19:40.257 [I] Constructing tf.data.Dataset libero_90_flipped for split train, from /shared/.cache/retain/libero/datasets/libero_90_flipped/1.0.0 (268833:logging_logger.py:49)
00:19:40.365 [W] future_action_window_size > 0 but no absolute_action_mask was provided. Assuming all actions are relative for the purpose of making neutral actions. (268833:function_wrappers.py:112)
00:19:40.398 [W] No resize_size was provided for image_primary. This will result in 1x1 padding images, which may cause errors if you mix padding and non-padding images. (268833:api.py:460)
00:19:40.402 [W] No resize_size was provided for image_wrist. This will result in 1x1 padding images, which may cause errors if you mix padding and non-padding images. (268833:api.py:460)
00:19:40.406 [W] No resize_size was provided for image_secondary. This will result in 1x1 padding images, which may cause errors if you mix padding and non-padding images. (268833:api.py:460)
00:19:46.325 [I] Initialized data loader:
[0].images['base_0_rgb']: (64, 224, 224, 3)@float32
[0].images['left_wrist_0_rgb']: (64, 224, 224, 3)@float32
[0].images['right_wrist_0_rgb']: (64, 224, 224, 3)@float32
[0].image_masks['base_0_rgb']: (64,)@bool
[0].image_masks['left_wrist_0_rgb']: (64,)@bool
[0].image_masks['right_wrist_0_rgb']: (64,)@bool
[0].state: (64, 32)@float32
[0].tokenized_prompt: (64, 48)@int32
[0].tokenized_prompt_mask: (64, 48)@bool
[1]: (64, 50, 32)@float32 (268833:train.py:341)
wandb: WARNING Data passed to `wandb.Image` should consist of values in the range [0, 255], image data will be normalized to this range, but behavior will be removed in a future version of wandb.
00:19:46.603 [I] LR Schedule Config: CosineDecaySchedule(warmup_steps=1000, peak_lr=2.5e-05, decay_steps=30000, decay_lr=2.5e-06) (268833:train.py:90)
00:19:46.603 [I] Optimizer Config: AdamW(b1=0.9, b2=0.95, eps=1e-08, weight_decay=1e-10, clip_gradient_norm=1.0) (268833:train.py:91)
00:19:53.651 [I] Loading weights into partial_params                                              (268833:train.py:127)
00:19:53.652 [I] Created BasePyTreeCheckpointHandler: pytree_metadata_options=PyTreeMetadataOptions(support_rich_types=False), array_metadata_store=None (268833:base_pytree_checkpoint_handler.py:332)
00:19:53.676 [I] Restoring checkpoint from /shared/.cache/retain/openpi/openpi-assets/checkpoints/pi0_base/params. (268833:checkpointer.py:256)
00:20:15.754 [I] [process=0] /jax/checkpoint/read/bytes_per_sec: 559.5 MiB/s (total bytes: 12.1 GiB) (time elapsed: 22 seconds) (per-host) (268833:base_pytree_checkpoint_handler.py:113)
00:20:15.755 [I] Finished restoring checkpoint from /shared/.cache/retain/openpi/openpi-assets/checkpoints/pi0_base/params. (268833:checkpointer.py:259)
00:20:15.755 [I] [process=0][thread=MainThread] Skipping global process sync, barrier name: Checkpointer:restore (268833:multihost.py:293)
00:20:38.873 [I] Finished loading weights                                                         (268833:train.py:130)
2026-08-20 00:20:38.956257: W external/xla/xla/hlo/transforms/simplifiers/hlo_rematerialization.cc:3023] Can't reduce memory use below 13.33GiB (14317516845 bytes) by rematerialization; only reduced to 48.25GiB (51808779708 bytes), down from 48.25GiB (51808779708 bytes) originally
00:20:41.563 [I] Initialized train state:
['PaliGemma']['img']['Transformer']['encoder_norm']['bias'].value: (1152,)@float32
['PaliGemma']['img']['Transformer']['encoder_norm']['scale'].value: (1152,)@float32
['PaliGemma']['img']['Transformer']['encoderblock']['LayerNorm_0']['bias'].value: (27, 1152)@float32
['PaliGemma']['img']['Transformer']['encoderblock']['LayerNorm_0']['scale'].value: (27, 1152)@float32
['PaliGemma']['img']['Transformer']['encoderblock']['LayerNorm_1']['bias'].value: (27, 1152)@float32
['PaliGemma']['img']['Transformer']['encoderblock']['LayerNorm_1']['scale'].value: (27, 1152)@float32
['PaliGemma']['img']['Transformer']['encoderblock']['MlpBlock_0']['Dense_0']['bias'].value: (27, 4304)@float32
['PaliGemma']['img']['Transformer']['encoderblock']['MlpBlock_0']['Dense_0']['kernel'].value: (27, 1152, 4304)@float32
['PaliGemma']['img']['Transformer']['encoderblock']['MlpBlock_0']['Dense_1']['bias'].value: (27, 1152)@float32
['PaliGemma']['img']['Transformer']['encoderblock']['MlpBlock_0']['Dense_1']['kernel'].value: (27, 4304, 1152)@float32
['PaliGemma']['img']['Transformer']['encoderblock']['MultiHeadDotProductAttention_0']['key']['bias'].value: (27, 16, 72)@float32
['PaliGemma']['img']['Transformer']['encoderblock']['MultiHeadDotProductAttention_0']['key']['kernel'].value: (27, 1152, 16, 72)@float32
['PaliGemma']['img']['Transformer']['encoderblock']['MultiHeadDotProductAttention_0']['out']['bias'].value: (27, 1152)@float32
['PaliGemma']['img']['Transformer']['encoderblock']['MultiHeadDotProductAttention_0']['out']['kernel'].value: (27, 16, 72, 1152)@float32
['PaliGemma']['img']['Transformer']['encoderblock']['MultiHeadDotProductAttention_0']['query']['bias'].value: (27, 16, 72)@float32
['PaliGemma']['img']['Transformer']['encoderblock']['MultiHeadDotProductAttention_0']['query']['kernel'].value: (27, 1152, 16, 72)@float32
['PaliGemma']['img']['Transformer']['encoderblock']['MultiHeadDotProductAttention_0']['value']['bias'].value: (27, 16, 72)@float32
['PaliGemma']['img']['Transformer']['encoderblock']['MultiHeadDotProductAttention_0']['value']['kernel'].value: (27, 1152, 16, 72)@float32
['PaliGemma']['img']['embedding']['bias'].value: (1152,)@float32
['PaliGemma']['img']['embedding']['kernel'].value: (14, 14, 3, 1152)@float32
['PaliGemma']['img']['head']['bias'].value: (2048,)@float32
['PaliGemma']['img']['head']['kernel'].value: (1152, 2048)@float32
['PaliGemma']['img']['pos_embedding'].value: (1, 256, 1152)@float32
['PaliGemma']['llm']['embedder']['input_embedding'].value: (257152, 2048)@float32
['PaliGemma']['llm']['final_norm']['scale'].value: (2048,)@float32
['PaliGemma']['llm']['final_norm_1']['scale'].value: (1024,)@float32
['PaliGemma']['llm']['layers']['attn']['attn_vec_einsum']['w'].value: (18, 8, 256, 2048)@float32
['PaliGemma']['llm']['layers']['attn']['attn_vec_einsum_1']['w'].value: (18, 8, 256, 1024)@float32
['PaliGemma']['llm']['layers']['attn']['kv_einsum']['w'].value: (18, 2, 1, 2048, 256)@float32
['PaliGemma']['llm']['layers']['attn']['kv_einsum_1']['w'].value: (18, 2, 1, 1024, 256)@float32
['PaliGemma']['llm']['layers']['attn']['q_einsum']['w'].value: (18, 8, 2048, 256)@float32
['PaliGemma']['llm']['layers']['attn']['q_einsum_1']['w'].value: (18, 8, 1024, 256)@float32
['PaliGemma']['llm']['layers']['mlp']['gating_einsum'].value: (18, 2, 2048, 16384)@float32
['PaliGemma']['llm']['layers']['mlp']['linear'].value: (18, 16384, 2048)@float32
['PaliGemma']['llm']['layers']['mlp_1']['gating_einsum'].value: (18, 2, 1024, 4096)@float32
['PaliGemma']['llm']['layers']['mlp_1']['linear'].value: (18, 4096, 1024)@float32
['PaliGemma']['llm']['layers']['pre_attention_norm']['scale'].value: (18, 2048)@float32
['PaliGemma']['llm']['layers']['pre_attention_norm_1']['scale'].value: (18, 1024)@float32
['PaliGemma']['llm']['layers']['pre_ffw_norm']['scale'].value: (18, 2048)@float32
['PaliGemma']['llm']['layers']['pre_ffw_norm_1']['scale'].value: (18, 1024)@float32
['action_in_proj']['bias'].value: (1024,)@float32
['action_in_proj']['kernel'].value: (32, 1024)@float32
['action_out_proj']['bias'].value: (32,)@float32
['action_out_proj']['kernel'].value: (1024, 32)@float32
['action_time_mlp_in']['bias'].value: (1024,)@float32
['action_time_mlp_in']['kernel'].value: (2048, 1024)@float32
['action_time_mlp_out']['bias'].value: (1024,)@float32
['action_time_mlp_out']['kernel'].value: (1024, 1024)@float32
['state_proj']['bias'].value: (1024,)@float32
['state_proj']['kernel'].value: (32, 1024)@float32 (268833:train.py:355)
00:20:41.564 [I] Trainable params:
['PaliGemma']['img']['Transformer']['encoder_norm']['bias'].value: (1152,)@float32
['PaliGemma']['img']['Transformer']['encoder_norm']['scale'].value: (1152,)@float32
['PaliGemma']['img']['Transformer']['encoderblock']['LayerNorm_0']['bias'].value: (27, 1152)@float32
['PaliGemma']['img']['Transformer']['encoderblock']['LayerNorm_0']['scale'].value: (27, 1152)@float32
['PaliGemma']['img']['Transformer']['encoderblock']['LayerNorm_1']['bias'].value: (27, 1152)@float32
['PaliGemma']['img']['Transformer']['encoderblock']['LayerNorm_1']['scale'].value: (27, 1152)@float32
['PaliGemma']['img']['Transformer']['encoderblock']['MlpBlock_0']['Dense_0']['bias'].value: (27, 4304)@float32
['PaliGemma']['img']['Transformer']['encoderblock']['MlpBlock_0']['Dense_0']['kernel'].value: (27, 1152, 4304)@float32
['PaliGemma']['img']['Transformer']['encoderblock']['MlpBlock_0']['Dense_1']['bias'].value: (27, 1152)@float32
['PaliGemma']['img']['Transformer']['encoderblock']['MlpBlock_0']['Dense_1']['kernel'].value: (27, 4304, 1152)@float32
['PaliGemma']['img']['Transformer']['encoderblock']['MultiHeadDotProductAttention_0']['key']['bias'].value: (27, 16, 72)@float32
['PaliGemma']['img']['Transformer']['encoderblock']['MultiHeadDotProductAttention_0']['key']['kernel'].value: (27, 1152, 16, 72)@float32
['PaliGemma']['img']['Transformer']['encoderblock']['MultiHeadDotProductAttention_0']['out']['bias'].value: (27, 1152)@float32
['PaliGemma']['img']['Transformer']['encoderblock']['MultiHeadDotProductAttention_0']['out']['kernel'].value: (27, 16, 72, 1152)@float32
['PaliGemma']['img']['Transformer']['encoderblock']['MultiHeadDotProductAttention_0']['query']['bias'].value: (27, 16, 72)@float32
['PaliGemma']['img']['Transformer']['encoderblock']['MultiHeadDotProductAttention_0']['query']['kernel'].value: (27, 1152, 16, 72)@float32
['PaliGemma']['img']['Transformer']['encoderblock']['MultiHeadDotProductAttention_0']['value']['bias'].value: (27, 16, 72)@float32
['PaliGemma']['img']['Transformer']['encoderblock']['MultiHeadDotProductAttention_0']['value']['kernel'].value: (27, 1152, 16, 72)@float32
['PaliGemma']['img']['embedding']['bias'].value: (1152,)@float32
['PaliGemma']['img']['embedding']['kernel'].value: (14, 14, 3, 1152)@float32
['PaliGemma']['img']['head']['bias'].value: (2048,)@float32
['PaliGemma']['img']['head']['kernel'].value: (1152, 2048)@float32
['PaliGemma']['img']['pos_embedding'].value: (1, 256, 1152)@float32
['PaliGemma']['llm']['embedder']['input_embedding'].value: (257152, 2048)@float32
['PaliGemma']['llm']['final_norm']['scale'].value: (2048,)@float32
['PaliGemma']['llm']['final_norm_1']['scale'].value: (1024,)@float32
['PaliGemma']['llm']['layers']['attn']['attn_vec_einsum']['w'].value: (18, 8, 256, 2048)@float32
['PaliGemma']['llm']['layers']['attn']['attn_vec_einsum_1']['w'].value: (18, 8, 256, 1024)@float32
['PaliGemma']['llm']['layers']['attn']['kv_einsum']['w'].value: (18, 2, 1, 2048, 256)@float32
['PaliGemma']['llm']['layers']['attn']['kv_einsum_1']['w'].value: (18, 2, 1, 1024, 256)@float32
['PaliGemma']['llm']['layers']['attn']['q_einsum']['w'].value: (18, 8, 2048, 256)@float32
['PaliGemma']['llm']['layers']['attn']['q_einsum_1']['w'].value: (18, 8, 1024, 256)@float32
['PaliGemma']['llm']['layers']['mlp']['gating_einsum'].value: (18, 2, 2048, 16384)@float32
['PaliGemma']['llm']['layers']['mlp']['linear'].value: (18, 16384, 2048)@float32
['PaliGemma']['llm']['layers']['mlp_1']['gating_einsum'].value: (18, 2, 1024, 4096)@float32
['PaliGemma']['llm']['layers']['mlp_1']['linear'].value: (18, 4096, 1024)@float32
['PaliGemma']['llm']['layers']['pre_attention_norm']['scale'].value: (18, 2048)@float32
['PaliGemma']['llm']['layers']['pre_attention_norm_1']['scale'].value: (18, 1024)@float32
['PaliGemma']['llm']['layers']['pre_ffw_norm']['scale'].value: (18, 2048)@float32
['PaliGemma']['llm']['layers']['pre_ffw_norm_1']['scale'].value: (18, 1024)@float32
['action_in_proj']['bias'].value: (1024,)@float32
['action_in_proj']['kernel'].value: (32, 1024)@float32
['action_out_proj']['bias'].value: (32,)@float32
['action_out_proj']['kernel'].value: (1024, 32)@float32
['action_time_mlp_in']['bias'].value: (1024,)@float32
['action_time_mlp_in']['kernel'].value: (2048, 1024)@float32
['action_time_mlp_out']['bias'].value: (1024,)@float32
['action_time_mlp_out']['kernel'].value: (1024, 1024)@float32
['state_proj']['bias'].value: (1024,)@float32
['state_proj']['kernel'].value: (32, 1024)@float32 (268833:train.py:356)
THIS DATASET HAS NUM_TRAJECTORIES 349  AND NUM_TRANSITIONS 39799
THIS DATASET HAS NUM_TRAJECTORIES 365  AND NUM_TRANSITIONS 53739
THIS DATASET HAS NUM_TRAJECTORIES 343  AND NUM_TRANSITIONS 42391
THIS DATASET HAS NUM_TRAJECTORIES 3917  AND NUM_TRANSITIONS 567494

######################################################################################
# Loading the following 4 datasets (incl. sampling weight):                         #
# libero_goal_reduced: =====================================================0.070376 #
# libero_object_reduced: ===================================================0.090581 #
# libero_spatial_reduced: ==================================================0.071630 #
# libero_90_flipped: =======================================================0.767413 #
######################################################################################

norm_stats are  {'state': NormStats(mean=array([-0.07459474,  0.01886539,  0.89401907,  3.00154734, -0.11657909,
       -0.09116436,  0.02634243, -0.02669393,  0.        ,  0.        ,
        0.        ,  0.        ,  0.        ,  0.        ,  0.        ,
        0.        ,  0.        ,  0.        ,  0.        ,  0.        ,
        0.        ,  0.        ,  0.        ,  0.        ,  0.        ,
        0.        ,  0.        ,  0.        ,  0.        ,  0.        ,
        0.        ,  0.        ]), std=array([0.11267885, 0.14551789, 0.30485129, 0.38380396, 0.88596892,
       0.30852371, 0.0146244 , 0.01449694, 0.        , 0.        ,
       0.        , 0.        , 0.        , 0.        , 0.        ,
       0.        , 0.        , 0.        , 0.        , 0.        ,
       0.        , 0.        , 0.        , 0.        , 0.        ,
       0.        , 0.        , 0.        , 0.        , 0.        ,
       0.        , 0.        ]), q01=array([-4.04978513e-01, -2.75643894e-01,  1.03451522e-01,  1.45384380e+00,
       -2.69716187e+00, -1.19477866e+00,  1.64143040e-03, -4.00380769e-02,
        0.00000000e+00,  0.00000000e+00,  0.00000000e+00,  0.00000000e+00,
        0.00000000e+00,  0.00000000e+00,  0.00000000e+00,  0.00000000e+00,
        0.00000000e+00,  0.00000000e+00,  0.00000000e+00,  0.00000000e+00,
        0.00000000e+00,  0.00000000e+00,  0.00000000e+00,  0.00000000e+00,
        0.00000000e+00,  0.00000000e+00,  0.00000000e+00,  0.00000000e+00,
        0.00000000e+00,  0.00000000e+00,  0.00000000e+00,  0.00000000e+00]), q99=array([ 1.25709046e-01,  3.27069047e-01,  1.25547892e+00,  3.66470913e+00,
        2.30573786e+00,  5.80337930e-01,  4.02928781e-02, -1.70643236e-03,
        0.00000000e+00,  0.00000000e+00,  0.00000000e+00,  0.00000000e+00,
        0.00000000e+00,  0.00000000e+00,  0.00000000e+00,  0.00000000e+00,
        0.00000000e+00,  0.00000000e+00,  0.00000000e+00,  0.00000000e+00,
        0.00000000e+00,  0.00000000e+00,  0.00000000e+00,  0.00000000e+00,
        0.00000000e+00,  0.00000000e+00,  0.00000000e+00,  0.00000000e+00,
        0.00000000e+00,  0.00000000e+00,  0.00000000e+00,  0.00000000e+00])), 'actions': NormStats(mean=array([ 0.13082495,  0.03510264, -0.99502772, -2.99781322,  0.11946776,
        0.08388595, -0.0420391 ,  0.        ,  0.        ,  0.        ,
        0.        ,  0.        ,  0.        ,  0.        ,  0.        ,
        0.        ,  0.        ,  0.        ,  0.        ,  0.        ,
        0.        ,  0.        ,  0.        ,  0.        ,  0.        ,
        0.        ,  0.        ,  0.        ,  0.        ,  0.        ,
        0.        ,  0.        ]), std=array([0.34118709, 0.37048841, 0.53519309, 0.3816036 , 0.88830632,
       0.3197473 , 0.99911594, 0.        , 0.        , 0.        ,
       0.        , 0.        , 0.        , 0.        , 0.        ,
       0.        , 0.        , 0.        , 0.        , 0.        ,
       0.        , 0.        , 0.        , 0.        , 0.        ,
       0.        , 0.        , 0.        , 0.        , 0.        ,
       0.        , 0.        ]), q01=array([-0.62691881, -0.85612705, -1.98400122, -3.60055661, -2.32860803,
       -0.6173897 , -1.        ,  0.        ,  0.        ,  0.        ,
        0.        ,  0.        ,  0.        ,  0.        ,  0.        ,
        0.        ,  0.        ,  0.        ,  0.        ,  0.        ,
        0.        ,  0.        ,  0.        ,  0.        ,  0.        ,
        0.        ,  0.        ,  0.        ,  0.        ,  0.        ,
        0.        ,  0.        ]), q99=array([ 1.01273111,  0.8795515 ,  0.40937937, -1.45586381,  2.69826558,
        1.15884968,  0.9996    ,  0.        ,  0.        ,  0.        ,
        0.        ,  0.        ,  0.        ,  0.        ,  0.        ,
        0.        ,  0.        ,  0.        ,  0.        ,  0.        ,
        0.        ,  0.        ,  0.        ,  0.        ,  0.        ,
        0.        ,  0.        ,  0.        ,  0.        ,  0.        ,
        0.        ,  0.        ]))}
 🧟‍♂️🧟‍♂️🧟‍♂️🧟‍♂️ Dataloader Exhuasted/First Epoch: creating a new iterator over the dataloader. 🧟‍♂️🧟‍♂️🧟‍♂️🧟‍♂️
00:20:41.574 [I] Progress on: -/10000 rate:- remaining:? elapsed:00:00 postfix:-                  (268833:tqdm_logging.py:145)
2026-08-20 00:20:55.524529: W external/xla/xla/tsl/framework/bfc_allocator.cc:501] Allocator (GPU_0_bfc) ran out of memory trying to allocate 27.79GiB (rounded to 29834447616)requested by op 
If the cause is memory fragmentation maybe the environment variable 'TF_GPU_ALLOCATOR=cuda_malloc_async' will improve the situation. 
Current allocation summary follows.
Current allocation summary follows.
2026-08-20 00:20:55.524855: W external/xla/xla/tsl/framework/bfc_allocator.cc:512] *__________________*******************************************************************************__
E0820 00:20:55.524922  268833 pjrt_stream_executor_client.cc:2916] Execution of replica 0 failed: RESOURCE_EXHAUSTED: Out of memory while trying to allocate 29834447448 bytes. [tf-allocator-allocation-error='']
00:20:55.529 [I] Progress on: -/10000 rate:- remaining:? elapsed:00:13 postfix:-                  (268833:tqdm_logging.py:145)
Traceback (most recent call last):
  File "/root/RETAIN_code/scripts/train.py", line 399, in <module>
    main(_config.cli())
  File "/root/RETAIN_code/scripts/train.py", line 379, in main
    train_state, info = ptrain_step(train_rng, train_state, batch)
                        ^^^^^^^^^^^^^^^^^^^^^^^^^^^^^^^^^^^^^^^^^^
jaxlib._jax.XlaRuntimeError: RESOURCE_EXHAUSTED: Out of memory while trying to allocate 29834447448 bytes.
--------------------
For simplicity, JAX has removed its internal frames from the traceback of the following exception. Set JAX_TRACEBACK_FILTERING=off to include these.
2026-08-20 00:29:25.660753: E external/local_xla/xla/stream_executor/cuda/cuda_fft.cc:477] Unable to register cuFFT factory: Attempting to register factory for plugin cuFFT when one has already been registered
WARNING: All log messages before absl::InitializeLog() is called are written to STDERR
E0000 00:00:1787185765.750740  276263 cuda_dnn.cc:8310] Unable to register cuDNN factory: Attempting to register factory for plugin cuDNN when one has already been registered
E0000 00:00:1787185765.783925  276263 cuda_blas.cc:1418] Unable to register cuBLAS factory: Attempting to register factory for plugin cuBLAS when one has already been registered
W0000 00:00:1787185768.495969  276263 gpu_device.cc:2433] TensorFlow was not built with CUDA kernel binaries compatible with compute capability 12.0. CUDA kernels will be jit-compiled from PTX, which could take 30 minutes or longer.
00:29:29.440 [I] Running on: lhy-1                                                                (276263:train.py:301)
INFO:2026-08-20 00:29:29,553:jax._src.xla_bridge:752: Unable to initialize backend 'tpu': INTERNAL: Failed to open libtpu.so: libtpu.so: cannot open shared object file: No such file or directory
00:29:29.553 [I] Unable to initialize backend 'tpu': INTERNAL: Failed to open libtpu.so: libtpu.so: cannot open shared object file: No such file or directory (276263:xla_bridge.py:752)
00:29:32.141 [I] Created BasePyTreeCheckpointHandler: pytree_metadata_options=PyTreeMetadataOptions(support_rich_types=False), array_metadata_store=None (276263:base_pytree_checkpoint_handler.py:332)
00:29:32.141 [I] Created BasePyTreeCheckpointHandler: pytree_metadata_options=PyTreeMetadataOptions(support_rich_types=False), array_metadata_store=None (276263:base_pytree_checkpoint_handler.py:332)
00:29:32.141 [I] [thread=MainThread] Failed to get flag value for EXPERIMENTAL_ORBAX_USE_DISTRIBUTED_PROCESS_ID. (276263:multihost.py:375)
00:29:32.142 [I] [process=0][thread=MainThread] CheckpointManager init: checkpointers=None, item_names=None, item_handlers={'assets': <openpi.training.checkpoints.CallbackHandler object at 0x7437d8abe610>, 'train_state': <orbax.checkpoint._src.handlers.pytree_checkpoint_handler.PyTreeCheckpointHandler object at 0x7437d88076d0>, 'params': <orbax.checkpoint._src.handlers.pytree_checkpoint_handler.PyTreeCheckpointHandler object at 0x7437d8859190>}, handler_registry=None (276263:checkpoint_manager.py:622)
00:29:32.142 [I] Deferred registration for item: "assets". Adding handler `<openpi.training.checkpoints.CallbackHandler object at 0x7437d8abe610>` for item "assets" and save args `<class 'openpi.training.checkpoints.CallbackSave'>` and restore args `<class 'openpi.training.checkpoints.CallbackRestore'>` to `_handler_registry`. (276263:composite_checkpoint_handler.py:239)
00:29:32.142 [I] Deferred registration for item: "train_state". Adding handler `<orbax.checkpoint._src.handlers.pytree_checkpoint_handler.PyTreeCheckpointHandler object at 0x7437d88076d0>` for item "train_state" and save args `<class 'orbax.checkpoint._src.handlers.pytree_checkpoint_handler.PyTreeSaveArgs'>` and restore args `<class 'orbax.checkpoint._src.handlers.pytree_checkpoint_handler.PyTreeRestoreArgs'>` to `_handler_registry`. (276263:composite_checkpoint_handler.py:239)
00:29:32.142 [I] Deferred registration for item: "params". Adding handler `<orbax.checkpoint._src.handlers.pytree_checkpoint_handler.PyTreeCheckpointHandler object at 0x7437d8859190>` for item "params" and save args `<class 'orbax.checkpoint._src.handlers.pytree_checkpoint_handler.PyTreeSaveArgs'>` and restore args `<class 'orbax.checkpoint._src.handlers.pytree_checkpoint_handler.PyTreeRestoreArgs'>` to `_handler_registry`. (276263:composite_checkpoint_handler.py:239)
00:29:32.142 [I] Deferred registration for item: "metrics". Adding handler `<orbax.checkpoint._src.handlers.json_checkpoint_handler.JsonCheckpointHandler object at 0x7437d86e4890>` for item "metrics" and save args `<class 'orbax.checkpoint._src.handlers.json_checkpoint_handler.JsonSaveArgs'>` and restore args `<class 'orbax.checkpoint._src.handlers.json_checkpoint_handler.JsonRestoreArgs'>` to `_handler_registry`. (276263:composite_checkpoint_handler.py:239)
00:29:32.142 [I] Initialized registry DefaultCheckpointHandlerRegistry({('assets', <class 'openpi.training.checkpoints.CallbackSave'>): <openpi.training.checkpoints.CallbackHandler object at 0x7437d8abe610>, ('assets', <class 'openpi.training.checkpoints.CallbackRestore'>): <openpi.training.checkpoints.CallbackHandler object at 0x7437d8abe610>, ('train_state', <class 'orbax.checkpoint._src.handlers.pytree_checkpoint_handler.PyTreeSaveArgs'>): <orbax.checkpoint._src.handlers.pytree_checkpoint_handler.PyTreeCheckpointHandler object at 0x7437d88076d0>, ('train_state', <class 'orbax.checkpoint._src.handlers.pytree_checkpoint_handler.PyTreeRestoreArgs'>): <orbax.checkpoint._src.handlers.pytree_checkpoint_handler.PyTreeCheckpointHandler object at 0x7437d88076d0>, ('params', <class 'orbax.checkpoint._src.handlers.pytree_checkpoint_handler.PyTreeSaveArgs'>): <orbax.checkpoint._src.handlers.pytree_checkpoint_handler.PyTreeCheckpointHandler object at 0x7437d8859190>, ('params', <class 'orbax.checkpoint._src.handlers.pytree_checkpoint_handler.PyTreeRestoreArgs'>): <orbax.checkpoint._src.handlers.pytree_checkpoint_handler.PyTreeCheckpointHandler object at 0x7437d8859190>, ('metrics', <class 'orbax.checkpoint._src.handlers.json_checkpoint_handler.JsonSaveArgs'>): <orbax.checkpoint._src.handlers.json_checkpoint_handler.JsonCheckpointHandler object at 0x7437d86e4890>, ('metrics', <class 'orbax.checkpoint._src.handlers.json_checkpoint_handler.JsonRestoreArgs'>): <orbax.checkpoint._src.handlers.json_checkpoint_handler.JsonCheckpointHandler object at 0x7437d86e4890>}). (276263:composite_checkpoint_handler.py:508)
00:29:32.142 [I] orbax-checkpoint version: 0.11.1                                                 (276263:abstract_checkpointer.py:35)
00:29:32.142 [I] [process=0][thread=MainThread] Using barrier_sync_fn: <function get_barrier_sync_fn.<locals>.<lambda> at 0x7437d805ec00> timeout: 7200 secs and primary_host=0 for async checkpoint writes (276263:async_checkpointer.py:80)
00:29:32.144 [I] Found 0 checkpoint steps in /shared/.cache/retain/checkpoints/retain_repro_pretrain/paper_final_hparams (276263:checkpoint_manager.py:1528)
00:29:32.144 [I] Saving root metadata                                                             (276263:checkpoint_manager.py:1569)
00:29:32.144 [I] [process=0][thread=MainThread] Skipping global process sync, barrier name: CheckpointManager:save_metadata (276263:multihost.py:293)
00:29:32.144 [I] [process=0][thread=MainThread] CheckpointManager created,  primary_host=0, CheckpointManagerOptions=CheckpointManagerOptions(save_interval_steps=1, max_to_keep=1, keep_time_interval=None, keep_period=None, should_keep_fn=None, best_fn=None, best_mode='max', keep_checkpoints_without_metrics=True, step_prefix=None, step_format_fixed_length=None, step_name_format=None, create=False, cleanup_tmp_directories=False, save_on_steps=frozenset(), single_host_load_and_broadcast=False, todelete_subdir=None, enable_background_delete=False, read_only=False, enable_async_checkpointing=True, async_options=AsyncOptions(timeout_secs=7200, barrier_sync_fn=None, post_finalization_callback=None, create_directories_asynchronously=False), multiprocessing_options=MultiprocessingOptions(primary_host=0, active_processes=None, barrier_sync_key_prefix=None), should_save_fn=None, file_options=FileOptions(path_permission_mode=None), save_root_metadata=True, temporary_path_class=None, save_decision_policy=None), root_directory=/shared/.cache/retain/checkpoints/retain_repro_pretrain/paper_final_hparams: <orbax.checkpoint.checkpoint_manager.CheckpointManager object at 0x7437d899c8d0> (276263:checkpoint_manager.py:797)
00:29:32.144 [I] Checkpoint directory exists, but does not contain any checkpoints. Aborting resume. (276263:checkpoints.py:55)
00:29:32.241 [I] Loaded norm stats from assets/pi0_libero_pretrain                                (276263:config.py:197)
00:29:32.308 [I] Loaded norm stats from assets/pi0_libero_pretrain                                (276263:config.py:197)
00:29:32.373 [I] Loaded norm stats from assets/pi0_libero_pretrain                                (276263:config.py:197)
00:29:32.438 [I] Loaded norm stats from assets/pi0_libero_pretrain                                (276263:config.py:197)
00:29:32.503 [I] Loaded norm stats from assets/pi0_libero_pretrain                                (276263:config.py:197)
00:29:32.650 [I] Load dataset info from /shared/.cache/retain/libero/datasets/libero_goal_reduced/1.0.0 (276263:dataset_info.py:707)
00:29:32.659 [I] Creating a tf.data.Dataset reading 16 files located in folders: /shared/.cache/retain/libero/datasets/libero_goal_reduced/1.0.0. (276263:reader.py:262)
00:29:32.727 [I] Constructing tf.data.Dataset libero_goal_reduced for split all, from /shared/.cache/retain/libero/datasets/libero_goal_reduced/1.0.0 (276263:logging_logger.py:49)
00:29:32.964 [I] Creating a tf.data.Dataset reading 16 files located in folders: /shared/.cache/retain/libero/datasets/libero_goal_reduced/1.0.0. (276263:reader.py:262)
00:29:32.992 [I] Constructing tf.data.Dataset libero_goal_reduced for split train, from /shared/.cache/retain/libero/datasets/libero_goal_reduced/1.0.0 (276263:logging_logger.py:49)
00:29:33.053 [I] Load dataset info from /shared/.cache/retain/libero/datasets/libero_object_reduced/1.0.0 (276263:dataset_info.py:707)
00:29:33.060 [I] Creating a tf.data.Dataset reading 32 files located in folders: /shared/.cache/retain/libero/datasets/libero_object_reduced/1.0.0. (276263:reader.py:262)
00:29:33.084 [I] Constructing tf.data.Dataset libero_object_reduced for split all, from /shared/.cache/retain/libero/datasets/libero_object_reduced/1.0.0 (276263:logging_logger.py:49)
00:29:33.143 [I] Creating a tf.data.Dataset reading 32 files located in folders: /shared/.cache/retain/libero/datasets/libero_object_reduced/1.0.0. (276263:reader.py:262)
00:29:33.168 [I] Constructing tf.data.Dataset libero_object_reduced for split train, from /shared/.cache/retain/libero/datasets/libero_object_reduced/1.0.0 (276263:logging_logger.py:49)
00:29:33.230 [I] Load dataset info from /shared/.cache/retain/libero/datasets/libero_spatial_reduced/1.0.0 (276263:dataset_info.py:707)
00:29:33.236 [I] Creating a tf.data.Dataset reading 16 files located in folders: /shared/.cache/retain/libero/datasets/libero_spatial_reduced/1.0.0. (276263:reader.py:262)
00:29:33.261 [I] Constructing tf.data.Dataset libero_spatial_reduced for split all, from /shared/.cache/retain/libero/datasets/libero_spatial_reduced/1.0.0 (276263:logging_logger.py:49)
00:29:33.318 [I] Creating a tf.data.Dataset reading 16 files located in folders: /shared/.cache/retain/libero/datasets/libero_spatial_reduced/1.0.0. (276263:reader.py:262)
00:29:33.343 [I] Constructing tf.data.Dataset libero_spatial_reduced for split train, from /shared/.cache/retain/libero/datasets/libero_spatial_reduced/1.0.0 (276263:logging_logger.py:49)
00:29:33.403 [I] Load dataset info from /shared/.cache/retain/libero/datasets/libero_90_flipped/1.0.0 (276263:dataset_info.py:707)
00:29:33.419 [I] Creating a tf.data.Dataset reading 256 files located in folders: /shared/.cache/retain/libero/datasets/libero_90_flipped/1.0.0. (276263:reader.py:262)
00:29:33.448 [I] Constructing tf.data.Dataset libero_90_flipped for split all, from /shared/.cache/retain/libero/datasets/libero_90_flipped/1.0.0 (276263:logging_logger.py:49)
00:29:33.527 [I] Creating a tf.data.Dataset reading 256 files located in folders: /shared/.cache/retain/libero/datasets/libero_90_flipped/1.0.0. (276263:reader.py:262)
00:29:33.558 [I] Constructing tf.data.Dataset libero_90_flipped for split train, from /shared/.cache/retain/libero/datasets/libero_90_flipped/1.0.0 (276263:logging_logger.py:49)
00:29:33.635 [I] Load dataset info from /shared/.cache/retain/libero/datasets/libero_goal_reduced/1.0.0 (276263:dataset_info.py:707)
00:29:33.641 [I] Creating a tf.data.Dataset reading 16 files located in folders: /shared/.cache/retain/libero/datasets/libero_goal_reduced/1.0.0. (276263:reader.py:262)
00:29:33.668 [I] Constructing tf.data.Dataset libero_goal_reduced for split train, from /shared/.cache/retain/libero/datasets/libero_goal_reduced/1.0.0 (276263:logging_logger.py:49)
00:29:34.267 [W] future_action_window_size > 0 but no absolute_action_mask was provided. Assuming all actions are relative for the purpose of making neutral actions. (276263:function_wrappers.py:112)
00:29:35.525 [W] No resize_size was provided for image_wrist. This will result in 1x1 padding images, which may cause errors if you mix padding and non-padding images. (276263:api.py:460)
00:29:35.531 [W] No resize_size was provided for image_secondary. This will result in 1x1 padding images, which may cause errors if you mix padding and non-padding images. (276263:api.py:460)
00:29:35.535 [W] No resize_size was provided for image_primary. This will result in 1x1 padding images, which may cause errors if you mix padding and non-padding images. (276263:api.py:460)
00:29:35.552 [I] Load dataset info from /shared/.cache/retain/libero/datasets/libero_object_reduced/1.0.0 (276263:dataset_info.py:707)
00:29:35.559 [I] Creating a tf.data.Dataset reading 32 files located in folders: /shared/.cache/retain/libero/datasets/libero_object_reduced/1.0.0. (276263:reader.py:262)
00:29:35.585 [I] Constructing tf.data.Dataset libero_object_reduced for split train, from /shared/.cache/retain/libero/datasets/libero_object_reduced/1.0.0 (276263:logging_logger.py:49)
00:29:35.675 [W] future_action_window_size > 0 but no absolute_action_mask was provided. Assuming all actions are relative for the purpose of making neutral actions. (276263:function_wrappers.py:112)
00:29:35.707 [W] No resize_size was provided for image_wrist. This will result in 1x1 padding images, which may cause errors if you mix padding and non-padding images. (276263:api.py:460)
00:29:35.711 [W] No resize_size was provided for image_secondary. This will result in 1x1 padding images, which may cause errors if you mix padding and non-padding images. (276263:api.py:460)
00:29:35.715 [W] No resize_size was provided for image_primary. This will result in 1x1 padding images, which may cause errors if you mix padding and non-padding images. (276263:api.py:460)
00:29:35.732 [I] Load dataset info from /shared/.cache/retain/libero/datasets/libero_spatial_reduced/1.0.0 (276263:dataset_info.py:707)
00:29:35.738 [I] Creating a tf.data.Dataset reading 16 files located in folders: /shared/.cache/retain/libero/datasets/libero_spatial_reduced/1.0.0. (276263:reader.py:262)
00:29:35.763 [I] Constructing tf.data.Dataset libero_spatial_reduced for split train, from /shared/.cache/retain/libero/datasets/libero_spatial_reduced/1.0.0 (276263:logging_logger.py:49)
00:29:35.854 [W] future_action_window_size > 0 but no absolute_action_mask was provided. Assuming all actions are relative for the purpose of making neutral actions. (276263:function_wrappers.py:112)
00:29:35.886 [W] No resize_size was provided for image_wrist. This will result in 1x1 padding images, which may cause errors if you mix padding and non-padding images. (276263:api.py:460)
00:29:35.890 [W] No resize_size was provided for image_secondary. This will result in 1x1 padding images, which may cause errors if you mix padding and non-padding images. (276263:api.py:460)
00:29:35.894 [W] No resize_size was provided for image_primary. This will result in 1x1 padding images, which may cause errors if you mix padding and non-padding images. (276263:api.py:460)
00:29:35.910 [I] Load dataset info from /shared/.cache/retain/libero/datasets/libero_90_flipped/1.0.0 (276263:dataset_info.py:707)
00:29:35.926 [I] Creating a tf.data.Dataset reading 256 files located in folders: /shared/.cache/retain/libero/datasets/libero_90_flipped/1.0.0. (276263:reader.py:262)
00:29:35.958 [I] Constructing tf.data.Dataset libero_90_flipped for split train, from /shared/.cache/retain/libero/datasets/libero_90_flipped/1.0.0 (276263:logging_logger.py:49)
00:29:36.063 [W] future_action_window_size > 0 but no absolute_action_mask was provided. Assuming all actions are relative for the purpose of making neutral actions. (276263:function_wrappers.py:112)
00:29:36.096 [W] No resize_size was provided for image_wrist. This will result in 1x1 padding images, which may cause errors if you mix padding and non-padding images. (276263:api.py:460)
00:29:36.100 [W] No resize_size was provided for image_secondary. This will result in 1x1 padding images, which may cause errors if you mix padding and non-padding images. (276263:api.py:460)
00:29:36.103 [W] No resize_size was provided for image_primary. This will result in 1x1 padding images, which may cause errors if you mix padding and non-padding images. (276263:api.py:460)
00:29:42.561 [I] Initialized data loader:
[0].images['base_0_rgb']: (16, 224, 224, 3)@float32
[0].images['left_wrist_0_rgb']: (16, 224, 224, 3)@float32
[0].images['right_wrist_0_rgb']: (16, 224, 224, 3)@float32
[0].image_masks['base_0_rgb']: (16,)@bool
[0].image_masks['left_wrist_0_rgb']: (16,)@bool
[0].image_masks['right_wrist_0_rgb']: (16,)@bool
[0].state: (16, 32)@float32
[0].tokenized_prompt: (16, 48)@int32
[0].tokenized_prompt_mask: (16, 48)@bool
[1]: (16, 50, 32)@float32 (276263:train.py:341)
wandb: WARNING Data passed to `wandb.Image` should consist of values in the range [0, 255], image data will be normalized to this range, but behavior will be removed in a future version of wandb.
00:29:42.876 [I] LR Schedule Config: CosineDecaySchedule(warmup_steps=1000, peak_lr=2.5e-05, decay_steps=30000, decay_lr=2.5e-06) (276263:train.py:90)
00:29:42.876 [I] Optimizer Config: AdamW(b1=0.9, b2=0.95, eps=1e-08, weight_decay=1e-10, clip_gradient_norm=1.0) (276263:train.py:91)
00:29:50.338 [I] Loading weights into partial_params                                              (276263:train.py:127)
00:29:50.339 [I] Created BasePyTreeCheckpointHandler: pytree_metadata_options=PyTreeMetadataOptions(support_rich_types=False), array_metadata_store=None (276263:base_pytree_checkpoint_handler.py:332)
00:29:50.364 [I] Restoring checkpoint from /shared/.cache/retain/openpi/openpi-assets/checkpoints/pi0_base/params. (276263:checkpointer.py:256)
00:30:12.369 [I] [process=0] /jax/checkpoint/read/bytes_per_sec: 561.4 MiB/s (total bytes: 12.1 GiB) (time elapsed: 22 seconds) (per-host) (276263:base_pytree_checkpoint_handler.py:113)
00:30:12.369 [I] Finished restoring checkpoint from /shared/.cache/retain/openpi/openpi-assets/checkpoints/pi0_base/params. (276263:checkpointer.py:259)
00:30:12.370 [I] [process=0][thread=MainThread] Skipping global process sync, barrier name: Checkpointer:restore (276263:multihost.py:293)
00:30:36.048 [I] Finished loading weights                                                         (276263:train.py:130)
2026-08-20 00:30:36.244379: W external/xla/xla/hlo/transforms/simplifiers/hlo_rematerialization.cc:3023] Can't reduce memory use below 29.11GiB (31260410775 bytes) by rematerialization; only reduced to 48.25GiB (51808779708 bytes), down from 48.25GiB (51808779708 bytes) originally
00:30:39.525 [I] Initialized train state:
['PaliGemma']['img']['Transformer']['encoder_norm']['bias'].value: (1152,)@float32
['PaliGemma']['img']['Transformer']['encoder_norm']['scale'].value: (1152,)@float32
['PaliGemma']['img']['Transformer']['encoderblock']['LayerNorm_0']['bias'].value: (27, 1152)@float32
['PaliGemma']['img']['Transformer']['encoderblock']['LayerNorm_0']['scale'].value: (27, 1152)@float32
['PaliGemma']['img']['Transformer']['encoderblock']['LayerNorm_1']['bias'].value: (27, 1152)@float32
['PaliGemma']['img']['Transformer']['encoderblock']['LayerNorm_1']['scale'].value: (27, 1152)@float32
['PaliGemma']['img']['Transformer']['encoderblock']['MlpBlock_0']['Dense_0']['bias'].value: (27, 4304)@float32
['PaliGemma']['img']['Transformer']['encoderblock']['MlpBlock_0']['Dense_0']['kernel'].value: (27, 1152, 4304)@float32
['PaliGemma']['img']['Transformer']['encoderblock']['MlpBlock_0']['Dense_1']['bias'].value: (27, 1152)@float32
['PaliGemma']['img']['Transformer']['encoderblock']['MlpBlock_0']['Dense_1']['kernel'].value: (27, 4304, 1152)@float32
['PaliGemma']['img']['Transformer']['encoderblock']['MultiHeadDotProductAttention_0']['key']['bias'].value: (27, 16, 72)@float32
['PaliGemma']['img']['Transformer']['encoderblock']['MultiHeadDotProductAttention_0']['key']['kernel'].value: (27, 1152, 16, 72)@float32
['PaliGemma']['img']['Transformer']['encoderblock']['MultiHeadDotProductAttention_0']['out']['bias'].value: (27, 1152)@float32
['PaliGemma']['img']['Transformer']['encoderblock']['MultiHeadDotProductAttention_0']['out']['kernel'].value: (27, 16, 72, 1152)@float32
['PaliGemma']['img']['Transformer']['encoderblock']['MultiHeadDotProductAttention_0']['query']['bias'].value: (27, 16, 72)@float32
['PaliGemma']['img']['Transformer']['encoderblock']['MultiHeadDotProductAttention_0']['query']['kernel'].value: (27, 1152, 16, 72)@float32
['PaliGemma']['img']['Transformer']['encoderblock']['MultiHeadDotProductAttention_0']['value']['bias'].value: (27, 16, 72)@float32
['PaliGemma']['img']['Transformer']['encoderblock']['MultiHeadDotProductAttention_0']['value']['kernel'].value: (27, 1152, 16, 72)@float32
['PaliGemma']['img']['embedding']['bias'].value: (1152,)@float32
['PaliGemma']['img']['embedding']['kernel'].value: (14, 14, 3, 1152)@float32
['PaliGemma']['img']['head']['bias'].value: (2048,)@float32
['PaliGemma']['img']['head']['kernel'].value: (1152, 2048)@float32
['PaliGemma']['img']['pos_embedding'].value: (1, 256, 1152)@float32
['PaliGemma']['llm']['embedder']['input_embedding'].value: (257152, 2048)@float32
['PaliGemma']['llm']['final_norm']['scale'].value: (2048,)@float32
['PaliGemma']['llm']['final_norm_1']['scale'].value: (1024,)@float32
['PaliGemma']['llm']['layers']['attn']['attn_vec_einsum']['w'].value: (18, 8, 256, 2048)@float32
['PaliGemma']['llm']['layers']['attn']['attn_vec_einsum_1']['w'].value: (18, 8, 256, 1024)@float32
['PaliGemma']['llm']['layers']['attn']['kv_einsum']['w'].value: (18, 2, 1, 2048, 256)@float32
['PaliGemma']['llm']['layers']['attn']['kv_einsum_1']['w'].value: (18, 2, 1, 1024, 256)@float32
['PaliGemma']['llm']['layers']['attn']['q_einsum']['w'].value: (18, 8, 2048, 256)@float32
['PaliGemma']['llm']['layers']['attn']['q_einsum_1']['w'].value: (18, 8, 1024, 256)@float32
['PaliGemma']['llm']['layers']['mlp']['gating_einsum'].value: (18, 2, 2048, 16384)@float32
['PaliGemma']['llm']['layers']['mlp']['linear'].value: (18, 16384, 2048)@float32
['PaliGemma']['llm']['layers']['mlp_1']['gating_einsum'].value: (18, 2, 1024, 4096)@float32
['PaliGemma']['llm']['layers']['mlp_1']['linear'].value: (18, 4096, 1024)@float32
['PaliGemma']['llm']['layers']['pre_attention_norm']['scale'].value: (18, 2048)@float32
['PaliGemma']['llm']['layers']['pre_attention_norm_1']['scale'].value: (18, 1024)@float32
['PaliGemma']['llm']['layers']['pre_ffw_norm']['scale'].value: (18, 2048)@float32
['PaliGemma']['llm']['layers']['pre_ffw_norm_1']['scale'].value: (18, 1024)@float32
['action_in_proj']['bias'].value: (1024,)@float32
['action_in_proj']['kernel'].value: (32, 1024)@float32
['action_out_proj']['bias'].value: (32,)@float32
['action_out_proj']['kernel'].value: (1024, 32)@float32
['action_time_mlp_in']['bias'].value: (1024,)@float32
['action_time_mlp_in']['kernel'].value: (2048, 1024)@float32
['action_time_mlp_out']['bias'].value: (1024,)@float32
['action_time_mlp_out']['kernel'].value: (1024, 1024)@float32
['state_proj']['bias'].value: (1024,)@float32
['state_proj']['kernel'].value: (32, 1024)@float32 (276263:train.py:355)
00:30:39.526 [I] Trainable params:
['PaliGemma']['img']['Transformer']['encoder_norm']['bias'].value: (1152,)@float32
['PaliGemma']['img']['Transformer']['encoder_norm']['scale'].value: (1152,)@float32
['PaliGemma']['img']['Transformer']['encoderblock']['LayerNorm_0']['bias'].value: (27, 1152)@float32
['PaliGemma']['img']['Transformer']['encoderblock']['LayerNorm_0']['scale'].value: (27, 1152)@float32
['PaliGemma']['img']['Transformer']['encoderblock']['LayerNorm_1']['bias'].value: (27, 1152)@float32
['PaliGemma']['img']['Transformer']['encoderblock']['LayerNorm_1']['scale'].value: (27, 1152)@float32
['PaliGemma']['img']['Transformer']['encoderblock']['MlpBlock_0']['Dense_0']['bias'].value: (27, 4304)@float32
['PaliGemma']['img']['Transformer']['encoderblock']['MlpBlock_0']['Dense_0']['kernel'].value: (27, 1152, 4304)@float32
['PaliGemma']['img']['Transformer']['encoderblock']['MlpBlock_0']['Dense_1']['bias'].value: (27, 1152)@float32
['PaliGemma']['img']['Transformer']['encoderblock']['MlpBlock_0']['Dense_1']['kernel'].value: (27, 4304, 1152)@float32
['PaliGemma']['img']['Transformer']['encoderblock']['MultiHeadDotProductAttention_0']['key']['bias'].value: (27, 16, 72)@float32
['PaliGemma']['img']['Transformer']['encoderblock']['MultiHeadDotProductAttention_0']['key']['kernel'].value: (27, 1152, 16, 72)@float32
['PaliGemma']['img']['Transformer']['encoderblock']['MultiHeadDotProductAttention_0']['out']['bias'].value: (27, 1152)@float32
['PaliGemma']['img']['Transformer']['encoderblock']['MultiHeadDotProductAttention_0']['out']['kernel'].value: (27, 16, 72, 1152)@float32
['PaliGemma']['img']['Transformer']['encoderblock']['MultiHeadDotProductAttention_0']['query']['bias'].value: (27, 16, 72)@float32
['PaliGemma']['img']['Transformer']['encoderblock']['MultiHeadDotProductAttention_0']['query']['kernel'].value: (27, 1152, 16, 72)@float32
['PaliGemma']['img']['Transformer']['encoderblock']['MultiHeadDotProductAttention_0']['value']['bias'].value: (27, 16, 72)@float32
['PaliGemma']['img']['Transformer']['encoderblock']['MultiHeadDotProductAttention_0']['value']['kernel'].value: (27, 1152, 16, 72)@float32
['PaliGemma']['img']['embedding']['bias'].value: (1152,)@float32
['PaliGemma']['img']['embedding']['kernel'].value: (14, 14, 3, 1152)@float32
['PaliGemma']['img']['head']['bias'].value: (2048,)@float32
['PaliGemma']['img']['head']['kernel'].value: (1152, 2048)@float32
['PaliGemma']['img']['pos_embedding'].value: (1, 256, 1152)@float32
['PaliGemma']['llm']['embedder']['input_embedding'].value: (257152, 2048)@float32
['PaliGemma']['llm']['final_norm']['scale'].value: (2048,)@float32
['PaliGemma']['llm']['final_norm_1']['scale'].value: (1024,)@float32
['PaliGemma']['llm']['layers']['attn']['attn_vec_einsum']['w'].value: (18, 8, 256, 2048)@float32
['PaliGemma']['llm']['layers']['attn']['attn_vec_einsum_1']['w'].value: (18, 8, 256, 1024)@float32
['PaliGemma']['llm']['layers']['attn']['kv_einsum']['w'].value: (18, 2, 1, 2048, 256)@float32
['PaliGemma']['llm']['layers']['attn']['kv_einsum_1']['w'].value: (18, 2, 1, 1024, 256)@float32
['PaliGemma']['llm']['layers']['attn']['q_einsum']['w'].value: (18, 8, 2048, 256)@float32
['PaliGemma']['llm']['layers']['attn']['q_einsum_1']['w'].value: (18, 8, 1024, 256)@float32
['PaliGemma']['llm']['layers']['mlp']['gating_einsum'].value: (18, 2, 2048, 16384)@float32
['PaliGemma']['llm']['layers']['mlp']['linear'].value: (18, 16384, 2048)@float32
['PaliGemma']['llm']['layers']['mlp_1']['gating_einsum'].value: (18, 2, 1024, 4096)@float32
['PaliGemma']['llm']['layers']['mlp_1']['linear'].value: (18, 4096, 1024)@float32
['PaliGemma']['llm']['layers']['pre_attention_norm']['scale'].value: (18, 2048)@float32
['PaliGemma']['llm']['layers']['pre_attention_norm_1']['scale'].value: (18, 1024)@float32
['PaliGemma']['llm']['layers']['pre_ffw_norm']['scale'].value: (18, 2048)@float32
['PaliGemma']['llm']['layers']['pre_ffw_norm_1']['scale'].value: (18, 1024)@float32
['action_in_proj']['bias'].value: (1024,)@float32
['action_in_proj']['kernel'].value: (32, 1024)@float32
['action_out_proj']['bias'].value: (32,)@float32
['action_out_proj']['kernel'].value: (1024, 32)@float32
['action_time_mlp_in']['bias'].value: (1024,)@float32
['action_time_mlp_in']['kernel'].value: (2048, 1024)@float32
['action_time_mlp_out']['bias'].value: (1024,)@float32
['action_time_mlp_out']['kernel'].value: (1024, 1024)@float32
['state_proj']['bias'].value: (1024,)@float32
['state_proj']['kernel'].value: (32, 1024)@float32 (276263:train.py:356)
THIS DATASET HAS NUM_TRAJECTORIES 349  AND NUM_TRANSITIONS 39799
THIS DATASET HAS NUM_TRAJECTORIES 365  AND NUM_TRANSITIONS 53739
THIS DATASET HAS NUM_TRAJECTORIES 343  AND NUM_TRANSITIONS 42391
THIS DATASET HAS NUM_TRAJECTORIES 3917  AND NUM_TRANSITIONS 567494

######################################################################################
# Loading the following 4 datasets (incl. sampling weight):                         #
# libero_goal_reduced: =====================================================0.070376 #
# libero_object_reduced: ===================================================0.090581 #
# libero_spatial_reduced: ==================================================0.071630 #
# libero_90_flipped: =======================================================0.767413 #
######################################################################################

norm_stats are  {'state': NormStats(mean=array([-0.07459474,  0.01886539,  0.89401907,  3.00154734, -0.11657909,
       -0.09116436,  0.02634243, -0.02669393,  0.        ,  0.        ,
        0.        ,  0.        ,  0.        ,  0.        ,  0.        ,
        0.        ,  0.        ,  0.        ,  0.        ,  0.        ,
        0.        ,  0.        ,  0.        ,  0.        ,  0.        ,
        0.        ,  0.        ,  0.        ,  0.        ,  0.        ,
        0.        ,  0.        ]), std=array([0.11267885, 0.14551789, 0.30485129, 0.38380396, 0.88596892,
       0.30852371, 0.0146244 , 0.01449694, 0.        , 0.        ,
       0.        , 0.        , 0.        , 0.        , 0.        ,
       0.        , 0.        , 0.        , 0.        , 0.        ,
       0.        , 0.        , 0.        , 0.        , 0.        ,
       0.        , 0.        , 0.        , 0.        , 0.        ,
       0.        , 0.        ]), q01=array([-4.04978513e-01, -2.75643894e-01,  1.03451522e-01,  1.45384380e+00,
       -2.69716187e+00, -1.19477866e+00,  1.64143040e-03, -4.00380769e-02,
        0.00000000e+00,  0.00000000e+00,  0.00000000e+00,  0.00000000e+00,
        0.00000000e+00,  0.00000000e+00,  0.00000000e+00,  0.00000000e+00,
        0.00000000e+00,  0.00000000e+00,  0.00000000e+00,  0.00000000e+00,
        0.00000000e+00,  0.00000000e+00,  0.00000000e+00,  0.00000000e+00,
        0.00000000e+00,  0.00000000e+00,  0.00000000e+00,  0.00000000e+00,
        0.00000000e+00,  0.00000000e+00,  0.00000000e+00,  0.00000000e+00]), q99=array([ 1.25709046e-01,  3.27069047e-01,  1.25547892e+00,  3.66470913e+00,
        2.30573786e+00,  5.80337930e-01,  4.02928781e-02, -1.70643236e-03,
        0.00000000e+00,  0.00000000e+00,  0.00000000e+00,  0.00000000e+00,
        0.00000000e+00,  0.00000000e+00,  0.00000000e+00,  0.00000000e+00,
        0.00000000e+00,  0.00000000e+00,  0.00000000e+00,  0.00000000e+00,
        0.00000000e+00,  0.00000000e+00,  0.00000000e+00,  0.00000000e+00,
        0.00000000e+00,  0.00000000e+00,  0.00000000e+00,  0.00000000e+00,
        0.00000000e+00,  0.00000000e+00,  0.00000000e+00,  0.00000000e+00])), 'actions': NormStats(mean=array([ 0.13082495,  0.03510264, -0.99502772, -2.99781322,  0.11946776,
        0.08388595, -0.0420391 ,  0.        ,  0.        ,  0.        ,
        0.        ,  0.        ,  0.        ,  0.        ,  0.        ,
        0.        ,  0.        ,  0.        ,  0.        ,  0.        ,
        0.        ,  0.        ,  0.        ,  0.        ,  0.        ,
        0.        ,  0.        ,  0.        ,  0.        ,  0.        ,
        0.        ,  0.        ]), std=array([0.34118709, 0.37048841, 0.53519309, 0.3816036 , 0.88830632,
       0.3197473 , 0.99911594, 0.        , 0.        , 0.        ,
       0.        , 0.        , 0.        , 0.        , 0.        ,
       0.        , 0.        , 0.        , 0.        , 0.        ,
       0.        , 0.        , 0.        , 0.        , 0.        ,
       0.        , 0.        , 0.        , 0.        , 0.        ,
       0.        , 0.        ]), q01=array([-0.62691881, -0.85612705, -1.98400122, -3.60055661, -2.32860803,
       -0.6173897 , -1.        ,  0.        ,  0.        ,  0.        ,
        0.        ,  0.        ,  0.        ,  0.        ,  0.        ,
        0.        ,  0.        ,  0.        ,  0.        ,  0.        ,
        0.        ,  0.        ,  0.        ,  0.        ,  0.        ,
        0.        ,  0.        ,  0.        ,  0.        ,  0.        ,
        0.        ,  0.        ]), q99=array([ 1.01273111,  0.8795515 ,  0.40937937, -1.45586381,  2.69826558,
        1.15884968,  0.9996    ,  0.        ,  0.        ,  0.        ,
        0.        ,  0.        ,  0.        ,  0.        ,  0.        ,
        0.        ,  0.        ,  0.        ,  0.        ,  0.        ,
        0.        ,  0.        ,  0.        ,  0.        ,  0.        ,
        0.        ,  0.        ,  0.        ,  0.        ,  0.        ,
        0.        ,  0.        ]))}
 🧟‍♂️🧟‍♂️🧟‍♂️🧟‍♂️ Dataloader Exhuasted/First Epoch: creating a new iterator over the dataloader. 🧟‍♂️🧟‍♂️🧟‍♂️🧟‍♂️
00:30:39.536 [I] Progress on: -/10000 rate:- remaining:? elapsed:00:00 postfix:-                  (276263:tqdm_logging.py:145)
2026-08-20 00:30:50.417518: W external/xla/xla/hlo/transforms/simplifiers/hlo_rematerialization.cc:3023] Can't reduce memory use below 29.09GiB (31232851495 bytes) by rematerialization; only reduced to 62.52GiB (67132000764 bytes), down from 62.62GiB (67235514508 bytes) originally
00:31:06.853 [I] Progress on: -/10000 rate:- remaining:? elapsed:00:27 postfix:-                  (276263:tqdm_logging.py:145)
00:31:17.747 [I] Progress on: 6.00it/10.0kit rate:3.6s/it remaining:10:06:33 elapsed:00:38 postfix:- (276263:tqdm_logging.py:145)
00:31:28.866 [I] Progress on: 11.0it/10.0kit rate:2.4s/it remaining:6:45:55 elapsed:00:49 postfix:- (276263:tqdm_logging.py:145)
00:31:39.993 [I] Progress on: 16.0it/10.0kit rate:2.3s/it remaining:6:16:03 elapsed:01:00 postfix:- (276263:tqdm_logging.py:145)
00:31:51.121 [I] Progress on: 21.0it/10.0kit rate:2.2s/it remaining:6:10:56 elapsed:01:11 postfix:- (276263:tqdm_logging.py:145)
00:32:02.660 [I] Progress on: 25.0it/10.0kit rate:2.2s/it remaining:6:10:33 elapsed:01:23 postfix:- (276263:tqdm_logging.py:145)
00:32:13.499 [I] Progress on: 31.0it/10.0kit rate:2.2s/it remaining:6:09:28 elapsed:01:33 postfix:- (276263:tqdm_logging.py:145)
00:32:24.629 [I] Progress on: 36.0it/10.0kit rate:2.2s/it remaining:6:09:29 elapsed:01:45 postfix:- (276263:tqdm_logging.py:145)
00:32:35.771 [I] Progress on: 41.0it/10.0kit rate:2.2s/it remaining:6:09:50 elapsed:01:56 postfix:- (276263:tqdm_logging.py:145)
00:32:46.887 [I] Progress on: 46.0it/10.0kit rate:2.2s/it remaining:6:09:17 elapsed:02:07 postfix:- (276263:tqdm_logging.py:145)
00:32:58.342 [I] Progress on: 50.0it/10.0kit rate:2.2s/it remaining:6:08:57 elapsed:02:18 postfix:- (276263:tqdm_logging.py:145)
00:33:09.207 [I] Progress on: 56.0it/10.0kit rate:2.2s/it remaining:6:08:17 elapsed:02:29 postfix:- (276263:tqdm_logging.py:145)
00:33:20.341 [I] Progress on: 61.0it/10.0kit rate:2.2s/it remaining:6:08:42 elapsed:02:40 postfix:- (276263:tqdm_logging.py:145)
00:33:31.468 [I] Progress on: 66.0it/10.0kit rate:2.2s/it remaining:6:08:21 elapsed:02:51 postfix:- (276263:tqdm_logging.py:145)
00:33:42.598 [I] Progress on: 71.0it/10.0kit rate:2.2s/it remaining:6:08:24 elapsed:03:03 postfix:- (276263:tqdm_logging.py:145)
00:33:54.059 [I] Progress on: 75.0it/10.0kit rate:2.2s/it remaining:6:08:06 elapsed:03:14 postfix:- (276263:tqdm_logging.py:145)
00:34:04.924 [I] Progress on: 81.0it/10.0kit rate:2.2s/it remaining:6:07:25 elapsed:03:25 postfix:- (276263:tqdm_logging.py:145)
00:34:16.050 [I] Progress on: 86.0it/10.0kit rate:2.2s/it remaining:6:07:57 elapsed:03:36 postfix:- (276263:tqdm_logging.py:145)
00:34:27.174 [I] Progress on: 91.0it/10.0kit rate:2.2s/it remaining:6:07:31 elapsed:03:47 postfix:- (276263:tqdm_logging.py:145)
00:34:38.307 [I] Progress on: 96.0it/10.0kit rate:2.2s/it remaining:6:07:36 elapsed:03:58 postfix:- (276263:tqdm_logging.py:145)
00:34:49.768 [I] Progress on: 100it/10.0kit rate:2.2s/it remaining:6:08:08 elapsed:04:10 postfix:- (276263:tqdm_logging.py:145)
00:35:00.637 [I] Progress on: 106it/10.0kit rate:2.2s/it remaining:6:06:25 elapsed:04:21 postfix:- (276263:tqdm_logging.py:145)
00:35:11.765 [I] Progress on: 111it/10.0kit rate:2.2s/it remaining:6:06:52 elapsed:04:32 postfix:- (276263:tqdm_logging.py:145)
00:35:22.892 [I] Progress on: 116it/10.0kit rate:2.2s/it remaining:6:06:28 elapsed:04:43 postfix:- (276263:tqdm_logging.py:145)
00:35:34.030 [I] Progress on: 121it/10.0kit rate:2.2s/it remaining:6:06:42 elapsed:04:54 postfix:- (276263:tqdm_logging.py:145)
00:35:45.485 [I] Progress on: 125it/10.0kit rate:2.2s/it remaining:6:06:00 elapsed:05:05 postfix:- (276263:tqdm_logging.py:145)
00:35:56.351 [I] Progress on: 131it/10.0kit rate:2.2s/it remaining:6:05:24 elapsed:05:16 postfix:- (276263:tqdm_logging.py:145)
00:36:07.476 [I] Progress on: 136it/10.0kit rate:2.2s/it remaining:6:05:27 elapsed:05:27 postfix:- (276263:tqdm_logging.py:145)
00:36:18.597 [I] Progress on: 141it/10.0kit rate:2.2s/it remaining:6:05:05 elapsed:05:39 postfix:- (276263:tqdm_logging.py:145)
00:36:29.738 [I] Progress on: 146it/10.0kit rate:2.2s/it remaining:6:05:32 elapsed:05:50 postfix:- (276263:tqdm_logging.py:145)
00:36:41.199 [I] Progress on: 150it/10.0kit rate:2.2s/it remaining:6:05:22 elapsed:06:01 postfix:- (276263:tqdm_logging.py:145)
00:36:52.070 [I] Progress on: 156it/10.0kit rate:2.2s/it remaining:6:05:01 elapsed:06:12 postfix:- (276263:tqdm_logging.py:145)
00:37:03.189 [I] Progress on: 161it/10.0kit rate:2.2s/it remaining:6:04:41 elapsed:06:23 postfix:- (276263:tqdm_logging.py:145)
00:37:14.321 [I] Progress on: 166it/10.0kit rate:2.2s/it remaining:6:04:49 elapsed:06:34 postfix:- (276263:tqdm_logging.py:145)
00:37:25.447 [I] Progress on: 171it/10.0kit rate:2.2s/it remaining:6:04:33 elapsed:06:45 postfix:- (276263:tqdm_logging.py:145)
00:37:36.911 [I] Progress on: 175it/10.0kit rate:2.2s/it remaining:6:04:30 elapsed:06:57 postfix:- (276263:tqdm_logging.py:145)
00:37:47.774 [I] Progress on: 181it/10.0kit rate:2.2s/it remaining:6:03:21 elapsed:07:08 postfix:- (276263:tqdm_logging.py:145)
00:37:58.913 [I] Progress on: 186it/10.0kit rate:2.2s/it remaining:6:04:15 elapsed:07:19 postfix:- (276263:tqdm_logging.py:145)
00:38:10.038 [I] Progress on: 191it/10.0kit rate:2.2s/it remaining:6:04:02 elapsed:07:30 postfix:- (276263:tqdm_logging.py:145)
00:38:21.167 [I] Progress on: 196it/10.0kit rate:2.2s/it remaining:6:03:53 elapsed:07:41 postfix:- (276263:tqdm_logging.py:145)
00:38:32.615 [I] Progress on: 200it/10.0kit rate:2.2s/it remaining:6:03:03 elapsed:07:53 postfix:- (276263:tqdm_logging.py:145)
00:38:43.477 [I] Progress on: 206it/10.0kit rate:2.2s/it remaining:6:02:40 elapsed:08:03 postfix:- (276263:tqdm_logging.py:145)
00:38:54.602 [I] Progress on: 211it/10.0kit rate:2.2s/it remaining:6:02:59 elapsed:08:15 postfix:- (276263:tqdm_logging.py:145)
00:39:05.741 [I] Progress on: 216it/10.0kit rate:2.2s/it remaining:6:03:17 elapsed:08:26 postfix:- (276263:tqdm_logging.py:145)
00:39:16.851 [I] Progress on: 221it/10.0kit rate:2.2s/it remaining:6:02:12 elapsed:08:37 postfix:- (276263:tqdm_logging.py:145)
00:39:28.317 [I] Progress on: 225it/10.0kit rate:2.2s/it remaining:6:02:19 elapsed:08:48 postfix:- (276263:tqdm_logging.py:145)
00:39:39.150 [I] Progress on: 231it/10.0kit rate:2.2s/it remaining:6:01:33 elapsed:08:59 postfix:- (276263:tqdm_logging.py:145)
00:39:50.289 [I] Progress on: 236it/10.0kit rate:2.2s/it remaining:6:02:05 elapsed:09:10 postfix:- (276263:tqdm_logging.py:145)
00:40:01.404 [I] Progress on: 241it/10.0kit rate:2.2s/it remaining:6:01:37 elapsed:09:21 postfix:- (276263:tqdm_logging.py:145)
00:40:12.537 [I] Progress on: 246it/10.0kit rate:2.2s/it remaining:6:01:59 elapsed:09:33 postfix:- (276263:tqdm_logging.py:145)
00:40:23.988 [I] Progress on: 250it/10.0kit rate:2.2s/it remaining:6:01:23 elapsed:09:44 postfix:- (276263:tqdm_logging.py:145)
00:40:34.858 [I] Progress on: 256it/10.0kit rate:2.2s/it remaining:6:00:26 elapsed:09:55 postfix:- (276263:tqdm_logging.py:145)
00:40:45.990 [I] Progress on: 261it/10.0kit rate:2.2s/it remaining:6:01:18 elapsed:10:06 postfix:- (276263:tqdm_logging.py:145)
00:40:57.116 [I] Progress on: 266it/10.0kit rate:2.2s/it remaining:6:00:58 elapsed:10:17 postfix:- (276263:tqdm_logging.py:145)
00:41:08.248 [I] Progress on: 271it/10.0kit rate:2.2s/it remaining:6:00:56 elapsed:10:28 postfix:- (276263:tqdm_logging.py:145)
00:41:19.711 [I] Progress on: 275it/10.0kit rate:2.2s/it remaining:6:00:34 elapsed:10:40 postfix:- (276263:tqdm_logging.py:145)
00:41:30.574 [I] Progress on: 281it/10.0kit rate:2.2s/it remaining:6:00:04 elapsed:10:51 postfix:- (276263:tqdm_logging.py:145)
00:41:41.703 [I] Progress on: 286it/10.0kit rate:2.2s/it remaining:6:00:17 elapsed:11:02 postfix:- (276263:tqdm_logging.py:145)
00:41:52.836 [I] Progress on: 291it/10.0kit rate:2.2s/it remaining:6:00:23 elapsed:11:13 postfix:- (276263:tqdm_logging.py:145)
00:42:03.964 [I] Progress on: 296it/10.0kit rate:2.2s/it remaining:5:59:46 elapsed:11:24 postfix:- (276263:tqdm_logging.py:145)
00:42:15.427 [I] Progress on: 300it/10.0kit rate:2.2s/it remaining:5:59:45 elapsed:11:35 postfix:- (276263:tqdm_logging.py:145)
00:42:26.290 [I] Progress on: 306it/10.0kit rate:2.2s/it remaining:5:58:56 elapsed:11:46 postfix:- (276263:tqdm_logging.py:145)
00:42:37.421 [I] Progress on: 311it/10.0kit rate:2.2s/it remaining:5:59:07 elapsed:11:57 postfix:- (276263:tqdm_logging.py:145)
00:42:48.550 [I] Progress on: 316it/10.0kit rate:2.2s/it remaining:5:58:52 elapsed:12:09 postfix:- (276263:tqdm_logging.py:145)
00:42:59.682 [I] Progress on: 321it/10.0kit rate:2.2s/it remaining:5:58:54 elapsed:12:20 postfix:- (276263:tqdm_logging.py:145)
00:43:11.143 [I] Progress on: 325it/10.0kit rate:2.2s/it remaining:5:58:43 elapsed:12:31 postfix:- (276263:tqdm_logging.py:145)
00:43:22.007 [I] Progress on: 331it/10.0kit rate:2.2s/it remaining:5:58:10 elapsed:12:42 postfix:- (276263:tqdm_logging.py:145)
00:43:33.140 [I] Progress on: 336it/10.0kit rate:2.2s/it remaining:5:58:14 elapsed:12:53 postfix:- (276263:tqdm_logging.py:145)
00:43:44.278 [I] Progress on: 341it/10.0kit rate:2.2s/it remaining:5:58:38 elapsed:13:04 postfix:- (276263:tqdm_logging.py:145)
00:43:55.398 [I] Progress on: 346it/10.0kit rate:2.2s/it remaining:5:58:02 elapsed:13:15 postfix:- (276263:tqdm_logging.py:145)
00:44:06.861 [I] Progress on: 350it/10.0kit rate:2.2s/it remaining:5:58:05 elapsed:13:27 postfix:- (276263:tqdm_logging.py:145)
00:44:17.723 [I] Progress on: 356it/10.0kit rate:2.2s/it remaining:5:56:55 elapsed:13:38 postfix:- (276263:tqdm_logging.py:145)
00:44:28.847 [I] Progress on: 361it/10.0kit rate:2.2s/it remaining:5:57:13 elapsed:13:49 postfix:- (276263:tqdm_logging.py:145)
00:44:39.979 [I] Progress on: 366it/10.0kit rate:2.2s/it remaining:5:57:13 elapsed:14:00 postfix:- (276263:tqdm_logging.py:145)
00:44:51.113 [I] Progress on: 371it/10.0kit rate:2.2s/it remaining:5:57:13 elapsed:14:11 postfix:- (276263:tqdm_logging.py:145)
00:45:02.576 [I] Progress on: 375it/10.0kit rate:2.2s/it remaining:5:57:07 elapsed:14:23 postfix:- (276263:tqdm_logging.py:145)
00:45:13.452 [I] Progress on: 381it/10.0kit rate:2.2s/it remaining:5:56:35 elapsed:14:33 postfix:- (276263:tqdm_logging.py:145)
00:45:24.574 [I] Progress on: 386it/10.0kit rate:2.2s/it remaining:5:56:27 elapsed:14:45 postfix:- (276263:tqdm_logging.py:145)
00:45:35.712 [I] Progress on: 391it/10.0kit rate:2.2s/it remaining:5:56:44 elapsed:14:56 postfix:- (276263:tqdm_logging.py:145)
00:45:46.835 [I] Progress on: 396it/10.0kit rate:2.2s/it remaining:5:56:03 elapsed:15:07 postfix:- (276263:tqdm_logging.py:145)
00:45:58.291 [I] Progress on: 400it/10.0kit rate:2.2s/it remaining:5:56:16 elapsed:15:18 postfix:- (276263:tqdm_logging.py:145)
00:46:09.152 [I] Progress on: 406it/10.0kit rate:2.2s/it remaining:5:55:21 elapsed:15:29 postfix:- (276263:tqdm_logging.py:145)
00:46:20.273 [I] Progress on: 411it/10.0kit rate:2.2s/it remaining:5:55:18 elapsed:15:40 postfix:- (276263:tqdm_logging.py:145)
00:46:31.404 [I] Progress on: 416it/10.0kit rate:2.2s/it remaining:5:55:18 elapsed:15:51 postfix:- (276263:tqdm_logging.py:145)
00:46:42.533 [I] Progress on: 421it/10.0kit rate:2.2s/it remaining:5:55:22 elapsed:16:02 postfix:- (276263:tqdm_logging.py:145)
00:46:53.992 [I] Progress on: 425it/10.0kit rate:2.2s/it remaining:5:54:58 elapsed:16:14 postfix:- (276263:tqdm_logging.py:145)
00:47:04.867 [I] Progress on: 431it/10.0kit rate:2.2s/it remaining:5:54:35 elapsed:16:25 postfix:- (276263:tqdm_logging.py:145)
00:47:16.003 [I] Progress on: 436it/10.0kit rate:2.2s/it remaining:5:55:08 elapsed:16:36 postfix:- (276263:tqdm_logging.py:145)
00:47:27.126 [I] Progress on: 441it/10.0kit rate:2.2s/it remaining:5:54:40 elapsed:16:47 postfix:- (276263:tqdm_logging.py:145)
00:47:38.263 [I] Progress on: 446it/10.0kit rate:2.2s/it remaining:5:54:50 elapsed:16:58 postfix:- (276263:tqdm_logging.py:145)
00:47:49.714 [I] Progress on: 450it/10.0kit rate:2.2s/it remaining:5:54:14 elapsed:17:10 postfix:- (276263:tqdm_logging.py:145)
00:48:00.593 [I] Progress on: 456it/10.0kit rate:2.2s/it remaining:5:53:34 elapsed:17:21 postfix:- (276263:tqdm_logging.py:145)
00:48:11.718 [I] Progress on: 461it/10.0kit rate:2.2s/it remaining:5:53:42 elapsed:17:32 postfix:- (276263:tqdm_logging.py:145)
00:48:22.858 [I] Progress on: 466it/10.0kit rate:2.2s/it remaining:5:54:07 elapsed:17:43 postfix:- (276263:tqdm_logging.py:145)
00:48:33.986 [I] Progress on: 471it/10.0kit rate:2.2s/it remaining:5:53:31 elapsed:17:54 postfix:- (276263:tqdm_logging.py:145)
00:48:45.446 [I] Progress on: 475it/10.0kit rate:2.2s/it remaining:5:54:02 elapsed:18:05 postfix:- (276263:tqdm_logging.py:145)
00:48:56.313 [I] Progress on: 481it/10.0kit rate:2.2s/it remaining:5:52:12 elapsed:18:16 postfix:- (276263:tqdm_logging.py:145)
00:49:07.444 [I] Progress on: 486it/10.0kit rate:2.2s/it remaining:5:52:40 elapsed:18:27 postfix:- (276263:tqdm_logging.py:145)
00:49:18.593 [I] Progress on: 491it/10.0kit rate:2.2s/it remaining:5:53:12 elapsed:18:39 postfix:- (276263:tqdm_logging.py:145)
00:49:29.713 [I] Progress on: 496it/10.0kit rate:2.2s/it remaining:5:52:36 elapsed:18:50 postfix:- (276263:tqdm_logging.py:145)
00:49:41.178 [I] Progress on: 500it/10.0kit rate:2.2s/it remaining:5:52:15 elapsed:19:01 postfix:- (276263:tqdm_logging.py:145)
00:49:52.038 [I] Progress on: 506it/10.0kit rate:2.2s/it remaining:5:51:26 elapsed:19:12 postfix:- (276263:tqdm_logging.py:145)
00:50:03.176 [I] Progress on: 511it/10.0kit rate:2.2s/it remaining:5:52:07 elapsed:19:23 postfix:- (276263:tqdm_logging.py:145)
00:50:14.296 [I] Progress on: 516it/10.0kit rate:2.2s/it remaining:5:51:45 elapsed:19:34 postfix:- (276263:tqdm_logging.py:145)
00:50:25.422 [I] Progress on: 521it/10.0kit rate:2.2s/it remaining:5:51:29 elapsed:19:45 postfix:- (276263:tqdm_logging.py:145)
00:50:36.880 [I] Progress on: 525it/10.0kit rate:2.2s/it remaining:5:51:23 elapsed:19:57 postfix:- (276263:tqdm_logging.py:145)
00:50:47.735 [I] Progress on: 531it/10.0kit rate:2.2s/it remaining:5:50:13 elapsed:20:08 postfix:- (276263:tqdm_logging.py:145)
00:50:58.875 [I] Progress on: 536it/10.0kit rate:2.2s/it remaining:5:51:14 elapsed:20:19 postfix:- (276263:tqdm_logging.py:145)
00:51:09.992 [I] Progress on: 541it/10.0kit rate:2.2s/it remaining:5:50:36 elapsed:20:30 postfix:- (276263:tqdm_logging.py:145)
00:51:21.125 [I] Progress on: 546it/10.0kit rate:2.2s/it remaining:5:50:39 elapsed:20:41 postfix:- (276263:tqdm_logging.py:145)
00:51:32.588 [I] Progress on: 550it/10.0kit rate:2.2s/it remaining:5:50:35 elapsed:20:53 postfix:- (276263:tqdm_logging.py:145)
00:51:43.445 [I] Progress on: 556it/10.0kit rate:2.2s/it remaining:5:49:39 elapsed:21:03 postfix:- (276263:tqdm_logging.py:145)
00:51:54.576 [I] Progress on: 561it/10.0kit rate:2.2s/it remaining:5:50:08 elapsed:21:15 postfix:- (276263:tqdm_logging.py:145)
00:52:05.719 [I] Progress on: 566it/10.0kit rate:2.2s/it remaining:5:50:19 elapsed:21:26 postfix:- (276263:tqdm_logging.py:145)
00:52:16.839 [I] Progress on: 571it/10.0kit rate:2.2s/it remaining:5:49:40 elapsed:21:37 postfix:- (276263:tqdm_logging.py:145)
00:52:28.523 [I] Progress on: 575it/10.0kit rate:2.2s/it remaining:5:50:47 elapsed:21:48 postfix:- (276263:tqdm_logging.py:145)
00:52:39.382 [I] Progress on: 581it/10.0kit rate:2.2s/it remaining:5:48:56 elapsed:21:59 postfix:- (276263:tqdm_logging.py:145)
00:52:50.517 [I] Progress on: 586it/10.0kit rate:2.2s/it remaining:5:49:22 elapsed:22:10 postfix:- (276263:tqdm_logging.py:145)
00:53:01.639 [I] Progress on: 591it/10.0kit rate:2.2s/it remaining:5:48:47 elapsed:22:22 postfix:- (276263:tqdm_logging.py:145)
00:53:12.774 [I] Progress on: 596it/10.0kit rate:2.2s/it remaining:5:48:40 elapsed:22:33 postfix:- (276263:tqdm_logging.py:145)
00:53:24.236 [I] Progress on: 600it/10.0kit rate:2.2s/it remaining:5:48:28 elapsed:22:44 postfix:- (276263:tqdm_logging.py:145)
00:53:35.108 [I] Progress on: 606it/10.0kit rate:2.2s/it remaining:5:48:37 elapsed:22:55 postfix:- (276263:tqdm_logging.py:145)
00:53:46.225 [I] Progress on: 611it/10.0kit rate:2.2s/it remaining:5:48:12 elapsed:23:06 postfix:- (276263:tqdm_logging.py:145)
00:53:57.356 [I] Progress on: 616it/10.0kit rate:2.2s/it remaining:5:48:09 elapsed:23:17 postfix:- (276263:tqdm_logging.py:145)
00:54:08.482 [I] Progress on: 621it/10.0kit rate:2.2s/it remaining:5:47:53 elapsed:23:28 postfix:- (276263:tqdm_logging.py:145)
00:54:19.942 [I] Progress on: 625it/10.0kit rate:2.2s/it remaining:5:48:04 elapsed:23:40 postfix:- (276263:tqdm_logging.py:145)
00:54:30.826 [I] Progress on: 631it/10.0kit rate:2.2s/it remaining:5:47:06 elapsed:23:51 postfix:- (276263:tqdm_logging.py:145)
00:54:41.948 [I] Progress on: 636it/10.0kit rate:2.2s/it remaining:5:47:13 elapsed:24:02 postfix:- (276263:tqdm_logging.py:145)
00:54:53.089 [I] Progress on: 641it/10.0kit rate:2.2s/it remaining:5:47:34 elapsed:24:13 postfix:- (276263:tqdm_logging.py:145)
00:55:04.209 [I] Progress on: 646it/10.0kit rate:2.2s/it remaining:5:46:40 elapsed:24:24 postfix:- (276263:tqdm_logging.py:145)
00:55:15.671 [I] Progress on: 650it/10.0kit rate:2.2s/it remaining:5:46:21 elapsed:24:36 postfix:- (276263:tqdm_logging.py:145)
00:55:26.541 [I] Progress on: 656it/10.0kit rate:2.2s/it remaining:5:46:03 elapsed:24:47 postfix:- (276263:tqdm_logging.py:145)
00:55:37.683 [I] Progress on: 661it/10.0kit rate:2.2s/it remaining:5:46:42 elapsed:24:58 postfix:- (276263:tqdm_logging.py:145)
00:55:48.818 [I] Progress on: 666it/10.0kit rate:2.2s/it remaining:5:46:43 elapsed:25:09 postfix:- (276263:tqdm_logging.py:145)
00:55:59.938 [I] Progress on: 671it/10.0kit rate:2.2s/it remaining:5:46:05 elapsed:25:20 postfix:- (276263:tqdm_logging.py:145)
00:56:11.394 [I] Progress on: 675it/10.0kit rate:2.2s/it remaining:5:45:38 elapsed:25:31 postfix:- (276263:tqdm_logging.py:145)
00:56:22.271 [I] Progress on: 681it/10.0kit rate:2.2s/it remaining:5:45:20 elapsed:25:42 postfix:- (276263:tqdm_logging.py:145)
00:56:33.399 [I] Progress on: 686it/10.0kit rate:2.2s/it remaining:5:45:03 elapsed:25:53 postfix:- (276263:tqdm_logging.py:145)
00:56:44.531 [I] Progress on: 691it/10.0kit rate:2.2s/it remaining:5:45:10 elapsed:26:04 postfix:- (276263:tqdm_logging.py:145)
00:56:55.672 [I] Progress on: 696it/10.0kit rate:2.2s/it remaining:5:45:34 elapsed:26:16 postfix:- (276263:tqdm_logging.py:145)
00:57:07.131 [I] Progress on: 700it/10.0kit rate:2.2s/it remaining:5:45:21 elapsed:26:27 postfix:- (276263:tqdm_logging.py:145)
00:57:17.999 [I] Progress on: 706it/10.0kit rate:2.2s/it remaining:5:44:04 elapsed:26:38 postfix:- (276263:tqdm_logging.py:145)
00:57:29.122 [I] Progress on: 711it/10.0kit rate:2.2s/it remaining:5:44:17 elapsed:26:49 postfix:- (276263:tqdm_logging.py:145)
00:57:40.256 [I] Progress on: 716it/10.0kit rate:2.2s/it remaining:5:44:27 elapsed:27:00 postfix:- (276263:tqdm_logging.py:145)
00:57:51.385 [I] Progress on: 721it/10.0kit rate:2.2s/it remaining:5:44:17 elapsed:27:11 postfix:- (276263:tqdm_logging.py:145)
00:58:02.862 [I] Progress on: 725it/10.0kit rate:2.2s/it remaining:5:43:34 elapsed:27:23 postfix:- (276263:tqdm_logging.py:145)
00:58:13.726 [I] Progress on: 731it/10.0kit rate:2.2s/it remaining:5:43:22 elapsed:27:34 postfix:- (276263:tqdm_logging.py:145)
00:58:24.865 [I] Progress on: 736it/10.0kit rate:2.2s/it remaining:5:43:57 elapsed:27:45 postfix:- (276263:tqdm_logging.py:145)
00:58:36.002 [I] Progress on: 741it/10.0kit rate:2.2s/it remaining:5:44:07 elapsed:27:56 postfix:- (276263:tqdm_logging.py:145)
00:58:47.122 [I] Progress on: 746it/10.0kit rate:2.2s/it remaining:5:43:08 elapsed:28:07 postfix:- (276263:tqdm_logging.py:145)
00:58:58.588 [I] Progress on: 750it/10.0kit rate:2.2s/it remaining:5:43:13 elapsed:28:19 postfix:- (276263:tqdm_logging.py:145)
00:59:09.442 [I] Progress on: 756it/10.0kit rate:2.2s/it remaining:5:42:09 elapsed:28:29 postfix:- (276263:tqdm_logging.py:145)
00:59:20.571 [I] Progress on: 761it/10.0kit rate:2.2s/it remaining:5:42:24 elapsed:28:41 postfix:- (276263:tqdm_logging.py:145)
00:59:31.713 [I] Progress on: 766it/10.0kit rate:2.2s/it remaining:5:42:47 elapsed:28:52 postfix:- (276263:tqdm_logging.py:145)
00:59:42.835 [I] Progress on: 771it/10.0kit rate:2.2s/it remaining:5:42:07 elapsed:29:03 postfix:- (276263:tqdm_logging.py:145)
00:59:54.302 [I] Progress on: 775it/10.0kit rate:2.2s/it remaining:5:42:07 elapsed:29:14 postfix:- (276263:tqdm_logging.py:145)
01:00:05.168 [I] Progress on: 781it/10.0kit rate:2.2s/it remaining:5:41:34 elapsed:29:25 postfix:- (276263:tqdm_logging.py:145)
01:00:16.300 [I] Progress on: 786it/10.0kit rate:2.2s/it remaining:5:41:41 elapsed:29:36 postfix:- (276263:tqdm_logging.py:145)
01:00:27.427 [I] Progress on: 791it/10.0kit rate:2.2s/it remaining:5:41:23 elapsed:29:47 postfix:- (276263:tqdm_logging.py:145)
01:00:38.554 [I] Progress on: 796it/10.0kit rate:2.2s/it remaining:5:41:10 elapsed:29:59 postfix:- (276263:tqdm_logging.py:145)
01:00:50.022 [I] Progress on: 800it/10.0kit rate:2.2s/it remaining:5:41:27 elapsed:30:10 postfix:- (276263:tqdm_logging.py:145)
01:01:00.882 [I] Progress on: 806it/10.0kit rate:2.2s/it remaining:5:40:15 elapsed:30:21 postfix:- (276263:tqdm_logging.py:145)
01:01:12.016 [I] Progress on: 811it/10.0kit rate:2.2s/it remaining:5:40:52 elapsed:30:32 postfix:- (276263:tqdm_logging.py:145)
01:01:23.146 [I] Progress on: 816it/10.0kit rate:2.2s/it remaining:5:40:50 elapsed:30:43 postfix:- (276263:tqdm_logging.py:145)
01:01:34.279 [I] Progress on: 821it/10.0kit rate:2.2s/it remaining:5:40:45 elapsed:30:54 postfix:- (276263:tqdm_logging.py:145)
01:01:45.740 [I] Progress on: 825it/10.0kit rate:2.2s/it remaining:5:40:31 elapsed:31:06 postfix:- (276263:tqdm_logging.py:145)
01:01:56.582 [I] Progress on: 831it/10.0kit rate:2.2s/it remaining:5:38:59 elapsed:31:17 postfix:- (276263:tqdm_logging.py:145)
01:02:07.719 [I] Progress on: 836it/10.0kit rate:2.2s/it remaining:5:39:46 elapsed:31:28 postfix:- (276263:tqdm_logging.py:145)
01:02:18.857 [I] Progress on: 841it/10.0kit rate:2.2s/it remaining:5:40:03 elapsed:31:39 postfix:- (276263:tqdm_logging.py:145)
01:02:29.981 [I] Progress on: 846it/10.0kit rate:2.2s/it remaining:5:39:19 elapsed:31:50 postfix:- (276263:tqdm_logging.py:145)
01:02:41.450 [I] Progress on: 850it/10.0kit rate:2.2s/it remaining:5:39:43 elapsed:32:01 postfix:- (276263:tqdm_logging.py:145)
01:02:52.308 [I] Progress on: 856it/10.0kit rate:2.2s/it remaining:5:38:37 elapsed:32:12 postfix:- (276263:tqdm_logging.py:145)
01:03:03.439 [I] Progress on: 861it/10.0kit rate:2.2s/it remaining:5:38:55 elapsed:32:23 postfix:- (276263:tqdm_logging.py:145)
01:03:14.582 [I] Progress on: 866it/10.0kit rate:2.2s/it remaining:5:38:53 elapsed:32:35 postfix:- (276263:tqdm_logging.py:145)
01:03:25.705 [I] Progress on: 871it/10.0kit rate:2.2s/it remaining:5:38:23 elapsed:32:46 postfix:- (276263:tqdm_logging.py:145)
01:03:37.170 [I] Progress on: 875it/10.0kit rate:2.2s/it remaining:5:38:44 elapsed:32:57 postfix:- (276263:tqdm_logging.py:145)
01:03:48.034 [I] Progress on: 881it/10.0kit rate:2.2s/it remaining:5:37:50 elapsed:33:08 postfix:- (276263:tqdm_logging.py:145)
01:03:59.161 [I] Progress on: 886it/10.0kit rate:2.2s/it remaining:5:37:45 elapsed:33:19 postfix:- (276263:tqdm_logging.py:145)
01:04:10.295 [I] Progress on: 891it/10.0kit rate:2.2s/it remaining:5:38:05 elapsed:33:30 postfix:- (276263:tqdm_logging.py:145)
01:04:21.422 [I] Progress on: 896it/10.0kit rate:2.2s/it remaining:5:37:44 elapsed:33:41 postfix:- (276263:tqdm_logging.py:145)
01:04:32.884 [I] Progress on: 900it/10.0kit rate:2.2s/it remaining:5:37:40 elapsed:33:53 postfix:- (276263:tqdm_logging.py:145)
01:04:43.732 [I] Progress on: 906it/10.0kit rate:2.2s/it remaining:5:36:18 elapsed:34:04 postfix:- (276263:tqdm_logging.py:145)
01:04:54.872 [I] Progress on: 911it/10.0kit rate:2.2s/it remaining:5:37:15 elapsed:34:15 postfix:- (276263:tqdm_logging.py:145)
01:05:05.999 [I] Progress on: 916it/10.0kit rate:2.2s/it remaining:5:37:00 elapsed:34:26 postfix:- (276263:tqdm_logging.py:145)
01:05:17.129 [I] Progress on: 921it/10.0kit rate:2.2s/it remaining:5:36:59 elapsed:34:37 postfix:- (276263:tqdm_logging.py:145)
01:05:28.587 [I] Progress on: 925it/10.0kit rate:2.2s/it remaining:5:36:20 elapsed:34:49 postfix:- (276263:tqdm_logging.py:145)
01:05:39.451 [I] Progress on: 931it/10.0kit rate:2.2s/it remaining:5:35:54 elapsed:34:59 postfix:- (276263:tqdm_logging.py:145)
01:05:50.585 [I] Progress on: 936it/10.0kit rate:2.2s/it remaining:5:36:14 elapsed:35:11 postfix:- (276263:tqdm_logging.py:145)
01:06:01.709 [I] Progress on: 941it/10.0kit rate:2.2s/it remaining:5:35:48 elapsed:35:22 postfix:- (276263:tqdm_logging.py:145)
01:06:12.843 [I] Progress on: 946it/10.0kit rate:2.2s/it remaining:5:35:41 elapsed:35:33 postfix:- (276263:tqdm_logging.py:145)
01:06:24.302 [I] Progress on: 950it/10.0kit rate:2.2s/it remaining:5:35:53 elapsed:35:44 postfix:- (276263:tqdm_logging.py:145)
01:06:35.165 [I] Progress on: 956it/10.0kit rate:2.2s/it remaining:5:34:59 elapsed:35:55 postfix:- (276263:tqdm_logging.py:145)
01:06:46.292 [I] Progress on: 961it/10.0kit rate:2.2s/it remaining:5:34:50 elapsed:36:06 postfix:- (276263:tqdm_logging.py:145)
01:06:57.432 [I] Progress on: 966it/10.0kit rate:2.2s/it remaining:5:35:03 elapsed:36:17 postfix:- (276263:tqdm_logging.py:145)
01:07:08.564 [I] Progress on: 971it/10.0kit rate:2.2s/it remaining:5:35:09 elapsed:36:29 postfix:- (276263:tqdm_logging.py:145)
01:07:20.023 [I] Progress on: 975it/10.0kit rate:2.2s/it remaining:5:34:51 elapsed:36:40 postfix:- (276263:tqdm_logging.py:145)
01:07:30.880 [I] Progress on: 981it/10.0kit rate:2.2s/it remaining:5:33:47 elapsed:36:51 postfix:- (276263:tqdm_logging.py:145)
01:07:42.015 [I] Progress on: 986it/10.0kit rate:2.2s/it remaining:5:34:13 elapsed:37:02 postfix:- (276263:tqdm_logging.py:145)
01:07:53.143 [I] Progress on: 991it/10.0kit rate:2.2s/it remaining:5:34:15 elapsed:37:13 postfix:- (276263:tqdm_logging.py:145)
01:08:04.276 [I] Progress on: 996it/10.0kit rate:2.2s/it remaining:5:34:06 elapsed:37:24 postfix:- (276263:tqdm_logging.py:145)
01:08:15.745 [I] Progress on: 1.00kit/10.0kit rate:2.2s/it remaining:5:34:15 elapsed:37:36 postfix:- (276263:tqdm_logging.py:145)
01:08:15.793 [I] [process=0][thread=MainThread][wait_until_finished] Initiating wait for Save Finalize thread. (276263:checkpoint_manager.py:1759)
01:08:15.793 [I] [process=0][thread=MainThread][wait_until_finished] No Save Finalize thread to wait for. Returning. (276263:checkpoint_manager.py:1767)
01:08:15.794 [I] [process=0] Saving checkpoint at step 1000                                       (276263:checkpoint_manager.py:1286)
01:08:15.794 [I] [process=0] Started async saving checkpoint to /shared/.cache/retain/checkpoints/retain_repro_pretrain/paper_final_hparams/1000. (276263:async_checkpointer.py:358)
01:08:15.802 [I] [process=0][thread=MainThread] Skipping global process sync, barrier name: create_tmp_directory:pre (276263:multihost.py:293)
01:08:15.802 [I] Creating tmp directory /shared/.cache/retain/checkpoints/retain_repro_pretrain/paper_final_hparams/1000.orbax-checkpoint-tmp-0 (276263:atomicity.py:144)
01:08:15.804 [I] [process=0][thread=MainThread] Skipping global process sync, barrier name: create_tmp_directory:post (276263:multihost.py:293)
01:08:15.804 [I] [process=0][thread=MainThread] Skipping global process sync, barrier name: create_tmp_directory:pre (276263:multihost.py:293)
01:08:15.806 [I] Creating tmp directory /shared/.cache/retain/checkpoints/retain_repro_pretrain/paper_final_hparams/1000.orbax-checkpoint-tmp-0/assets.orbax-checkpoint-tmp-1 (276263:atomicity.py:144)
01:08:15.806 [I] Creating tmp directory /shared/.cache/retain/checkpoints/retain_repro_pretrain/paper_final_hparams/1000.orbax-checkpoint-tmp-0/params.orbax-checkpoint-tmp-2 (276263:atomicity.py:144)
01:08:15.806 [I] Creating tmp directory /shared/.cache/retain/checkpoints/retain_repro_pretrain/paper_final_hparams/1000.orbax-checkpoint-tmp-0/train_state.orbax-checkpoint-tmp-3 (276263:atomicity.py:144)
01:08:15.806 [I] Wrote Metadata={'item_handlers': None, 'metrics': {}, 'performance_metrics': {}, 'init_timestamp_nsecs': 1787188095804103257, 'commit_timestamp_nsecs': None, 'custom': {}}, json={"item_handlers": null, "metrics": {}, "performance_metrics": {}, "init_timestamp_nsecs": 1787188095804103257, "commit_timestamp_nsecs": null, "custom": {}} to /shared/.cache/retain/checkpoints/retain_repro_pretrain/paper_final_hparams/1000.orbax-checkpoint-tmp-0/_CHECKPOINT_METADATA (276263:checkpoint.py:185)
01:08:15.808 [I] [process=0][thread=MainThread] Skipping global process sync, barrier name: create_tmp_directory:post (276263:multihost.py:293)
01:08:15.844 [I] Transferring arrays to host memory with options: use_replica_parallel=False, enable_pinned_host_transfer=False (276263:replica_slices.py:419)
01:10:29.583 [I] Transferring arrays to host memory with options: use_replica_parallel=False, enable_pinned_host_transfer=False (276263:replica_slices.py:419)
01:10:29.585 [I] Array name: 'params.PaliGemma.llm.layers.mlp.gating_einsum.value', global shape: (18, 2, 2048, 16384), write shape: (18, 2, 2048, 16384), chosen chunk shape: (18, 2, 2048, 4096) (276263:tensorstore_utils.py:371)
01:10:29.596 [I] Array name: 'params.PaliGemma.llm.layers.mlp.linear.value', global shape: (18, 16384, 2048), write shape: (18, 16384, 2048), chosen chunk shape: (18, 8192, 2048) (276263:tensorstore_utils.py:371)
01:11:53.353 [I] Array name: 'params.PaliGemma.llm.layers.mlp.gating_einsum.value', global shape: (18, 2, 2048, 16384), write shape: (18, 2, 2048, 16384), chosen chunk shape: (18, 2, 2048, 4096) (276263:tensorstore_utils.py:371)
01:11:53.353 [I] Array name: 'params.PaliGemma.llm.layers.mlp.linear.value', global shape: (18, 16384, 2048), write shape: (18, 16384, 2048), chosen chunk shape: (18, 8192, 2048) (276263:tensorstore_utils.py:371)
01:11:53.354 [I] [process=0] /jax/checkpoint/write/blocking_bytes_per_sec: 56.8 MiB/s (total bytes: 12.1 GiB) (time elapsed: 3 minutes) (per-host) (276263:base_pytree_checkpoint_handler.py:113)
01:11:53.358 [I] Array name: 'opt_state.1.0.mu.PaliGemma.llm.layers.mlp.gating_einsum.value', global shape: (18, 2, 2048, 16384), write shape: (18, 2, 2048, 16384), chosen chunk shape: (18, 2, 2048, 4096) (276263:tensorstore_utils.py:371)
01:11:53.359 [I] [process=0] /jax/checkpoint/write/blocking_bytes_per_sec: 170.3 MiB/s (total bytes: 36.2 GiB) (time elapsed: 3 minutes) (per-host) (276263:base_pytree_checkpoint_handler.py:113)
01:11:53.360 [I] Array name: 'opt_state.1.0.mu.PaliGemma.llm.layers.mlp.linear.value', global shape: (18, 16384, 2048), write shape: (18, 16384, 2048), chosen chunk shape: (18, 8192, 2048) (276263:tensorstore_utils.py:371)
01:11:53.363 [I] [process=0][thread=async_save] Background save thread started.                   (276263:async_checkpointer.py:121)
01:11:53.371 [I] Array name: 'opt_state.1.0.nu.PaliGemma.llm.layers.mlp.gating_einsum.value', global shape: (18, 2, 2048, 16384), write shape: (18, 2, 2048, 16384), chosen chunk shape: (18, 2, 2048, 4096) (276263:tensorstore_utils.py:371)
01:11:53.373 [I] Array name: 'opt_state.1.0.nu.PaliGemma.llm.layers.mlp.linear.value', global shape: (18, 16384, 2048), write shape: (18, 16384, 2048), chosen chunk shape: (18, 8192, 2048) (276263:tensorstore_utils.py:371)
01:11:53.427 [I] [process=0][thread=MainThread] Skipping global process sync, barrier name: CheckpointManager:old_steps_to_remove (276263:multihost.py:293)
01:11:53.429 [I] [process=0][thread=MainThread][step=1000] Starting CheckpointManager Save Finalize thread=save_finalize (276263:checkpoint_manager.py:1328)
01:11:53.431 [I] [process=0][thread=save_finalize] Waiting for background save thread=async_save. (276263:async_checkpointer.py:231)
01:11:53.448 [I] {'step': 1000, 'event_type': 'save', 'directory': '/shared/.cache/retain/checkpoints/retain_repro_pretrain/paper_final_hparams', 'reached_preemption': False, 'preemption_received_at': None, 'synchronous': False, 'wait_for_prev_start_time': 1787188095.7938416, 'wait_for_prev_duration_secs': 0.0001590251922607422, 'checkpointer_blocking_start_time': 1787188095.794387, 'checkpointer_blocking_duration_secs': 217.6331672668457, 'get_old_steps_start_time': 1787188313.4276378, 'get_old_steps_duration_secs': 2.2172927856445312e-05, 'checkpoint_manager_blocking_start_time': 1787188095.7937267, 'checkpoint_manager_blocking_duration_secs': 217.65411353111267} (276263:standard_logger.py:34)
01:11:53.448 [I] ChainedFuture completed 1/1 futures in 0.08 seconds.                             (276263:future.py:137)
01:11:53.465 [I] Progress on: 1.00kit/10.0kit rate:67.6s/it remaining:169:05:12 elapsed:41:13 postfix:- (276263:tqdm_logging.py:145)
01:11:53.469 [I] [process=0] /jax/checkpoint/write/bytes_per_sec: 56.7 MiB/s (total bytes: 12.1 GiB) (time elapsed: 3 minutes) (per-host) (276263:base_pytree_checkpoint_handler.py:113)
01:12:04.462 [I] Progress on: 1.01kit/10.0kit rate:13.2s/it remaining:33:04:18 elapsed:41:24 postfix:- (276263:tqdm_logging.py:145)
01:12:15.462 [I] Progress on: 1.01kit/10.0kit rate:4.1s/it remaining:10:09:19 elapsed:41:35 postfix:- (276263:tqdm_logging.py:145)
01:12:26.592 [I] Progress on: 1.02kit/10.0kit rate:2.5s/it remaining:6:19:40 elapsed:41:47 postfix:- (276263:tqdm_logging.py:145)
01:12:37.377 [I] ChainedFuture completed 1/1 futures in 43.90 seconds.                            (276263:future.py:137)
01:12:37.377 [I] [process=0] /jax/checkpoint/write/bytes_per_sec: 141.7 MiB/s (total bytes: 36.2 GiB) (time elapsed: 4 minutes) (per-host) (276263:base_pytree_checkpoint_handler.py:113)
01:12:37.377 [I] [process=0][thread=async_save] 3 Handler Commit operations completed.            (276263:async_checkpointer.py:131)
01:12:37.378 [I] Read Metadata={'item_handlers': None, 'metrics': {}, 'performance_metrics': {}, 'init_timestamp_nsecs': 1787188095804103257, 'commit_timestamp_nsecs': None, 'custom': {}} from /shared/.cache/retain/checkpoints/retain_repro_pretrain/paper_final_hparams/1000.orbax-checkpoint-tmp-0/_CHECKPOINT_METADATA (276263:checkpoint.py:225)
01:12:37.379 [I] [process=0][thread=async_save] Async Save Callback [1/3]: Finalizing Handler: <orbax.checkpoint._src.handlers.composite_checkpoint_handler.CompositeCheckpointHandler object at 0x7437d9693f90> on /shared/.cache/retain/checkpoints/retain_repro_pretrain/paper_final_hparams/1000.orbax-checkpoint-tmp-0 (276263:async_checkpointer.py:406)
01:12:37.380 [I] Renaming /shared/.cache/retain/checkpoints/retain_repro_pretrain/paper_final_hparams/1000.orbax-checkpoint-tmp-0/assets.orbax-checkpoint-tmp-1 to /shared/.cache/retain/checkpoints/retain_repro_pretrain/paper_final_hparams/1000.orbax-checkpoint-tmp-0/assets (276263:atomicity.py:287)
01:12:37.383 [I] Updated Metadata={'item_handlers': {'assets': 'openpi.training.checkpoints.CallbackHandler', 'params': 'orbax.checkpoint._src.handlers.pytree_checkpoint_handler.PyTreeCheckpointHandler', 'train_state': 'orbax.checkpoint._src.handlers.pytree_checkpoint_handler.PyTreeCheckpointHandler'}, 'metrics': {}, 'performance_metrics': {}, 'init_timestamp_nsecs': 1787188095804103257, 'commit_timestamp_nsecs': None, 'custom': {}} to /shared/.cache/retain/checkpoints/retain_repro_pretrain/paper_final_hparams/1000.orbax-checkpoint-tmp-0/_CHECKPOINT_METADATA (276263:checkpoint.py:244)
01:12:37.395 [I] Renaming /shared/.cache/retain/checkpoints/retain_repro_pretrain/paper_final_hparams/1000.orbax-checkpoint-tmp-0/train_state.orbax-checkpoint-tmp-3 to /shared/.cache/retain/checkpoints/retain_repro_pretrain/paper_final_hparams/1000.orbax-checkpoint-tmp-0/train_state (276263:atomicity.py:287)
01:12:37.404 [I] Renaming /shared/.cache/retain/checkpoints/retain_repro_pretrain/paper_final_hparams/1000.orbax-checkpoint-tmp-0/params.orbax-checkpoint-tmp-2 to /shared/.cache/retain/checkpoints/retain_repro_pretrain/paper_final_hparams/1000.orbax-checkpoint-tmp-0/params (276263:atomicity.py:287)
01:12:37.404 [I] [process=0][thread=async_save] Async Save Callback [2/3]: Running post_finalization_callback: None on /shared/.cache/retain/checkpoints/retain_repro_pretrain/paper_final_hparams/1000 (276263:async_checkpointer.py:416)
01:12:37.404 [I] [process=0][thread=async_save] Async Save Callback [3/3]: Finalizing checkpoint directory: /shared/.cache/retain/checkpoints/retain_repro_pretrain/paper_final_hparams/1000.orbax-checkpoint-tmp-0 (276263:async_checkpointer.py:426)
01:12:37.405 [I] Renaming /shared/.cache/retain/checkpoints/retain_repro_pretrain/paper_final_hparams/1000.orbax-checkpoint-tmp-0 to /shared/.cache/retain/checkpoints/retain_repro_pretrain/paper_final_hparams/1000 (276263:atomicity.py:287)
01:12:37.405 [I] [process=0][thread=async_save] Finished saving checkpoint (finalized tmp dir) to `/shared/.cache/retain/checkpoints/retain_repro_pretrain/paper_final_hparams/1000`. (276263:atomicity.py:548)
01:12:37.406 [I] [process=0][thread=async_save] Background save thread done.                      (276263:async_checkpointer.py:183)
01:12:37.406 [I] [process=0][thread=save_finalize] Done with waiting for background save thread=async_save. (276263:async_checkpointer.py:239)
01:12:37.406 [I] [process=0][thread=save_finalize] No errors found in background save thread=async_save. (276263:async_checkpointer.py:249)
01:12:37.406 [I] [process=0][thread=save_finalize][step=1000] CheckpointManager Save Finalize is syncing with other hosts... (276263:checkpoint_manager.py:1890)
01:12:37.406 [I] [process=0][thread=save_finalize][step=1000] CheckpointManager Save Finalize is done on all hosts. (276263:checkpoint_manager.py:1905)
01:12:37.714 [I] Progress on: 1.02kit/10.0kit rate:2.3s/it remaining:5:39:28 elapsed:41:58 postfix:- (276263:tqdm_logging.py:145)
01:12:49.190 [I] Progress on: 1.02kit/10.0kit rate:2.2s/it remaining:5:34:24 elapsed:42:09 postfix:- (276263:tqdm_logging.py:145)
01:13:00.070 [I] Progress on: 1.03kit/10.0kit rate:2.2s/it remaining:5:31:48 elapsed:42:20 postfix:- (276263:tqdm_logging.py:145)
01:13:11.214 [I] Progress on: 1.04kit/10.0kit rate:2.2s/it remaining:5:32:40 elapsed:42:31 postfix:- (276263:tqdm_logging.py:145)
01:13:22.330 [I] Progress on: 1.04kit/10.0kit rate:2.2s/it remaining:5:32:12 elapsed:42:42 postfix:- (276263:tqdm_logging.py:145)
01:13:33.475 [I] Progress on: 1.05kit/10.0kit rate:2.2s/it remaining:5:32:45 elapsed:42:53 postfix:- (276263:tqdm_logging.py:145)
01:13:44.924 [I] Progress on: 1.05kit/10.0kit rate:2.2s/it remaining:5:31:56 elapsed:43:05 postfix:- (276263:tqdm_logging.py:145)
01:13:55.790 [I] Progress on: 1.06kit/10.0kit rate:2.2s/it remaining:5:31:27 elapsed:43:16 postfix:- (276263:tqdm_logging.py:145)
01:14:06.914 [I] Progress on: 1.06kit/10.0kit rate:2.2s/it remaining:5:31:11 elapsed:43:27 postfix:- (276263:tqdm_logging.py:145)
01:14:18.044 [I] Progress on: 1.07kit/10.0kit rate:2.2s/it remaining:5:31:11 elapsed:43:38 postfix:- (276263:tqdm_logging.py:145)
01:14:29.185 [I] Progress on: 1.07kit/10.0kit rate:2.2s/it remaining:5:31:24 elapsed:43:49 postfix:- (276263:tqdm_logging.py:145)
01:14:40.645 [I] Progress on: 1.07kit/10.0kit rate:2.2s/it remaining:5:31:12 elapsed:44:01 postfix:- (276263:tqdm_logging.py:145)
01:14:51.499 [I] Progress on: 1.08kit/10.0kit rate:2.2s/it remaining:5:30:03 elapsed:44:11 postfix:- (276263:tqdm_logging.py:145)
01:15:02.641 [I] Progress on: 1.09kit/10.0kit rate:2.2s/it remaining:5:30:32 elapsed:44:23 postfix:- (276263:tqdm_logging.py:145)
01:15:13.782 [I] Progress on: 1.09kit/10.0kit rate:2.2s/it remaining:5:31:00 elapsed:44:34 postfix:- (276263:tqdm_logging.py:145)
01:15:24.902 [I] Progress on: 1.10kit/10.0kit rate:2.2s/it remaining:5:30:06 elapsed:44:45 postfix:- (276263:tqdm_logging.py:145)
01:15:36.371 [I] Progress on: 1.10kit/10.0kit rate:2.2s/it remaining:5:30:29 elapsed:44:56 postfix:- (276263:tqdm_logging.py:145)
01:15:47.242 [I] Progress on: 1.11kit/10.0kit rate:2.2s/it remaining:5:29:22 elapsed:45:07 postfix:- (276263:tqdm_logging.py:145)
01:15:58.378 [I] Progress on: 1.11kit/10.0kit rate:2.2s/it remaining:5:29:48 elapsed:45:18 postfix:- (276263:tqdm_logging.py:145)
01:16:09.527 [I] Progress on: 1.12kit/10.0kit rate:2.2s/it remaining:5:30:24 elapsed:45:29 postfix:- (276263:tqdm_logging.py:145)
01:16:20.643 [I] Progress on: 1.12kit/10.0kit rate:2.2s/it remaining:5:29:41 elapsed:45:41 postfix:- (276263:tqdm_logging.py:145)
01:16:32.104 [I] Progress on: 1.12kit/10.0kit rate:2.2s/it remaining:5:28:45 elapsed:45:52 postfix:- (276263:tqdm_logging.py:145)
01:16:42.991 [I] Progress on: 1.13kit/10.0kit rate:2.2s/it remaining:5:28:57 elapsed:46:03 postfix:- (276263:tqdm_logging.py:145)
01:16:54.114 [I] Progress on: 1.14kit/10.0kit rate:2.2s/it remaining:5:28:45 elapsed:46:14 postfix:- (276263:tqdm_logging.py:145)
01:17:05.246 [I] Progress on: 1.14kit/10.0kit rate:2.2s/it remaining:5:28:42 elapsed:46:25 postfix:- (276263:tqdm_logging.py:145)
01:17:16.389 [I] Progress on: 1.15kit/10.0kit rate:2.2s/it remaining:5:28:58 elapsed:46:36 postfix:- (276263:tqdm_logging.py:145)
01:17:27.838 [I] Progress on: 1.15kit/10.0kit rate:2.2s/it remaining:5:28:09 elapsed:46:48 postfix:- (276263:tqdm_logging.py:145)
01:17:38.709 [I] Progress on: 1.16kit/10.0kit rate:2.2s/it remaining:5:27:38 elapsed:46:59 postfix:- (276263:tqdm_logging.py:145)
01:17:49.860 [I] Progress on: 1.16kit/10.0kit rate:2.2s/it remaining:5:28:34 elapsed:47:10 postfix:- (276263:tqdm_logging.py:145)
01:18:00.978 [I] Progress on: 1.17kit/10.0kit rate:2.2s/it remaining:5:27:41 elapsed:47:21 postfix:- (276263:tqdm_logging.py:145)
01:18:12.108 [I] Progress on: 1.17kit/10.0kit rate:2.2s/it remaining:5:27:22 elapsed:47:32 postfix:- (276263:tqdm_logging.py:145)
01:18:23.569 [I] Progress on: 1.18kit/10.0kit rate:2.2s/it remaining:5:26:57 elapsed:47:44 postfix:- (276263:tqdm_logging.py:145)
01:18:34.442 [I] Progress on: 1.18kit/10.0kit rate:2.2s/it remaining:5:26:42 elapsed:47:54 postfix:- (276263:tqdm_logging.py:145)
01:18:45.567 [I] Progress on: 1.19kit/10.0kit rate:2.2s/it remaining:5:26:40 elapsed:48:06 postfix:- (276263:tqdm_logging.py:145)
01:18:56.705 [I] Progress on: 1.19kit/10.0kit rate:2.2s/it remaining:5:26:47 elapsed:48:17 postfix:- (276263:tqdm_logging.py:145)
01:19:07.839 [I] Progress on: 1.20kit/10.0kit rate:2.2s/it remaining:5:26:32 elapsed:48:28 postfix:- (276263:tqdm_logging.py:145)
01:19:19.305 [I] Progress on: 1.20kit/10.0kit rate:2.2s/it remaining:5:26:39 elapsed:48:39 postfix:- (276263:tqdm_logging.py:145)
01:19:30.169 [I] Progress on: 1.21kit/10.0kit rate:2.2s/it remaining:5:25:52 elapsed:48:50 postfix:- (276263:tqdm_logging.py:145)
01:19:41.295 [I] Progress on: 1.21kit/10.0kit rate:2.2s/it remaining:5:25:34 elapsed:49:01 postfix:- (276263:tqdm_logging.py:145)
01:19:52.442 [I] Progress on: 1.22kit/10.0kit rate:2.2s/it remaining:5:26:14 elapsed:49:12 postfix:- (276263:tqdm_logging.py:145)
01:20:03.570 [I] Progress on: 1.22kit/10.0kit rate:2.2s/it remaining:5:25:50 elapsed:49:24 postfix:- (276263:tqdm_logging.py:145)
01:20:15.036 [I] Progress on: 1.23kit/10.0kit rate:2.2s/it remaining:5:25:22 elapsed:49:35 postfix:- (276263:tqdm_logging.py:145)
01:20:25.900 [I] Progress on: 1.23kit/10.0kit rate:2.2s/it remaining:5:24:54 elapsed:49:46 postfix:- (276263:tqdm_logging.py:145)
01:20:37.036 [I] Progress on: 1.24kit/10.0kit rate:2.2s/it remaining:5:25:09 elapsed:49:57 postfix:- (276263:tqdm_logging.py:145)
01:20:48.179 [I] Progress on: 1.24kit/10.0kit rate:2.2s/it remaining:5:25:12 elapsed:50:08 postfix:- (276263:tqdm_logging.py:145)
01:20:59.303 [I] Progress on: 1.25kit/10.0kit rate:2.2s/it remaining:5:24:38 elapsed:50:19 postfix:- (276263:tqdm_logging.py:145)
01:21:10.769 [I] Progress on: 1.25kit/10.0kit rate:2.2s/it remaining:5:24:30 elapsed:50:31 postfix:- (276263:tqdm_logging.py:145)
01:21:21.635 [I] Progress on: 1.26kit/10.0kit rate:2.2s/it remaining:5:23:58 elapsed:50:42 postfix:- (276263:tqdm_logging.py:145)
01:21:32.771 [I] Progress on: 1.26kit/10.0kit rate:2.2s/it remaining:5:24:30 elapsed:50:53 postfix:- (276263:tqdm_logging.py:145)
01:21:43.896 [I] Progress on: 1.27kit/10.0kit rate:2.2s/it remaining:5:23:49 elapsed:51:04 postfix:- (276263:tqdm_logging.py:145)
01:21:55.030 [I] Progress on: 1.27kit/10.0kit rate:2.2s/it remaining:5:23:27 elapsed:51:15 postfix:- (276263:tqdm_logging.py:145)
01:22:06.502 [I] Progress on: 1.27kit/10.0kit rate:2.2s/it remaining:5:23:52 elapsed:51:26 postfix:- (276263:tqdm_logging.py:145)
01:22:17.374 [I] Progress on: 1.28kit/10.0kit rate:2.2s/it remaining:5:23:17 elapsed:51:37 postfix:- (276263:tqdm_logging.py:145)
01:22:28.503 [I] Progress on: 1.29kit/10.0kit rate:2.2s/it remaining:5:23:02 elapsed:51:48 postfix:- (276263:tqdm_logging.py:145)
01:22:39.641 [I] Progress on: 1.29kit/10.0kit rate:2.2s/it remaining:5:23:11 elapsed:52:00 postfix:- (276263:tqdm_logging.py:145)
01:22:50.767 [I] Progress on: 1.30kit/10.0kit rate:2.2s/it remaining:5:22:57 elapsed:52:11 postfix:- (276263:tqdm_logging.py:145)
01:23:02.232 [I] Progress on: 1.30kit/10.0kit rate:2.2s/it remaining:5:23:21 elapsed:52:22 postfix:- (276263:tqdm_logging.py:145)
01:23:13.109 [I] Progress on: 1.31kit/10.0kit rate:2.2s/it remaining:5:22:04 elapsed:52:33 postfix:- (276263:tqdm_logging.py:145)
01:23:24.237 [I] Progress on: 1.31kit/10.0kit rate:2.2s/it remaining:5:22:03 elapsed:52:44 postfix:- (276263:tqdm_logging.py:145)
01:23:35.388 [I] Progress on: 1.32kit/10.0kit rate:2.2s/it remaining:5:22:37 elapsed:52:55 postfix:- (276263:tqdm_logging.py:145)
01:23:46.509 [I] Progress on: 1.32kit/10.0kit rate:2.2s/it remaining:5:21:42 elapsed:53:06 postfix:- (276263:tqdm_logging.py:145)
01:23:57.980 [I] Progress on: 1.32kit/10.0kit rate:2.2s/it remaining:5:22:01 elapsed:53:18 postfix:- (276263:tqdm_logging.py:145)
01:24:08.843 [I] Progress on: 1.33kit/10.0kit rate:2.2s/it remaining:5:21:11 elapsed:53:29 postfix:- (276263:tqdm_logging.py:145)
01:24:19.977 [I] Progress on: 1.34kit/10.0kit rate:2.2s/it remaining:5:21:23 elapsed:53:40 postfix:- (276263:tqdm_logging.py:145)
01:24:31.118 [I] Progress on: 1.34kit/10.0kit rate:2.2s/it remaining:5:21:32 elapsed:53:51 postfix:- (276263:tqdm_logging.py:145)
01:24:42.241 [I] Progress on: 1.35kit/10.0kit rate:2.2s/it remaining:5:20:40 elapsed:54:02 postfix:- (276263:tqdm_logging.py:145)
01:24:53.721 [I] Progress on: 1.35kit/10.0kit rate:2.2s/it remaining:5:20:28 elapsed:54:14 postfix:- (276263:tqdm_logging.py:145)
01:25:04.582 [I] Progress on: 1.36kit/10.0kit rate:2.2s/it remaining:5:20:11 elapsed:54:25 postfix:- (276263:tqdm_logging.py:145)
01:25:15.723 [I] Progress on: 1.36kit/10.0kit rate:2.2s/it remaining:5:20:33 elapsed:54:36 postfix:- (276263:tqdm_logging.py:145)
01:25:26.856 [I] Progress on: 1.37kit/10.0kit rate:2.2s/it remaining:5:20:31 elapsed:54:47 postfix:- (276263:tqdm_logging.py:145)
01:25:37.981 [I] Progress on: 1.37kit/10.0kit rate:2.2s/it remaining:5:20:06 elapsed:54:58 postfix:- (276263:tqdm_logging.py:145)
01:25:49.450 [I] Progress on: 1.38kit/10.0kit rate:2.2s/it remaining:5:20:24 elapsed:55:09 postfix:- (276263:tqdm_logging.py:145)
01:26:00.308 [I] Progress on: 1.38kit/10.0kit rate:2.2s/it remaining:5:19:17 elapsed:55:20 postfix:- (276263:tqdm_logging.py:145)
01:26:11.439 [I] Progress on: 1.39kit/10.0kit rate:2.2s/it remaining:5:19:29 elapsed:55:31 postfix:- (276263:tqdm_logging.py:145)
01:26:22.595 [I] Progress on: 1.39kit/10.0kit rate:2.2s/it remaining:5:20:09 elapsed:55:43 postfix:- (276263:tqdm_logging.py:145)
01:26:33.715 [I] Progress on: 1.40kit/10.0kit rate:2.2s/it remaining:5:19:25 elapsed:55:54 postfix:- (276263:tqdm_logging.py:145)
01:26:45.172 [I] Progress on: 1.40kit/10.0kit rate:2.2s/it remaining:5:19:06 elapsed:56:05 postfix:- (276263:tqdm_logging.py:145)
01:26:56.038 [I] Progress on: 1.41kit/10.0kit rate:2.2s/it remaining:5:18:26 elapsed:56:16 postfix:- (276263:tqdm_logging.py:145)
01:27:07.172 [I] Progress on: 1.41kit/10.0kit rate:2.2s/it remaining:5:18:33 elapsed:56:27 postfix:- (276263:tqdm_logging.py:145)
01:27:18.302 [I] Progress on: 1.42kit/10.0kit rate:2.2s/it remaining:5:18:30 elapsed:56:38 postfix:- (276263:tqdm_logging.py:145)
01:27:29.435 [I] Progress on: 1.42kit/10.0kit rate:2.2s/it remaining:5:18:31 elapsed:56:49 postfix:- (276263:tqdm_logging.py:145)
01:27:40.901 [I] Progress on: 1.43kit/10.0kit rate:2.2s/it remaining:5:18:13 elapsed:57:01 postfix:- (276263:tqdm_logging.py:145)
01:27:51.780 [I] Progress on: 1.43kit/10.0kit rate:2.2s/it remaining:5:17:42 elapsed:57:12 postfix:- (276263:tqdm_logging.py:145)
01:28:02.913 [I] Progress on: 1.44kit/10.0kit rate:2.2s/it remaining:5:17:52 elapsed:57:23 postfix:- (276263:tqdm_logging.py:145)
01:28:14.044 [I] Progress on: 1.44kit/10.0kit rate:2.2s/it remaining:5:17:36 elapsed:57:34 postfix:- (276263:tqdm_logging.py:145)
01:28:25.165 [I] Progress on: 1.45kit/10.0kit rate:2.2s/it remaining:5:17:14 elapsed:57:45 postfix:- (276263:tqdm_logging.py:145)
01:28:36.624 [I] Progress on: 1.45kit/10.0kit rate:2.2s/it remaining:5:17:22 elapsed:57:57 postfix:- (276263:tqdm_logging.py:145)
01:28:47.502 [I] Progress on: 1.46kit/10.0kit rate:2.2s/it remaining:5:17:05 elapsed:58:07 postfix:- (276263:tqdm_logging.py:145)
01:28:58.619 [I] Progress on: 1.46kit/10.0kit rate:2.2s/it remaining:5:16:36 elapsed:58:19 postfix:- (276263:tqdm_logging.py:145)
01:29:09.746 [I] Progress on: 1.47kit/10.0kit rate:2.2s/it remaining:5:16:27 elapsed:58:30 postfix:- (276263:tqdm_logging.py:145)
01:29:20.893 [I] Progress on: 1.47kit/10.0kit rate:2.2s/it remaining:5:17:00 elapsed:58:41 postfix:- (276263:tqdm_logging.py:145)
01:29:32.343 [I] Progress on: 1.48kit/10.0kit rate:2.2s/it remaining:5:16:05 elapsed:58:52 postfix:- (276263:tqdm_logging.py:145)
01:29:43.203 [I] Progress on: 1.48kit/10.0kit rate:2.2s/it remaining:5:15:23 elapsed:59:03 postfix:- (276263:tqdm_logging.py:145)
01:29:54.332 [I] Progress on: 1.49kit/10.0kit rate:2.2s/it remaining:5:15:39 elapsed:59:14 postfix:- (276263:tqdm_logging.py:145)
01:30:05.465 [I] Progress on: 1.49kit/10.0kit rate:2.2s/it remaining:5:15:45 elapsed:59:25 postfix:- (276263:tqdm_logging.py:145)
01:30:16.597 [I] Progress on: 1.50kit/10.0kit rate:2.2s/it remaining:5:15:47 elapsed:59:37 postfix:- (276263:tqdm_logging.py:145)
01:30:28.051 [I] Progress on: 1.50kit/10.0kit rate:2.2s/it remaining:5:15:14 elapsed:59:48 postfix:- (276263:tqdm_logging.py:145)
01:30:38.905 [I] Progress on: 1.51kit/10.0kit rate:2.2s/it remaining:5:14:27 elapsed:59:59 postfix:- (276263:tqdm_logging.py:145)
01:30:50.042 [I] Progress on: 1.51kit/10.0kit rate:2.2s/it remaining:5:14:45 elapsed:1:00:10 postfix:- (276263:tqdm_logging.py:145)
01:31:01.172 [I] Progress on: 1.52kit/10.0kit rate:2.2s/it remaining:5:14:10 elapsed:1:00:21 postfix:- (276263:tqdm_logging.py:145)
01:31:12.307 [I] Progress on: 1.52kit/10.0kit rate:2.2s/it remaining:5:14:35 elapsed:1:00:32 postfix:- (276263:tqdm_logging.py:145)
01:31:23.768 [I] Progress on: 1.52kit/10.0kit rate:2.2s/it remaining:5:14:52 elapsed:1:00:44 postfix:- (276263:tqdm_logging.py:145)
01:31:34.627 [I] Progress on: 1.53kit/10.0kit rate:2.2s/it remaining:5:13:24 elapsed:1:00:55 postfix:- (276263:tqdm_logging.py:145)
01:31:45.759 [I] Progress on: 1.54kit/10.0kit rate:2.2s/it remaining:5:13:46 elapsed:1:01:06 postfix:- (276263:tqdm_logging.py:145)
01:31:56.903 [I] Progress on: 1.54kit/10.0kit rate:2.2s/it remaining:5:14:14 elapsed:1:01:17 postfix:- (276263:tqdm_logging.py:145)
01:32:08.024 [I] Progress on: 1.55kit/10.0kit rate:2.2s/it remaining:5:13:45 elapsed:1:01:28 postfix:- (276263:tqdm_logging.py:145)
01:32:19.488 [I] Progress on: 1.55kit/10.0kit rate:2.2s/it remaining:5:13:43 elapsed:1:01:39 postfix:- (276263:tqdm_logging.py:145)
01:32:30.362 [I] Progress on: 1.56kit/10.0kit rate:2.2s/it remaining:5:13:10 elapsed:1:01:50 postfix:- (276263:tqdm_logging.py:145)
01:32:41.496 [I] Progress on: 1.56kit/10.0kit rate:2.2s/it remaining:5:13:17 elapsed:1:02:01 postfix:- (276263:tqdm_logging.py:145)
01:32:52.613 [I] Progress on: 1.57kit/10.0kit rate:2.2s/it remaining:5:12:37 elapsed:1:02:13 postfix:- (276263:tqdm_logging.py:145)
01:33:03.750 [I] Progress on: 1.57kit/10.0kit rate:2.2s/it remaining:5:12:43 elapsed:1:02:24 postfix:- (276263:tqdm_logging.py:145)
01:33:15.215 [I] Progress on: 1.57kit/10.0kit rate:2.2s/it remaining:5:12:45 elapsed:1:02:35 postfix:- (276263:tqdm_logging.py:145)
01:33:26.086 [I] Progress on: 1.58kit/10.0kit rate:2.2s/it remaining:5:11:52 elapsed:1:02:46 postfix:- (276263:tqdm_logging.py:145)
01:33:37.218 [I] Progress on: 1.59kit/10.0kit rate:2.2s/it remaining:5:12:26 elapsed:1:02:57 postfix:- (276263:tqdm_logging.py:145)
01:33:48.344 [I] Progress on: 1.59kit/10.0kit rate:2.2s/it remaining:5:11:49 elapsed:1:03:08 postfix:- (276263:tqdm_logging.py:145)
01:33:59.477 [I] Progress on: 1.60kit/10.0kit rate:2.2s/it remaining:5:11:39 elapsed:1:03:19 postfix:- (276263:tqdm_logging.py:145)
01:34:10.939 [I] Progress on: 1.60kit/10.0kit rate:2.2s/it remaining:5:11:34 elapsed:1:03:31 postfix:- (276263:tqdm_logging.py:145)
01:34:21.805 [I] Progress on: 1.61kit/10.0kit rate:2.2s/it remaining:5:10:55 elapsed:1:03:42 postfix:- (276263:tqdm_logging.py:145)
01:34:32.941 [I] Progress on: 1.61kit/10.0kit rate:2.2s/it remaining:5:11:12 elapsed:1:03:53 postfix:- (276263:tqdm_logging.py:145)
01:34:44.064 [I] Progress on: 1.62kit/10.0kit rate:2.2s/it remaining:5:10:56 elapsed:1:04:04 postfix:- (276263:tqdm_logging.py:145)
01:34:55.198 [I] Progress on: 1.62kit/10.0kit rate:2.2s/it remaining:5:11:07 elapsed:1:04:15 postfix:- (276263:tqdm_logging.py:145)
01:35:06.652 [I] Progress on: 1.62kit/10.0kit rate:2.2s/it remaining:5:10:49 elapsed:1:04:27 postfix:- (276263:tqdm_logging.py:145)
01:35:17.516 [I] Progress on: 1.63kit/10.0kit rate:2.2s/it remaining:5:09:46 elapsed:1:04:37 postfix:- (276263:tqdm_logging.py:145)
01:35:28.654 [I] Progress on: 1.64kit/10.0kit rate:2.2s/it remaining:5:10:24 elapsed:1:04:49 postfix:- (276263:tqdm_logging.py:145)
01:35:39.771 [I] Progress on: 1.64kit/10.0kit rate:2.2s/it remaining:5:09:47 elapsed:1:05:00 postfix:- (276263:tqdm_logging.py:145)
01:35:50.908 [I] Progress on: 1.65kit/10.0kit rate:2.2s/it remaining:5:09:48 elapsed:1:05:11 postfix:- (276263:tqdm_logging.py:145)
01:36:02.368 [I] Progress on: 1.65kit/10.0kit rate:2.2s/it remaining:5:09:28 elapsed:1:05:22 postfix:- (276263:tqdm_logging.py:145)
01:36:13.237 [I] Progress on: 1.66kit/10.0kit rate:2.2s/it remaining:5:09:31 elapsed:1:05:33 postfix:- (276263:tqdm_logging.py:145)
01:36:24.356 [I] Progress on: 1.66kit/10.0kit rate:2.2s/it remaining:5:09:16 elapsed:1:05:44 postfix:- (276263:tqdm_logging.py:145)
01:36:35.491 [I] Progress on: 1.67kit/10.0kit rate:2.2s/it remaining:5:09:08 elapsed:1:05:55 postfix:- (276263:tqdm_logging.py:145)
01:36:46.619 [I] Progress on: 1.67kit/10.0kit rate:2.2s/it remaining:5:08:58 elapsed:1:06:07 postfix:- (276263:tqdm_logging.py:145)
01:36:58.076 [I] Progress on: 1.68kit/10.0kit rate:2.2s/it remaining:5:08:50 elapsed:1:06:18 postfix:- (276263:tqdm_logging.py:145)
01:37:08.959 [I] Progress on: 1.68kit/10.0kit rate:2.2s/it remaining:5:08:47 elapsed:1:06:29 postfix:- (276263:tqdm_logging.py:145)
01:37:20.072 [I] Progress on: 1.69kit/10.0kit rate:2.2s/it remaining:5:08:15 elapsed:1:06:40 postfix:- (276263:tqdm_logging.py:145)
01:37:31.197 [I] Progress on: 1.69kit/10.0kit rate:2.2s/it remaining:5:07:56 elapsed:1:06:51 postfix:- (276263:tqdm_logging.py:145)
01:37:42.339 [I] Progress on: 1.70kit/10.0kit rate:2.2s/it remaining:5:08:18 elapsed:1:07:02 postfix:- (276263:tqdm_logging.py:145)
01:37:53.796 [I] Progress on: 1.70kit/10.0kit rate:2.2s/it remaining:5:07:50 elapsed:1:07:14 postfix:- (276263:tqdm_logging.py:145)
01:38:04.657 [I] Progress on: 1.71kit/10.0kit rate:2.2s/it remaining:5:06:57 elapsed:1:07:25 postfix:- (276263:tqdm_logging.py:145)
01:38:15.784 [I] Progress on: 1.71kit/10.0kit rate:2.2s/it remaining:5:07:07 elapsed:1:07:36 postfix:- (276263:tqdm_logging.py:145)
01:38:26.934 [I] Progress on: 1.72kit/10.0kit rate:2.2s/it remaining:5:07:44 elapsed:1:07:47 postfix:- (276263:tqdm_logging.py:145)
01:38:38.063 [I] Progress on: 1.72kit/10.0kit rate:2.2s/it remaining:5:07:16 elapsed:1:07:58 postfix:- (276263:tqdm_logging.py:145)
01:38:49.529 [I] Progress on: 1.73kit/10.0kit rate:2.2s/it remaining:5:07:29 elapsed:1:08:09 postfix:- (276263:tqdm_logging.py:145)
01:39:00.388 [I] Progress on: 1.73kit/10.0kit rate:2.2s/it remaining:5:06:11 elapsed:1:08:20 postfix:- (276263:tqdm_logging.py:145)
01:39:11.517 [I] Progress on: 1.74kit/10.0kit rate:2.2s/it remaining:5:06:17 elapsed:1:08:31 postfix:- (276263:tqdm_logging.py:145)
01:39:22.655 [I] Progress on: 1.74kit/10.0kit rate:2.2s/it remaining:5:06:11 elapsed:1:08:43 postfix:- (276263:tqdm_logging.py:145)
01:39:33.794 [I] Progress on: 1.75kit/10.0kit rate:2.2s/it remaining:5:06:19 elapsed:1:08:54 postfix:- (276263:tqdm_logging.py:145)
01:39:45.254 [I] Progress on: 1.75kit/10.0kit rate:2.2s/it remaining:5:05:56 elapsed:1:09:05 postfix:- (276263:tqdm_logging.py:145)
01:39:56.122 [I] Progress on: 1.76kit/10.0kit rate:2.2s/it remaining:5:05:04 elapsed:1:09:16 postfix:- (276263:tqdm_logging.py:145)
01:40:07.255 [I] Progress on: 1.76kit/10.0kit rate:2.2s/it remaining:5:05:26 elapsed:1:09:27 postfix:- (276263:tqdm_logging.py:145)
01:40:18.392 [I] Progress on: 1.77kit/10.0kit rate:2.2s/it remaining:5:05:40 elapsed:1:09:38 postfix:- (276263:tqdm_logging.py:145)
01:40:29.514 [I] Progress on: 1.77kit/10.0kit rate:2.2s/it remaining:5:04:59 elapsed:1:09:49 postfix:- (276263:tqdm_logging.py:145)
01:40:40.984 [I] Progress on: 1.77kit/10.0kit rate:2.2s/it remaining:5:05:24 elapsed:1:10:01 postfix:- (276263:tqdm_logging.py:145)
01:40:51.869 [I] Progress on: 1.78kit/10.0kit rate:2.2s/it remaining:5:04:56 elapsed:1:10:12 postfix:- (276263:tqdm_logging.py:145)
01:41:02.982 [I] Progress on: 1.79kit/10.0kit rate:2.2s/it remaining:5:04:38 elapsed:1:10:23 postfix:- (276263:tqdm_logging.py:145)
01:41:14.111 [I] Progress on: 1.79kit/10.0kit rate:2.2s/it remaining:5:04:26 elapsed:1:10:34 postfix:- (276263:tqdm_logging.py:145)
01:41:25.238 [I] Progress on: 1.80kit/10.0kit rate:2.2s/it remaining:5:04:14 elapsed:1:10:45 postfix:- (276263:tqdm_logging.py:145)
01:41:36.712 [I] Progress on: 1.80kit/10.0kit rate:2.2s/it remaining:5:04:12 elapsed:1:10:57 postfix:- (276263:tqdm_logging.py:145)
01:41:47.567 [I] Progress on: 1.81kit/10.0kit rate:2.2s/it remaining:5:03:15 elapsed:1:11:08 postfix:- (276263:tqdm_logging.py:145)
01:41:58.703 [I] Progress on: 1.81kit/10.0kit rate:2.2s/it remaining:5:03:48 elapsed:1:11:19 postfix:- (276263:tqdm_logging.py:145)
01:42:09.840 [I] Progress on: 1.82kit/10.0kit rate:2.2s/it remaining:5:03:53 elapsed:1:11:30 postfix:- (276263:tqdm_logging.py:145)
01:42:20.964 [I] Progress on: 1.82kit/10.0kit rate:2.2s/it remaining:5:03:26 elapsed:1:11:41 postfix:- (276263:tqdm_logging.py:145)
01:42:32.436 [I] Progress on: 1.82kit/10.0kit rate:2.2s/it remaining:5:03:16 elapsed:1:11:52 postfix:- (276263:tqdm_logging.py:145)
01:42:43.310 [I] Progress on: 1.83kit/10.0kit rate:2.2s/it remaining:5:02:45 elapsed:1:12:03 postfix:- (276263:tqdm_logging.py:145)
01:42:54.436 [I] Progress on: 1.84kit/10.0kit rate:2.2s/it remaining:5:02:32 elapsed:1:12:14 postfix:- (276263:tqdm_logging.py:145)
01:43:05.574 [I] Progress on: 1.84kit/10.0kit rate:2.2s/it remaining:5:02:15 elapsed:1:12:26 postfix:- (276263:tqdm_logging.py:145)
01:43:16.721 [I] Progress on: 1.85kit/10.0kit rate:2.2s/it remaining:5:02:48 elapsed:1:12:37 postfix:- (276263:tqdm_logging.py:145)
01:43:28.181 [I] Progress on: 1.85kit/10.0kit rate:2.2s/it remaining:5:02:10 elapsed:1:12:48 postfix:- (276263:tqdm_logging.py:145)
01:43:39.031 [I] Progress on: 1.86kit/10.0kit rate:2.2s/it remaining:5:01:30 elapsed:1:12:59 postfix:- (276263:tqdm_logging.py:145)
01:43:50.170 [I] Progress on: 1.86kit/10.0kit rate:2.2s/it remaining:5:02:02 elapsed:1:13:10 postfix:- (276263:tqdm_logging.py:145)
01:44:01.299 [I] Progress on: 1.87kit/10.0kit rate:2.2s/it remaining:5:01:44 elapsed:1:13:21 postfix:- (276263:tqdm_logging.py:145)
01:44:12.422 [I] Progress on: 1.87kit/10.0kit rate:2.2s/it remaining:5:01:24 elapsed:1:13:32 postfix:- (276263:tqdm_logging.py:145)
01:44:23.887 [I] Progress on: 1.88kit/10.0kit rate:2.2s/it remaining:5:01:45 elapsed:1:13:44 postfix:- (276263:tqdm_logging.py:145)
01:44:34.750 [I] Progress on: 1.88kit/10.0kit rate:2.2s/it remaining:5:00:51 elapsed:1:13:55 postfix:- (276263:tqdm_logging.py:145)
01:44:45.873 [I] Progress on: 1.89kit/10.0kit rate:2.2s/it remaining:5:00:29 elapsed:1:14:06 postfix:- (276263:tqdm_logging.py:145)
01:44:57.012 [I] Progress on: 1.89kit/10.0kit rate:2.2s/it remaining:5:00:49 elapsed:1:14:17 postfix:- (276263:tqdm_logging.py:145)
01:45:08.138 [I] Progress on: 1.90kit/10.0kit rate:2.2s/it remaining:5:00:17 elapsed:1:14:28 postfix:- (276263:tqdm_logging.py:145)
01:45:19.608 [I] Progress on: 1.90kit/10.0kit rate:2.2s/it remaining:5:00:56 elapsed:1:14:40 postfix:- (276263:tqdm_logging.py:145)
01:45:30.485 [I] Progress on: 1.91kit/10.0kit rate:2.2s/it remaining:5:00:00 elapsed:1:14:50 postfix:- (276263:tqdm_logging.py:145)
01:45:41.610 [I] Progress on: 1.91kit/10.0kit rate:2.2s/it remaining:5:00:04 elapsed:1:15:02 postfix:- (276263:tqdm_logging.py:145)
01:45:52.737 [I] Progress on: 1.92kit/10.0kit rate:2.2s/it remaining:5:00:05 elapsed:1:15:13 postfix:- (276263:tqdm_logging.py:145)
01:46:03.860 [I] Progress on: 1.92kit/10.0kit rate:2.2s/it remaining:4:59:33 elapsed:1:15:24 postfix:- (276263:tqdm_logging.py:145)
01:46:15.332 [I] Progress on: 1.93kit/10.0kit rate:2.2s/it remaining:4:59:35 elapsed:1:15:35 postfix:- (276263:tqdm_logging.py:145)
01:46:26.198 [I] Progress on: 1.93kit/10.0kit rate:2.2s/it remaining:4:59:21 elapsed:1:15:46 postfix:- (276263:tqdm_logging.py:145)
01:46:37.311 [I] Progress on: 1.94kit/10.0kit rate:2.2s/it remaining:4:58:49 elapsed:1:15:57 postfix:- (276263:tqdm_logging.py:145)
01:46:48.445 [I] Progress on: 1.94kit/10.0kit rate:2.2s/it remaining:4:58:43 elapsed:1:16:08 postfix:- (276263:tqdm_logging.py:145)
01:46:59.581 [I] Progress on: 1.95kit/10.0kit rate:2.2s/it remaining:4:58:30 elapsed:1:16:20 postfix:- (276263:tqdm_logging.py:145)
01:47:11.040 [I] Progress on: 1.95kit/10.0kit rate:2.2s/it remaining:4:58:48 elapsed:1:16:31 postfix:- (276263:tqdm_logging.py:145)
01:47:21.906 [I] Progress on: 1.96kit/10.0kit rate:2.2s/it remaining:4:57:51 elapsed:1:16:42 postfix:- (276263:tqdm_logging.py:145)
01:47:33.040 [I] Progress on: 1.96kit/10.0kit rate:2.2s/it remaining:4:58:22 elapsed:1:16:53 postfix:- (276263:tqdm_logging.py:145)
01:47:44.167 [I] Progress on: 1.97kit/10.0kit rate:2.2s/it remaining:4:57:54 elapsed:1:17:04 postfix:- (276263:tqdm_logging.py:145)
01:47:55.303 [I] Progress on: 1.97kit/10.0kit rate:2.2s/it remaining:4:58:06 elapsed:1:17:15 postfix:- (276263:tqdm_logging.py:145)
01:48:06.762 [I] Progress on: 1.98kit/10.0kit rate:2.2s/it remaining:4:57:49 elapsed:1:17:27 postfix:- (276263:tqdm_logging.py:145)
01:48:17.626 [I] Progress on: 1.98kit/10.0kit rate:2.2s/it remaining:4:56:56 elapsed:1:17:38 postfix:- (276263:tqdm_logging.py:145)
01:48:28.759 [I] Progress on: 1.99kit/10.0kit rate:2.2s/it remaining:4:57:05 elapsed:1:17:49 postfix:- (276263:tqdm_logging.py:145)
01:48:39.902 [I] Progress on: 1.99kit/10.0kit rate:2.2s/it remaining:4:57:29 elapsed:1:18:00 postfix:- (276263:tqdm_logging.py:145)
01:48:51.028 [I] Progress on: 2.00kit/10.0kit rate:2.2s/it remaining:4:56:58 elapsed:1:18:11 postfix:- (276263:tqdm_logging.py:145)
01:49:02.493 [I] Progress on: 2.00kit/10.0kit rate:2.2s/it remaining:4:56:42 elapsed:1:18:22 postfix:- (276263:tqdm_logging.py:145)
01:49:02.551 [I] [process=0][thread=MainThread][wait_until_finished] Initiating wait for Save Finalize thread. (276263:checkpoint_manager.py:1759)
01:49:02.551 [I] [process=0][thread=MainThread][step=1000][wait_until_finished] Waiting for Save Finalize thread (save_finalize) to complete. (276263:checkpoint_manager.py:1777)
01:49:02.551 [I] [process=0][thread=MainThread][step=1000][wait_until_finished] Done waiting for Save Finalize thread (save_finalize) running at step=1000. (276263:checkpoint_manager.py:1786)
01:49:02.551 [I] [process=0][thread=MainThread][step=1000][wait_until_finished] Resetting Save Finalize thread (save_finalize) running at step=1000, also errors if any. (276263:checkpoint_manager.py:1817)
01:49:02.552 [I] [process=0] Saving checkpoint at step 2000                                       (276263:checkpoint_manager.py:1286)
01:49:02.552 [I] [process=0] Started async saving checkpoint to /shared/.cache/retain/checkpoints/retain_repro_pretrain/paper_final_hparams/2000. (276263:async_checkpointer.py:358)
01:49:02.560 [I] [process=0][thread=MainThread] Skipping global process sync, barrier name: create_tmp_directory:pre (276263:multihost.py:293)
01:49:02.560 [I] Creating tmp directory /shared/.cache/retain/checkpoints/retain_repro_pretrain/paper_final_hparams/2000.orbax-checkpoint-tmp-4 (276263:atomicity.py:144)
01:49:02.561 [I] [process=0][thread=MainThread] Skipping global process sync, barrier name: create_tmp_directory:post (276263:multihost.py:293)
01:49:02.561 [I] [process=0][thread=MainThread] Skipping global process sync, barrier name: create_tmp_directory:pre (276263:multihost.py:293)
01:49:02.562 [I] Creating tmp directory /shared/.cache/retain/checkpoints/retain_repro_pretrain/paper_final_hparams/2000.orbax-checkpoint-tmp-4/assets.orbax-checkpoint-tmp-5 (276263:atomicity.py:144)
01:49:02.562 [I] Creating tmp directory /shared/.cache/retain/checkpoints/retain_repro_pretrain/paper_final_hparams/2000.orbax-checkpoint-tmp-4/params.orbax-checkpoint-tmp-6 (276263:atomicity.py:144)
01:49:02.563 [I] Creating tmp directory /shared/.cache/retain/checkpoints/retain_repro_pretrain/paper_final_hparams/2000.orbax-checkpoint-tmp-4/train_state.orbax-checkpoint-tmp-7 (276263:atomicity.py:144)
01:49:02.567 [I] [process=0][thread=MainThread] Skipping global process sync, barrier name: create_tmp_directory:post (276263:multihost.py:293)
01:49:02.597 [I] Transferring arrays to host memory with options: use_replica_parallel=False, enable_pinned_host_transfer=False (276263:replica_slices.py:419)
01:49:26.176 [I] Transferring arrays to host memory with options: use_replica_parallel=False, enable_pinned_host_transfer=False (276263:replica_slices.py:419)
01:49:26.184 [I] Array name: 'params.PaliGemma.llm.layers.mlp.gating_einsum.value', global shape: (18, 2, 2048, 16384), write shape: (18, 2, 2048, 16384), chosen chunk shape: (18, 2, 2048, 4096) (276263:tensorstore_utils.py:371)
01:49:26.190 [I] Array name: 'params.PaliGemma.llm.layers.mlp.linear.value', global shape: (18, 16384, 2048), write shape: (18, 16384, 2048), chosen chunk shape: (18, 8192, 2048) (276263:tensorstore_utils.py:371)
01:50:32.958 [I] [process=0] /jax/checkpoint/write/blocking_bytes_per_sec: 136.7 MiB/s (total bytes: 12.1 GiB) (time elapsed: a minute) (per-host) (276263:base_pytree_checkpoint_handler.py:113)
01:50:32.964 [I] [process=0] /jax/checkpoint/write/blocking_bytes_per_sec: 409.9 MiB/s (total bytes: 36.2 GiB) (time elapsed: a minute) (per-host) (276263:base_pytree_checkpoint_handler.py:113)
01:50:32.966 [I] Array name: 'params.PaliGemma.llm.layers.mlp.gating_einsum.value', global shape: (18, 2, 2048, 16384), write shape: (18, 2, 2048, 16384), chosen chunk shape: (18, 2, 2048, 4096) (276263:tensorstore_utils.py:371)
01:50:32.967 [I] Array name: 'params.PaliGemma.llm.layers.mlp.linear.value', global shape: (18, 16384, 2048), write shape: (18, 16384, 2048), chosen chunk shape: (18, 8192, 2048) (276263:tensorstore_utils.py:371)
01:50:32.968 [I] Array name: 'opt_state.1.0.mu.PaliGemma.llm.layers.mlp.gating_einsum.value', global shape: (18, 2, 2048, 16384), write shape: (18, 2, 2048, 16384), chosen chunk shape: (18, 2, 2048, 4096) (276263:tensorstore_utils.py:371)
01:50:32.968 [I] Array name: 'opt_state.1.0.mu.PaliGemma.llm.layers.mlp.linear.value', global shape: (18, 16384, 2048), write shape: (18, 16384, 2048), chosen chunk shape: (18, 8192, 2048) (276263:tensorstore_utils.py:371)
01:50:32.969 [I] Array name: 'opt_state.1.0.nu.PaliGemma.llm.layers.mlp.gating_einsum.value', global shape: (18, 2, 2048, 16384), write shape: (18, 2, 2048, 16384), chosen chunk shape: (18, 2, 2048, 4096) (276263:tensorstore_utils.py:371)
01:50:32.970 [I] Array name: 'opt_state.1.0.nu.PaliGemma.llm.layers.mlp.linear.value', global shape: (18, 16384, 2048), write shape: (18, 16384, 2048), chosen chunk shape: (18, 8192, 2048) (276263:tensorstore_utils.py:371)
01:50:32.988 [I] [process=0][thread=async_save] Background save thread started.                   (276263:async_checkpointer.py:121)
01:50:33.004 [I] Deleting Checkpoint[step=1000 | time=2026-08-20 01:11:53.427598+00:00 | is_locked=None]: (Reason: old checkpoint). (276263:checkpoint_manager.py:1748)
01:50:33.005 [I] [process=0][thread=MainThread] Skipping global process sync, barrier name: CheckpointManager:old_steps_to_remove (276263:multihost.py:293)
01:50:33.006 [I] [process=0][thread=MainThread][step=2000] Starting CheckpointManager Save Finalize thread=save_finalize (276263:checkpoint_manager.py:1328)
01:50:33.007 [I] [process=0][thread=save_finalize] Waiting for background save thread=async_save. (276263:async_checkpointer.py:231)
01:50:33.008 [I] {'step': 2000, 'event_type': 'save', 'directory': '/shared/.cache/retain/checkpoints/retain_repro_pretrain/paper_final_hparams', 'reached_preemption': False, 'preemption_received_at': None, 'synchronous': False, 'wait_for_prev_start_time': 1787190542.551652, 'wait_for_prev_duration_secs': 0.0002300739288330078, 'checkpointer_blocking_start_time': 1787190542.5522382, 'checkpointer_blocking_duration_secs': 90.45242810249329, 'get_old_steps_start_time': 1787190633.0047178, 'get_old_steps_duration_secs': 0.0004932880401611328, 'checkpoint_manager_blocking_start_time': 1787190542.55154, 'checkpoint_manager_blocking_duration_secs': 90.45643162727356} (276263:standard_logger.py:34)
01:50:33.009 [I] Progress on: 2.00kit/10.0kit rate:29.5s/it remaining:65:30:16 elapsed:1:19:53 postfix:- (276263:tqdm_logging.py:145)
01:50:33.025 [I] ChainedFuture completed 1/1 futures in 0.04 seconds.                             (276263:future.py:137)
01:50:33.025 [I] [process=0] /jax/checkpoint/write/bytes_per_sec: 136.6 MiB/s (total bytes: 12.1 GiB) (time elapsed: a minute) (per-host) (276263:base_pytree_checkpoint_handler.py:113)
01:50:43.835 [I] Progress on: 2.01kit/10.0kit rate:6.8s/it remaining:15:02:30 elapsed:1:20:04 postfix:- (276263:tqdm_logging.py:145)
01:50:54.961 [I] Progress on: 2.01kit/10.0kit rate:3.0s/it remaining:6:37:58 elapsed:1:20:15 postfix:- (276263:tqdm_logging.py:145)
01:51:06.093 [I] Progress on: 2.02kit/10.0kit rate:2.4s/it remaining:5:13:13 elapsed:1:20:26 postfix:- (276263:tqdm_logging.py:145)
01:51:17.222 [I] Progress on: 2.02kit/10.0kit rate:2.2s/it remaining:4:58:41 elapsed:1:20:37 postfix:- (276263:tqdm_logging.py:145)
01:51:28.686 [I] Progress on: 2.02kit/10.0kit rate:2.2s/it remaining:4:55:48 elapsed:1:20:49 postfix:- (276263:tqdm_logging.py:145)
01:51:33.028 [I] ChainedFuture completed 1/1 futures in 60.00 seconds.                            (276263:future.py:137)
01:51:33.028 [I] [process=0] /jax/checkpoint/write/bytes_per_sec: 246.3 MiB/s (total bytes: 36.2 GiB) (time elapsed: 2 minutes) (per-host) (276263:base_pytree_checkpoint_handler.py:113)
01:51:33.028 [I] [process=0][thread=async_save] 3 Handler Commit operations completed.            (276263:async_checkpointer.py:131)
01:51:33.029 [I] [process=0][thread=async_save] Async Save Callback [1/3]: Finalizing Handler: <orbax.checkpoint._src.handlers.composite_checkpoint_handler.CompositeCheckpointHandler object at 0x7437d9693f90> on /shared/.cache/retain/checkpoints/retain_repro_pretrain/paper_final_hparams/2000.orbax-checkpoint-tmp-4 (276263:async_checkpointer.py:406)
01:51:33.029 [I] Renaming /shared/.cache/retain/checkpoints/retain_repro_pretrain/paper_final_hparams/2000.orbax-checkpoint-tmp-4/assets.orbax-checkpoint-tmp-5 to /shared/.cache/retain/checkpoints/retain_repro_pretrain/paper_final_hparams/2000.orbax-checkpoint-tmp-4/assets (276263:atomicity.py:287)
01:51:33.044 [I] Renaming /shared/.cache/retain/checkpoints/retain_repro_pretrain/paper_final_hparams/2000.orbax-checkpoint-tmp-4/train_state.orbax-checkpoint-tmp-7 to /shared/.cache/retain/checkpoints/retain_repro_pretrain/paper_final_hparams/2000.orbax-checkpoint-tmp-4/train_state (276263:atomicity.py:287)
01:51:33.054 [I] Renaming /shared/.cache/retain/checkpoints/retain_repro_pretrain/paper_final_hparams/2000.orbax-checkpoint-tmp-4/params.orbax-checkpoint-tmp-6 to /shared/.cache/retain/checkpoints/retain_repro_pretrain/paper_final_hparams/2000.orbax-checkpoint-tmp-4/params (276263:atomicity.py:287)
01:51:33.054 [I] [process=0][thread=async_save] Async Save Callback [2/3]: Running post_finalization_callback: None on /shared/.cache/retain/checkpoints/retain_repro_pretrain/paper_final_hparams/2000 (276263:async_checkpointer.py:416)
01:51:33.054 [I] [process=0][thread=async_save] Async Save Callback [3/3]: Finalizing checkpoint directory: /shared/.cache/retain/checkpoints/retain_repro_pretrain/paper_final_hparams/2000.orbax-checkpoint-tmp-4 (276263:async_checkpointer.py:426)
01:51:33.054 [I] Renaming /shared/.cache/retain/checkpoints/retain_repro_pretrain/paper_final_hparams/2000.orbax-checkpoint-tmp-4 to /shared/.cache/retain/checkpoints/retain_repro_pretrain/paper_final_hparams/2000 (276263:atomicity.py:287)
01:51:33.055 [I] [process=0][thread=async_save] Finished saving checkpoint (finalized tmp dir) to `/shared/.cache/retain/checkpoints/retain_repro_pretrain/paper_final_hparams/2000`. (276263:atomicity.py:548)
01:51:33.055 [I] [process=0][thread=async_save] Background save thread done.                      (276263:async_checkpointer.py:183)
01:51:33.055 [I] [process=0][thread=save_finalize] Done with waiting for background save thread=async_save. (276263:async_checkpointer.py:239)
01:51:33.056 [I] [process=0][thread=save_finalize] No errors found in background save thread=async_save. (276263:async_checkpointer.py:249)
01:51:39.559 [I] Progress on: 2.03kit/10.0kit rate:2.2s/it remaining:4:53:50 elapsed:1:21:00 postfix:- (276263:tqdm_logging.py:145)
01:51:40.907 [I] Deleted step 1000.                                                               (276263:deleter.py:114)
01:51:40.907 [I] [process=0][thread=save_finalize][step=2000] CheckpointManager Save Finalize is syncing with other hosts... (276263:checkpoint_manager.py:1890)
01:51:40.907 [I] [process=0][thread=save_finalize][step=2000] CheckpointManager Save Finalize is done on all hosts. (276263:checkpoint_manager.py:1905)
01:51:50.680 [I] Progress on: 2.04kit/10.0kit rate:2.2s/it remaining:4:54:44 elapsed:1:21:11 postfix:- (276263:tqdm_logging.py:145)
01:52:01.809 [I] Progress on: 2.04kit/10.0kit rate:2.2s/it remaining:4:55:05 elapsed:1:21:22 postfix:- (276263:tqdm_logging.py:145)
01:52:12.945 [I] Progress on: 2.05kit/10.0kit rate:2.2s/it remaining:4:55:21 elapsed:1:21:33 postfix:- (276263:tqdm_logging.py:145)
01:52:24.397 [I] Progress on: 2.05kit/10.0kit rate:2.2s/it remaining:4:54:52 elapsed:1:21:44 postfix:- (276263:tqdm_logging.py:145)
01:52:35.272 [I] Progress on: 2.06kit/10.0kit rate:2.2s/it remaining:4:54:41 elapsed:1:21:55 postfix:- (276263:tqdm_logging.py:145)
01:52:46.385 [I] Progress on: 2.06kit/10.0kit rate:2.2s/it remaining:4:54:16 elapsed:1:22:06 postfix:- (276263:tqdm_logging.py:145)
01:52:57.520 [I] Progress on: 2.07kit/10.0kit rate:2.2s/it remaining:4:54:10 elapsed:1:22:17 postfix:- (276263:tqdm_logging.py:145)
01:53:08.661 [I] Progress on: 2.07kit/10.0kit rate:2.2s/it remaining:4:54:23 elapsed:1:22:29 postfix:- (276263:tqdm_logging.py:145)
01:53:20.111 [I] Progress on: 2.08kit/10.0kit rate:2.2s/it remaining:4:54:35 elapsed:1:22:40 postfix:- (276263:tqdm_logging.py:145)
01:53:30.977 [I] Progress on: 2.08kit/10.0kit rate:2.2s/it remaining:4:52:59 elapsed:1:22:51 postfix:- (276263:tqdm_logging.py:145)
01:53:42.108 [I] Progress on: 2.09kit/10.0kit rate:2.2s/it remaining:4:53:18 elapsed:1:23:02 postfix:- (276263:tqdm_logging.py:145)
01:53:53.260 [I] Progress on: 2.09kit/10.0kit rate:2.2s/it remaining:4:54:02 elapsed:1:23:13 postfix:- (276263:tqdm_logging.py:145)
01:54:04.389 [I] Progress on: 2.10kit/10.0kit rate:2.2s/it remaining:4:53:39 elapsed:1:23:24 postfix:- (276263:tqdm_logging.py:145)
01:54:15.845 [I] Progress on: 2.10kit/10.0kit rate:2.2s/it remaining:4:53:01 elapsed:1:23:36 postfix:- (276263:tqdm_logging.py:145)
01:54:26.702 [I] Progress on: 2.11kit/10.0kit rate:2.2s/it remaining:4:52:21 elapsed:1:23:47 postfix:- (276263:tqdm_logging.py:145)
01:54:37.835 [I] Progress on: 2.11kit/10.0kit rate:2.2s/it remaining:4:52:46 elapsed:1:23:58 postfix:- (276263:tqdm_logging.py:145)
01:54:48.960 [I] Progress on: 2.12kit/10.0kit rate:2.2s/it remaining:4:52:26 elapsed:1:24:09 postfix:- (276263:tqdm_logging.py:145)
01:55:00.107 [I] Progress on: 2.12kit/10.0kit rate:2.2s/it remaining:4:52:58 elapsed:1:24:20 postfix:- (276263:tqdm_logging.py:145)
01:55:11.558 [I] Progress on: 2.12kit/10.0kit rate:2.2s/it remaining:4:52:09 elapsed:1:24:32 postfix:- (276263:tqdm_logging.py:145)
01:55:22.425 [I] Progress on: 2.13kit/10.0kit rate:2.2s/it remaining:4:51:38 elapsed:1:24:42 postfix:- (276263:tqdm_logging.py:145)
01:55:33.563 [I] Progress on: 2.14kit/10.0kit rate:2.2s/it remaining:4:52:11 elapsed:1:24:54 postfix:- (276263:tqdm_logging.py:145)
01:55:44.674 [I] Progress on: 2.14kit/10.0kit rate:2.2s/it remaining:4:51:15 elapsed:1:25:05 postfix:- (276263:tqdm_logging.py:145)
01:55:55.810 [I] Progress on: 2.15kit/10.0kit rate:2.2s/it remaining:4:51:26 elapsed:1:25:16 postfix:- (276263:tqdm_logging.py:145)
01:56:07.272 [I] Progress on: 2.15kit/10.0kit rate:2.2s/it remaining:4:51:13 elapsed:1:25:27 postfix:- (276263:tqdm_logging.py:145)
01:56:18.145 [I] Progress on: 2.16kit/10.0kit rate:2.2s/it remaining:4:50:27 elapsed:1:25:38 postfix:- (276263:tqdm_logging.py:145)
01:56:29.270 [I] Progress on: 2.16kit/10.0kit rate:2.2s/it remaining:4:50:31 elapsed:1:25:49 postfix:- (276263:tqdm_logging.py:145)
01:56:40.398 [I] Progress on: 2.17kit/10.0kit rate:2.2s/it remaining:4:50:25 elapsed:1:26:00 postfix:- (276263:tqdm_logging.py:145)
01:56:51.535 [I] Progress on: 2.17kit/10.0kit rate:2.2s/it remaining:4:50:29 elapsed:1:26:11 postfix:- (276263:tqdm_logging.py:145)
01:57:03.000 [I] Progress on: 2.17kit/10.0kit rate:2.2s/it remaining:4:50:03 elapsed:1:26:23 postfix:- (276263:tqdm_logging.py:145)
01:57:13.868 [I] Progress on: 2.18kit/10.0kit rate:2.2s/it remaining:4:49:56 elapsed:1:26:34 postfix:- (276263:tqdm_logging.py:145)
01:57:24.994 [I] Progress on: 2.19kit/10.0kit rate:2.2s/it remaining:4:49:49 elapsed:1:26:45 postfix:- (276263:tqdm_logging.py:145)
01:57:36.133 [I] Progress on: 2.19kit/10.0kit rate:2.2s/it remaining:4:49:52 elapsed:1:26:56 postfix:- (276263:tqdm_logging.py:145)
01:57:47.254 [I] Progress on: 2.20kit/10.0kit rate:2.2s/it remaining:4:49:28 elapsed:1:27:07 postfix:- (276263:tqdm_logging.py:145)
01:57:58.720 [I] Progress on: 2.20kit/10.0kit rate:2.2s/it remaining:4:49:42 elapsed:1:27:19 postfix:- (276263:tqdm_logging.py:145)
01:58:09.588 [I] Progress on: 2.21kit/10.0kit rate:2.2s/it remaining:4:48:23 elapsed:1:27:30 postfix:- (276263:tqdm_logging.py:145)
01:58:20.724 [I] Progress on: 2.21kit/10.0kit rate:2.2s/it remaining:4:48:59 elapsed:1:27:41 postfix:- (276263:tqdm_logging.py:145)
01:58:31.860 [I] Progress on: 2.22kit/10.0kit rate:2.2s/it remaining:4:49:01 elapsed:1:27:52 postfix:- (276263:tqdm_logging.py:145)
01:58:42.980 [I] Progress on: 2.22kit/10.0kit rate:2.2s/it remaining:4:48:19 elapsed:1:28:03 postfix:- (276263:tqdm_logging.py:145)
Step 0: grad_norm=3.4955, loss=0.1572, param_norm=1377.8652, vision_param_norm=1258.1694
Step 25: grad_norm=3.9338, loss=0.1559, param_norm=1377.8651, vision_param_norm=1258.1697
Step 50: grad_norm=2.7647, loss=0.1210, param_norm=1377.8650, vision_param_norm=1258.1697
Step 75: grad_norm=1.8108, loss=0.1081, param_norm=1377.8650, vision_param_norm=1258.1696
Step 100: grad_norm=1.2463, loss=0.0807, param_norm=1377.8651, vision_param_norm=1258.1697
Step 125: grad_norm=1.0391, loss=0.0720, param_norm=1377.8652, vision_param_norm=1258.1697
Step 150: grad_norm=0.9803, loss=0.0661, param_norm=1377.8655, vision_param_norm=1258.1697
Step 175: grad_norm=0.7958, loss=0.0567, param_norm=1377.8655, vision_param_norm=1258.1697
Step 200: grad_norm=0.8266, loss=0.0551, param_norm=1377.8656, vision_param_norm=1258.1697
Step 225: grad_norm=0.8342, loss=0.0570, param_norm=1377.8667, vision_param_norm=1258.1696
Step 250: grad_norm=0.7388, loss=0.0540, param_norm=1377.8667, vision_param_norm=1258.1696
Step 275: grad_norm=0.6581, loss=0.0519, param_norm=1377.8672, vision_param_norm=1258.1697
Step 300: grad_norm=0.6723, loss=0.0509, param_norm=1377.8674, vision_param_norm=1258.1697
Step 325: grad_norm=0.6027, loss=0.0486, param_norm=1377.8689, vision_param_norm=1258.1697
Step 350: grad_norm=0.6308, loss=0.0497, param_norm=1377.8699, vision_param_norm=1258.1697
Step 375: grad_norm=0.5455, loss=0.0435, param_norm=1377.8711, vision_param_norm=1258.1699
Step 400: grad_norm=0.6158, loss=0.0494, param_norm=1377.8728, vision_param_norm=1258.1699
Step 425: grad_norm=0.5694, loss=0.0462, param_norm=1377.8745, vision_param_norm=1258.1699
Step 450: grad_norm=0.5955, loss=0.0479, param_norm=1377.8762, vision_param_norm=1258.1703
Step 475: grad_norm=0.6007, loss=0.0493, param_norm=1377.8781, vision_param_norm=1258.1710
Step 500: grad_norm=0.5447, loss=0.0456, param_norm=1377.8805, vision_param_norm=1258.1714
Step 525: grad_norm=0.5527, loss=0.0481, param_norm=1377.8831, vision_param_norm=1258.1716
Step 550: grad_norm=0.7705, loss=0.0482, param_norm=1377.8862, vision_param_norm=1258.1719
Step 575: grad_norm=0.5623, loss=0.0461, param_norm=1377.8894, vision_param_norm=1258.1721
Step 600: grad_norm=0.8190, loss=0.0475, param_norm=1377.8926, vision_param_norm=1258.1732
Step 625: grad_norm=0.5137, loss=0.0443, param_norm=1377.8964, vision_param_norm=1258.1735
Step 650: grad_norm=0.5124, loss=0.0476, param_norm=1377.9003, vision_param_norm=1258.1737
Step 675: grad_norm=0.4903, loss=0.0445, param_norm=1377.9041, vision_param_norm=1258.1738
Step 700: grad_norm=0.5759, loss=0.0472, param_norm=1377.9089, vision_param_norm=1258.1748
Step 725: grad_norm=0.5630, loss=0.0472, param_norm=1377.9152, vision_param_norm=1258.1755
Step 750: grad_norm=0.5326, loss=0.0448, param_norm=1377.9210, vision_param_norm=1258.1758
Step 775: grad_norm=0.5646, loss=0.0475, param_norm=1377.9274, vision_param_norm=1258.1771
Step 800: grad_norm=0.4951, loss=0.0435, param_norm=1377.9333, vision_param_norm=1258.1777
Step 825: grad_norm=0.5955, loss=0.0453, param_norm=1377.9395, vision_param_norm=1258.1791
Step 850: grad_norm=0.5244, loss=0.0458, param_norm=1377.9476, vision_param_norm=1258.1797
Step 875: grad_norm=0.9159, loss=0.0516, param_norm=1377.9559, vision_param_norm=1258.1810
Step 900: grad_norm=0.5475, loss=0.0471, param_norm=1377.9640, vision_param_norm=1258.1816
Step 925: grad_norm=0.5116, loss=0.0451, param_norm=1377.9724, vision_param_norm=1258.1830
Step 950: grad_norm=0.6099, loss=0.0482, param_norm=1377.9817, vision_param_norm=1258.1838
Step 975: grad_norm=0.6171, loss=0.0490, param_norm=1377.9916, vision_param_norm=1258.1853
Step 1000: grad_norm=0.5527, loss=0.0486, param_norm=1378.0016, vision_param_norm=1258.1869
Step 1025: grad_norm=0.7859, loss=0.0497, param_norm=1378.0129, vision_param_norm=1258.1877
Step 1050: grad_norm=0.5812, loss=0.0477, param_norm=1378.0232, vision_param_norm=1258.1892
Step 1075: grad_norm=0.5246, loss=0.0458, param_norm=1378.0343, vision_param_norm=1258.1909
Step 1100: grad_norm=0.5511, loss=0.0482, param_norm=1378.0446, vision_param_norm=1258.1926
Step 1125: grad_norm=0.5476, loss=0.0461, param_norm=1378.0555, vision_param_norm=1258.1938
Step 1150: grad_norm=0.4764, loss=0.0439, param_norm=1378.0667, vision_param_norm=1258.1953
Step 1175: grad_norm=0.5446, loss=0.0474, param_norm=1378.0778, vision_param_norm=1258.1969
Step 1200: grad_norm=0.6045, loss=0.0504, param_norm=1378.0884, vision_param_norm=1258.1986
Step 1225: grad_norm=0.5265, loss=0.0415, param_norm=1378.1006, vision_param_norm=1258.2004
Step 1250: grad_norm=0.4973, loss=0.0439, param_norm=1378.1112, vision_param_norm=1258.2021
Step 1275: grad_norm=0.4479, loss=0.0426, param_norm=1378.1216, vision_param_norm=1258.2030
Step 1300: grad_norm=0.4933, loss=0.0425, param_norm=1378.1322, vision_param_norm=1258.2045
Step 1325: grad_norm=0.5158, loss=0.0428, param_norm=1378.1431, vision_param_norm=1258.2062
Step 1350: grad_norm=0.4631, loss=0.0451, param_norm=1378.1543, vision_param_norm=1258.2079
Step 1375: grad_norm=0.5264, loss=0.0441, param_norm=1378.1665, vision_param_norm=1258.2090
Step 1400: grad_norm=0.6174, loss=0.0442, param_norm=1378.1775, vision_param_norm=1258.2103
Step 1425: grad_norm=0.4406, loss=0.0412, param_norm=1378.1870, vision_param_norm=1258.2109
Step 1450: grad_norm=0.4711, loss=0.0433, param_norm=1378.1970, vision_param_norm=1258.2126
Step 1475: grad_norm=0.5561, loss=0.0438, param_norm=1378.2075, vision_param_norm=1258.2142
Step 1500: grad_norm=0.5222, loss=0.0425, param_norm=1378.2181, vision_param_norm=1258.2159
Step 1525: grad_norm=0.4823, loss=0.0423, param_norm=1378.2284, vision_param_norm=1258.2167
Step 1550: grad_norm=0.5639, loss=0.0436, param_norm=1378.2389, vision_param_norm=1258.2184
Step 1575: grad_norm=0.5305, loss=0.0453, param_norm=1378.2507, vision_param_norm=1258.2201
Step 1600: grad_norm=0.5238, loss=0.0422, param_norm=1378.2626, vision_param_norm=1258.2211
Step 1625: grad_norm=0.5476, loss=0.0423, param_norm=1378.2732, vision_param_norm=1258.2224
Step 1650: grad_norm=0.4705, loss=0.0386, param_norm=1378.2834, vision_param_norm=1258.2240
Step 1675: grad_norm=0.4498, loss=0.0397, param_norm=1378.2946, vision_param_norm=1258.2258
Step 1700: grad_norm=0.4500, loss=0.0413, param_norm=1378.3049, vision_param_norm=1258.2268
Step 1725: grad_norm=0.4667, loss=0.0403, param_norm=1378.3162, vision_param_norm=1258.2283
Step 1750: grad_norm=0.4424, loss=0.0388, param_norm=1378.3273, vision_param_norm=1258.2301
Step 1775: grad_norm=0.4426, loss=0.0418, param_norm=1378.3376, vision_param_norm=1258.2316
Step 1800: grad_norm=0.4070, loss=0.0407, param_norm=1378.3484, vision_param_norm=1258.2322
Step 1825: grad_norm=0.5232, loss=0.0410, param_norm=1378.3594, vision_param_norm=1258.2324
Step 1850: grad_norm=0.4313, loss=0.0409, param_norm=1378.3706, vision_param_norm=1258.2340
Step 1875: grad_norm=0.4792, loss=0.0418, param_norm=1378.3813, vision_param_norm=1258.2357
Step 1900: grad_norm=0.4352, loss=0.0381, param_norm=1378.3922, vision_param_norm=1258.2363
Step 1925: grad_norm=0.3971, loss=0.0382, param_norm=1378.4032, vision_param_norm=1258.2380
Step 1950: grad_norm=0.4740, loss=0.0405, param_norm=1378.4156, vision_param_norm=1258.2396
Step 1975: grad_norm=0.4276, loss=0.0382, param_norm=1378.4255, vision_param_norm=1258.2402
Step 2000: grad_norm=0.4949, loss=0.0409, param_norm=1378.4347, vision_param_norm=1258.2418
Step 2025: grad_norm=0.5645, loss=0.0463, param_norm=1378.4458, vision_param_norm=1258.2435
Step 2050: grad_norm=0.4404, loss=0.0416, param_norm=1378.4576, vision_param_norm=1258.2444
Step 2075: grad_norm=0.4601, loss=0.0397, param_norm=1378.4690, vision_param_norm=1258.2458
Step 2100: grad_norm=0.4683, loss=0.0370, param_norm=1378.4799, vision_param_norm=1258.2474
Step 2125: grad_norm=0.5024, loss=0.0415, param_norm=1378.4905, vision_param_norm=1258.2490
Step 2150: grad_norm=0.4372, loss=0.0388, param_norm=1378.5020, vision_param_norm=1258.2499
Step 2175: grad_norm=0.5256, loss=0.0423, param_norm=1378.5133, vision_param_norm=1258.2516
Step 2200: grad_norm=0.4464, loss=0.0403, param_norm=1378.5245, vision_param_norm=1258.2533
Step 2225: grad_norm=0.4041, loss=0.0381, param_norm=1378.5364, vision_param_norm=1258.254601:58:54.458 [I] Progress on: 2.23kit/10.0kit rate:2.2s/it remaining:4:48:27 elapsed:1:28:14 postfix:- (276263:tqdm_logging.py:145)
01:59:05.338 [I] Progress on: 2.23kit/10.0kit rate:2.2s/it remaining:4:48:21 elapsed:1:28:25 postfix:- (276263:tqdm_logging.py:145)
01:59:16.464 [I] Progress on: 2.24kit/10.0kit rate:2.2s/it remaining:4:48:12 elapsed:1:28:36 postfix:- (276263:tqdm_logging.py:145)
01:59:27.584 [I] Progress on: 2.24kit/10.0kit rate:2.2s/it remaining:4:47:37 elapsed:1:28:48 postfix:- (276263:tqdm_logging.py:145)
01:59:38.731 [I] Progress on: 2.25kit/10.0kit rate:2.2s/it remaining:4:48:09 elapsed:1:28:59 postfix:- (276263:tqdm_logging.py:145)
01:59:50.180 [I] Progress on: 2.25kit/10.0kit rate:2.2s/it remaining:4:47:14 elapsed:1:29:10 postfix:- (276263:tqdm_logging.py:145)
02:00:01.048 [I] Progress on: 2.26kit/10.0kit rate:2.2s/it remaining:4:46:53 elapsed:1:29:21 postfix:- (276263:tqdm_logging.py:145)
02:00:12.182 [I] Progress on: 2.26kit/10.0kit rate:2.2s/it remaining:4:47:05 elapsed:1:29:32 postfix:- (276263:tqdm_logging.py:145)
02:00:23.317 [I] Progress on: 2.27kit/10.0kit rate:2.2s/it remaining:4:46:57 elapsed:1:29:43 postfix:- (276263:tqdm_logging.py:145)
02:00:34.440 [I] Progress on: 2.27kit/10.0kit rate:2.2s/it remaining:4:46:38 elapsed:1:29:54 postfix:- (276263:tqdm_logging.py:145)
02:00:45.901 [I] Progress on: 2.27kit/10.0kit rate:2.2s/it remaining:4:46:48 elapsed:1:30:06 postfix:- (276263:tqdm_logging.py:145)
02:00:56.764 [I] Progress on: 2.28kit/10.0kit rate:2.2s/it remaining:4:45:51 elapsed:1:30:17 postfix:- (276263:tqdm_logging.py:145)
02:01:07.897 [I] Progress on: 2.29kit/10.0kit rate:2.2s/it remaining:4:46:21 elapsed:1:30:28 postfix:- (276263:tqdm_logging.py:145)
02:01:19.019 [I] Progress on: 2.29kit/10.0kit rate:2.2s/it remaining:4:45:56 elapsed:1:30:39 postfix:- (276263:tqdm_logging.py:145)
02:01:30.152 [I] Progress on: 2.30kit/10.0kit rate:2.2s/it remaining:4:45:44 elapsed:1:30:50 postfix:- (276263:tqdm_logging.py:145)
02:01:41.619 [I] Progress on: 2.30kit/10.0kit rate:2.2s/it remaining:4:45:27 elapsed:1:31:02 postfix:- (276263:tqdm_logging.py:145)
02:01:52.477 [I] Progress on: 2.31kit/10.0kit rate:2.2s/it remaining:4:44:46 elapsed:1:31:12 postfix:- (276263:tqdm_logging.py:145)
02:02:03.613 [I] Progress on: 2.31kit/10.0kit rate:2.2s/it remaining:4:45:08 elapsed:1:31:24 postfix:- (276263:tqdm_logging.py:145)
02:02:14.743 [I] Progress on: 2.32kit/10.0kit rate:2.2s/it remaining:4:45:01 elapsed:1:31:35 postfix:- (276263:tqdm_logging.py:145)
02:02:25.880 [I] Progress on: 2.32kit/10.0kit rate:2.2s/it remaining:4:44:59 elapsed:1:31:46 postfix:- (276263:tqdm_logging.py:145)
02:02:37.337 [I] Progress on: 2.33kit/10.0kit rate:2.2s/it remaining:4:44:31 elapsed:1:31:57 postfix:- (276263:tqdm_logging.py:145)
02:02:48.206 [I] Progress on: 2.33kit/10.0kit rate:2.2s/it remaining:4:44:02 elapsed:1:32:08 postfix:- (276263:tqdm_logging.py:145)
02:02:59.330 [I] Progress on: 2.34kit/10.0kit rate:2.2s/it remaining:4:44:14 elapsed:1:32:19 postfix:- (276263:tqdm_logging.py:145)
02:03:10.459 [I] Progress on: 2.34kit/10.0kit rate:2.2s/it remaining:4:43:46 elapsed:1:32:30 postfix:- (276263:tqdm_logging.py:145)
02:03:21.601 [I] Progress on: 2.35kit/10.0kit rate:2.2s/it remaining:4:44:21 elapsed:1:32:42 postfix:- (276263:tqdm_logging.py:145)
02:03:33.050 [I] Progress on: 2.35kit/10.0kit rate:2.2s/it remaining:4:43:48 elapsed:1:32:53 postfix:- (276263:tqdm_logging.py:145)
02:03:43.916 [I] Progress on: 2.36kit/10.0kit rate:2.2s/it remaining:4:43:23 elapsed:1:33:04 postfix:- (276263:tqdm_logging.py:145)
02:03:55.037 [I] Progress on: 2.36kit/10.0kit rate:2.2s/it remaining:4:43:07 elapsed:1:33:15 postfix:- (276263:tqdm_logging.py:145)
02:04:06.174 [I] Progress on: 2.37kit/10.0kit rate:2.2s/it remaining:4:43:12 elapsed:1:33:26 postfix:- (276263:tqdm_logging.py:145)
02:04:17.299 [I] Progress on: 2.37kit/10.0kit rate:2.2s/it remaining:4:42:54 elapsed:1:33:37 postfix:- (276263:tqdm_logging.py:145)
02:04:28.770 [I] Progress on: 2.38kit/10.0kit rate:2.2s/it remaining:4:42:38 elapsed:1:33:49 postfix:- (276263:tqdm_logging.py:145)
02:04:39.635 [I] Progress on: 2.38kit/10.0kit rate:2.2s/it remaining:4:42:20 elapsed:1:34:00 postfix:- (276263:tqdm_logging.py:145)
02:04:50.767 [I] Progress on: 2.39kit/10.0kit rate:2.2s/it remaining:4:42:36 elapsed:1:34:11 postfix:- (276263:tqdm_logging.py:145)
02:05:01.890 [I] Progress on: 2.39kit/10.0kit rate:2.2s/it remaining:4:41:55 elapsed:1:34:22 postfix:- (276263:tqdm_logging.py:145)
02:05:13.018 [I] Progress on: 2.40kit/10.0kit rate:2.2s/it remaining:4:41:59 elapsed:1:34:33 postfix:- (276263:tqdm_logging.py:145)
02:05:24.488 [I] Progress on: 2.40kit/10.0kit rate:2.2s/it remaining:4:41:55 elapsed:1:34:44 postfix:- (276263:tqdm_logging.py:145)
02:05:35.353 [I] Progress on: 2.41kit/10.0kit rate:2.2s/it remaining:4:41:04 elapsed:1:34:55 postfix:- (276263:tqdm_logging.py:145)
02:05:46.482 [I] Progress on: 2.41kit/10.0kit rate:2.2s/it remaining:4:41:25 elapsed:1:35:06 postfix:- (276263:tqdm_logging.py:145)
02:05:57.614 [I] Progress on: 2.42kit/10.0kit rate:2.2s/it remaining:4:41:24 elapsed:1:35:18 postfix:- (276263:tqdm_logging.py:145)
02:06:08.746 [I] Progress on: 2.42kit/10.0kit rate:2.2s/it remaining:4:41:13 elapsed:1:35:29 postfix:- (276263:tqdm_logging.py:145)
02:06:20.207 [I] Progress on: 2.42kit/10.0kit rate:2.2s/it remaining:4:40:45 elapsed:1:35:40 postfix:- (276263:tqdm_logging.py:145)
02:06:31.069 [I] Progress on: 2.43kit/10.0kit rate:2.2s/it remaining:4:40:28 elapsed:1:35:51 postfix:- (276263:tqdm_logging.py:145)
02:06:42.212 [I] Progress on: 2.44kit/10.0kit rate:2.2s/it remaining:4:41:09 elapsed:1:36:02 postfix:- (276263:tqdm_logging.py:145)
02:06:53.326 [I] Progress on: 2.44kit/10.0kit rate:2.2s/it remaining:4:40:25 elapsed:1:36:13 postfix:- (276263:tqdm_logging.py:145)
02:07:04.456 [I] Progress on: 2.45kit/10.0kit rate:2.2s/it remaining:4:40:12 elapsed:1:36:24 postfix:- (276263:tqdm_logging.py:145)
02:07:15.919 [I] Progress on: 2.45kit/10.0kit rate:2.2s/it remaining:4:40:01 elapsed:1:36:36 postfix:- (276263:tqdm_logging.py:145)
02:07:26.792 [I] Progress on: 2.46kit/10.0kit rate:2.2s/it remaining:4:39:45 elapsed:1:36:47 postfix:- (276263:tqdm_logging.py:145)
02:07:37.909 [I] Progress on: 2.46kit/10.0kit rate:2.2s/it remaining:4:39:31 elapsed:1:36:58 postfix:- (276263:tqdm_logging.py:145)
02:07:49.045 [I] Progress on: 2.47kit/10.0kit rate:2.2s/it remaining:4:39:41 elapsed:1:37:09 postfix:- (276263:tqdm_logging.py:145)
02:08:00.160 [I] Progress on: 2.47kit/10.0kit rate:2.2s/it remaining:4:39:03 elapsed:1:37:20 postfix:- (276263:tqdm_logging.py:145)
02:08:11.630 [I] Progress on: 2.48kit/10.0kit rate:2.2s/it remaining:4:39:19 elapsed:1:37:32 postfix:- (276263:tqdm_logging.py:145)
02:08:22.494 [I] Progress on: 2.48kit/10.0kit rate:2.2s/it remaining:4:38:33 elapsed:1:37:42 postfix:- (276263:tqdm_logging.py:145)
02:08:33.634 [I] Progress on: 2.49kit/10.0kit rate:2.2s/it remaining:4:39:06 elapsed:1:37:54 postfix:- (276263:tqdm_logging.py:145)
02:08:44.751 [I] Progress on: 2.49kit/10.0kit rate:2.2s/it remaining:4:38:17 elapsed:1:38:05 postfix:- (276263:tqdm_logging.py:145)
02:08:55.882 [I] Progress on: 2.50kit/10.0kit rate:2.2s/it remaining:4:38:18 elapsed:1:38:16 postfix:- (276263:tqdm_logging.py:145)
02:09:07.352 [I] Progress on: 2.50kit/10.0kit rate:2.2s/it remaining:4:38:21 elapsed:1:38:27 postfix:- (276263:tqdm_logging.py:145)
02:09:18.502 [I] Progress on: 2.51kit/10.0kit rate:2.2s/it remaining:4:38:38 elapsed:1:38:38 postfix:- (276263:tqdm_logging.py:145)
02:09:29.642 [I] Progress on: 2.51kit/10.0kit rate:2.2s/it remaining:4:38:11 elapsed:1:38:50 postfix:- (276263:tqdm_logging.py:145)
02:09:40.767 [I] Progress on: 2.52kit/10.0kit rate:2.2s/it remaining:4:37:39 elapsed:1:39:01 postfix:- (276263:tqdm_logging.py:145)
02:09:51.901 [I] Progress on: 2.52kit/10.0kit rate:2.2s/it remaining:4:37:19 elapsed:1:39:12 postfix:- (276263:tqdm_logging.py:145)
02:10:03.360 [I] Progress on: 2.52kit/10.0kit rate:2.2s/it remaining:4:37:27 elapsed:1:39:23 postfix:- (276263:tqdm_logging.py:145)
02:10:14.221 [I] Progress on: 2.53kit/10.0kit rate:2.2s/it remaining:4:36:28 elapsed:1:39:34 postfix:- (276263:tqdm_logging.py:145)
02:10:25.359 [I] Progress on: 2.54kit/10.0kit rate:2.2s/it remaining:4:36:47 elapsed:1:39:45 postfix:- (276263:tqdm_logging.py:145)
02:10:36.486 [I] Progress on: 2.54kit/10.0kit rate:2.2s/it remaining:4:36:42 elapsed:1:39:56 postfix:- (276263:tqdm_logging.py:145)
02:10:47.618 [I] Progress on: 2.55kit/10.0kit rate:2.2s/it remaining:4:36:31 elapsed:1:40:08 postfix:- (276263:tqdm_logging.py:145)
02:10:59.079 [I] Progress on: 2.55kit/10.0kit rate:2.2s/it remaining:4:36:19 elapsed:1:40:19 postfix:- (276263:tqdm_logging.py:145)
02:11:09.946 [I] Progress on: 2.56kit/10.0kit rate:2.2s/it remaining:4:35:32 elapsed:1:40:30 postfix:- (276263:tqdm_logging.py:145)
02:11:21.086 [I] Progress on: 2.56kit/10.0kit rate:2.2s/it remaining:4:36:00 elapsed:1:40:41 postfix:- (276263:tqdm_logging.py:145)
02:11:32.229 [I] Progress on: 2.57kit/10.0kit rate:2.2s/it remaining:4:36:12 elapsed:1:40:52 postfix:- (276263:tqdm_logging.py:145)
02:11:43.345 [I] Progress on: 2.57kit/10.0kit rate:2.2s/it remaining:4:35:28 elapsed:1:41:03 postfix:- (276263:tqdm_logging.py:145)
02:11:54.816 [I] Progress on: 2.58kit/10.0kit rate:2.2s/it remaining:4:35:35 elapsed:1:41:15 postfix:- (276263:tqdm_logging.py:145)
02:12:05.682 [I] Progress on: 2.58kit/10.0kit rate:2.2s/it remaining:4:34:49 elapsed:1:41:26 postfix:- (276263:tqdm_logging.py:145)
02:12:16.802 [I] Progress on: 2.59kit/10.0kit rate:2.2s/it remaining:4:34:42 elapsed:1:41:37 postfix:- (276263:tqdm_logging.py:145)
02:12:27.933 [I] Progress on: 2.59kit/10.0kit rate:2.2s/it remaining:4:34:39 elapsed:1:41:48 postfix:- (276263:tqdm_logging.py:145)
02:12:39.073 [I] Progress on: 2.60kit/10.0kit rate:2.2s/it remaining:4:34:51 elapsed:1:41:59 postfix:- (276263:tqdm_logging.py:145)
02:12:50.531 [I] Progress on: 2.60kit/10.0kit rate:2.2s/it remaining:4:34:19 elapsed:1:42:10 postfix:- (276263:tqdm_logging.py:145)
02:13:01.394 [I] Progress on: 2.61kit/10.0kit rate:2.2s/it remaining:4:33:46 elapsed:1:42:21 postfix:- (276263:tqdm_logging.py:145)
02:13:12.536 [I] Progress on: 2.61kit/10.0kit rate:2.2s/it remaining:4:34:23 elapsed:1:42:33 postfix:- (276263:tqdm_logging.py:145)
02:13:23.676 [I] Progress on: 2.62kit/10.0kit rate:2.2s/it remaining:4:34:34 elapsed:1:42:44 postfix:- (276263:tqdm_logging.py:145)
02:13:34.791 [I] Progress on: 2.62kit/10.0kit rate:2.2s/it remaining:4:33:44 elapsed:1:42:55 postfix:- (276263:tqdm_logging.py:145)
02:13:46.250 [I] Progress on: 2.62kit/10.0kit rate:2.2s/it remaining:4:33:35 elapsed:1:43:06 postfix:- (276263:tqdm_logging.py:145)
02:13:57.127 [I] Progress on: 2.63kit/10.0kit rate:2.2s/it remaining:4:33:11 elapsed:1:43:17 postfix:- (276263:tqdm_logging.py:145)
02:14:08.251 [I] Progress on: 2.64kit/10.0kit rate:2.2s/it remaining:4:32:53 elapsed:1:43:28 postfix:- (276263:tqdm_logging.py:145)
02:14:19.380 [I] Progress on: 2.64kit/10.0kit rate:2.2s/it remaining:4:32:52 elapsed:1:43:39 postfix:- (276263:tqdm_logging.py:145)
02:14:30.510 [I] Progress on: 2.65kit/10.0kit rate:2.2s/it remaining:4:32:43 elapsed:1:43:50 postfix:- (276263:tqdm_logging.py:145)
02:14:41.976 [I] Progress on: 2.65kit/10.0kit rate:2.2s/it remaining:4:32:45 elapsed:1:44:02 postfix:- (276263:tqdm_logging.py:145)
02:14:52.833 [I] Progress on: 2.66kit/10.0kit rate:2.2s/it remaining:4:31:51 elapsed:1:44:13 postfix:- (276263:tqdm_logging.py:145)
02:15:03.963 [I] Progress on: 2.66kit/10.0kit rate:2.2s/it remaining:4:32:11 elapsed:1:44:24 postfix:- (276263:tqdm_logging.py:145)
02:15:15.103 [I] Progress on: 2.67kit/10.0kit rate:2.2s/it remaining:4:32:24 elapsed:1:44:35 postfix:- (276263:tqdm_logging.py:145)
02:15:26.219 [I] Progress on: 2.67kit/10.0kit rate:2.2s/it remaining:4:31:48 elapsed:1:44:46 postfix:- (276263:tqdm_logging.py:145)
02:15:37.678 [I] Progress on: 2.67kit/10.0kit rate:2.2s/it remaining:4:31:27 elapsed:1:44:58 postfix:- (276263:tqdm_logging.py:145)
02:15:48.527 [I] Progress on: 2.68kit/10.0kit rate:2.2s/it remaining:4:30:48 elapsed:1:45:08 postfix:- (276263:tqdm_logging.py:145)
02:15:59.663 [I] Progress on: 2.69kit/10.0kit rate:2.2s/it remaining:4:31:12 elapsed:1:45:20 postfix:- (276263:tqdm_logging.py:145)
02:16:10.790 [I] Progress on: 2.69kit/10.0kit rate:2.2s/it remaining:4:30:47 elapsed:1:45:31 postfix:- (276263:tqdm_logging.py:145)
02:16:21.923 [I] Progress on: 2.70kit/10.0kit rate:2.2s/it remaining:4:30:42 elapsed:1:45:42 postfix:- (276263:tqdm_logging.py:145)
02:16:33.401 [I] Progress on: 2.70kit/10.0kit rate:2.2s/it remaining:4:31:10 elapsed:1:45:53 postfix:- (276263:tqdm_logging.py:145)
02:16:44.277 [I] Progress on: 2.71kit/10.0kit rate:2.2s/it remaining:4:30:29 elapsed:1:46:04 postfix:- (276263:tqdm_logging.py:145)
02:16:55.407 [I] Progress on: 2.71kit/10.0kit rate:2.2s/it remaining:4:30:37 elapsed:1:46:15 postfix:- (276263:tqdm_logging.py:145)
02:17:06.527 [I] Progress on: 2.72kit/10.0kit rate:2.2s/it remaining:4:30:03 elapsed:1:46:26 postfix:- (276263:tqdm_logging.py:145)
02:17:17.655 [I] Progress on: 2.72kit/10.0kit rate:2.2s/it remaining:4:30:07 elapsed:1:46:38 postfix:- (276263:tqdm_logging.py:145)
02:17:29.111 [I] Progress on: 2.73kit/10.0kit rate:2.2s/it remaining:4:29:42 elapsed:1:46:49 postfix:- (276263:tqdm_logging.py:145)
02:17:39.973 [I] Progress on: 2.73kit/10.0kit rate:2.2s/it remaining:4:29:05 elapsed:1:47:00 postfix:- (276263:tqdm_logging.py:145)
02:17:51.106 [I] Progress on: 2.74kit/10.0kit rate:2.2s/it remaining:4:29:04 elapsed:1:47:11 postfix:- (276263:tqdm_logging.py:145)
02:18:02.231 [I] Progress on: 2.74kit/10.0kit rate:2.2s/it remaining:4:29:04 elapsed:1:47:22 postfix:- (276263:tqdm_logging.py:145)
02:18:13.363 [I] Progress on: 2.75kit/10.0kit rate:2.2s/it remaining:4:28:54 elapsed:1:47:33 postfix:- (276263:tqdm_logging.py:145)
02:18:24.827 [I] Progress on: 2.75kit/10.0kit rate:2.2s/it remaining:4:28:56 elapsed:1:47:45 postfix:- (276263:tqdm_logging.py:145)
02:18:35.697 [I] Progress on: 2.76kit/10.0kit rate:2.2s/it remaining:4:28:19 elapsed:1:47:56 postfix:- (276263:tqdm_logging.py:145)
02:18:46.831 [I] Progress on: 2.76kit/10.0kit rate:2.2s/it remaining:4:28:36 elapsed:1:48:07 postfix:- (276263:tqdm_logging.py:145)
02:18:57.968 [I] Progress on: 2.77kit/10.0kit rate:2.2s/it remaining:4:28:38 elapsed:1:48:18 postfix:- (276263:tqdm_logging.py:145)
02:19:09.097 [I] Progress on: 2.77kit/10.0kit rate:2.2s/it remaining:4:28:17 elapsed:1:48:29 postfix:- (276263:tqdm_logging.py:145)
02:19:20.553 [I] Progress on: 2.77kit/10.0kit rate:2.2s/it remaining:4:27:47 elapsed:1:48:41 postfix:- (276263:tqdm_logging.py:145)
02:19:31.415 [I] Progress on: 2.78kit/10.0kit rate:2.2s/it remaining:4:27:23 elapsed:1:48:51 postfix:- (276263:tqdm_logging.py:145)
02:19:42.546 [I] Progress on: 2.79kit/10.0kit rate:2.2s/it remaining:4:27:32 elapsed:1:49:03 postfix:- (276263:tqdm_logging.py:145)
02:19:53.675 [I] Progress on: 2.79kit/10.0kit rate:2.2s/it remaining:4:27:25 elapsed:1:49:14 postfix:- (276263:tqdm_logging.py:145)
02:20:04.801 [I] Progress on: 2.80kit/10.0kit rate:2.2s/it remaining:4:27:11 elapsed:1:49:25 postfix:- (276263:tqdm_logging.py:145)
02:20:16.263 [I] Progress on: 2.80kit/10.0kit rate:2.2s/it remaining:4:27:09 elapsed:1:49:36 postfix:- (276263:tqdm_logging.py:145)
02:20:27.140 [I] Progress on: 2.81kit/10.0kit rate:2.2s/it remaining:4:26:50 elapsed:1:49:47 postfix:- (276263:tqdm_logging.py:145)
02:20:38.252 [I] Progress on: 2.81kit/10.0kit rate:2.2s/it remaining:4:26:24 elapsed:1:49:58 postfix:- (276263:tqdm_logging.py:145)
02:20:49.383 [I] Progress on: 2.82kit/10.0kit rate:2.2s/it remaining:4:26:18 elapsed:1:50:09 postfix:- (276263:tqdm_logging.py:145)
02:21:00.503 [I] Progress on: 2.82kit/10.0kit rate:2.2s/it remaining:4:25:57 elapsed:1:50:20 postfix:- (276263:tqdm_logging.py:145)
02:21:11.972 [I] Progress on: 2.83kit/10.0kit rate:2.2s/it remaining:4:26:13 elapsed:1:50:32 postfix:- (276263:tqdm_logging.py:145)
02:21:22.821 [I] Progress on: 2.83kit/10.0kit rate:2.2s/it remaining:4:25:39 elapsed:1:50:43 postfix:- (276263:tqdm_logging.py:145)
02:21:33.953 [I] Progress on: 2.84kit/10.0kit rate:2.2s/it remaining:4:25:47 elapsed:1:50:54 postfix:- (276263:tqdm_logging.py:145)
02:21:45.085 [I] Progress on: 2.84kit/10.0kit rate:2.2s/it remaining:4:25:37 elapsed:1:51:05 postfix:- (276263:tqdm_logging.py:145)
02:21:56.211 [I] Progress on: 2.85kit/10.0kit rate:2.2s/it remaining:4:25:21 elapsed:1:51:16 postfix:- (276263:tqdm_logging.py:145)
02:22:07.676 [I] Progress on: 2.85kit/10.0kit rate:2.2s/it remaining:4:25:18 elapsed:1:51:28 postfix:- (276263:tqdm_logging.py:145)
02:22:18.562 [I] Progress on: 2.86kit/10.0kit rate:2.2s/it remaining:4:25:08 elapsed:1:51:39 postfix:- (276263:tqdm_logging.py:145)
02:22:29.677 [I] Progress on: 2.86kit/10.0kit rate:2.2s/it remaining:4:24:39 elapsed:1:51:50 postfix:- (276263:tqdm_logging.py:145)
02:22:40.805 [I] Progress on: 2.87kit/10.0kit rate:2.2s/it remaining:4:24:37 elapsed:1:52:01 postfix:- (276263:tqdm_logging.py:145)
02:22:51.935 [I] Progress on: 2.87kit/10.0kit rate:2.2s/it remaining:4:24:27 elapsed:1:52:12 postfix:- (276263:tqdm_logging.py:145)
02:23:03.389 [I] Progress on: 2.88kit/10.0kit rate:2.2s/it remaining:4:24:42 elapsed:1:52:23 postfix:- (276263:tqdm_logging.py:145)
02:23:14.246 [I] Progress on: 2.88kit/10.0kit rate:2.2s/it remaining:4:23:34 elapsed:1:52:34 postfix:- (276263:tqdm_logging.py:145)
02:23:25.376 [I] Progress on: 2.89kit/10.0kit rate:2.2s/it remaining:4:23:51 elapsed:1:52:45 postfix:- (276263:tqdm_logging.py:145)
02:23:36.496 [I] Progress on: 2.89kit/10.0kit rate:2.2s/it remaining:4:23:31 elapsed:1:52:56 postfix:- (276263:tqdm_logging.py:145)
02:23:47.628 [I] Progress on: 2.90kit/10.0kit rate:2.2s/it remaining:4:23:37 elapsed:1:53:08 postfix:- (276263:tqdm_logging.py:145)
02:23:59.089 [I] Progress on: 2.90kit/10.0kit rate:2.2s/it remaining:4:23:13 elapsed:1:53:19 postfix:- (276263:tqdm_logging.py:145)
02:24:09.941 [I] Progress on: 2.91kit/10.0kit rate:2.2s/it remaining:4:22:16 elapsed:1:53:30 postfix:- (276263:tqdm_logging.py:145)
02:24:21.072 [I] Progress on: 2.91kit/10.0kit rate:2.2s/it remaining:4:22:50 elapsed:1:53:41 postfix:- (276263:tqdm_logging.py:145)
02:24:32.202 [I] Progress on: 2.92kit/10.0kit rate:2.2s/it remaining:4:22:47 elapsed:1:53:52 postfix:- (276263:tqdm_logging.py:145)
02:24:43.336 [I] Progress on: 2.92kit/10.0kit rate:2.2s/it remaining:4:22:35 elapsed:1:54:03 postfix:- (276263:tqdm_logging.py:145)
02:24:54.795 [I] Progress on: 2.92kit/10.0kit rate:2.2s/it remaining:4:22:21 elapsed:1:54:15 postfix:- (276263:tqdm_logging.py:145)
02:25:05.662 [I] Progress on: 2.93kit/10.0kit rate:2.2s/it remaining:4:21:36 elapsed:1:54:26 postfix:- (276263:tqdm_logging.py:145)
02:25:16.792 [I] Progress on: 2.94kit/10.0kit rate:2.2s/it remaining:4:21:59 elapsed:1:54:37 postfix:- (276263:tqdm_logging.py:145)
02:25:27.921 [I] Progress on: 2.94kit/10.0kit rate:2.2s/it remaining:4:21:53 elapsed:1:54:48 postfix:- (276263:tqdm_logging.py:145)
02:25:39.043 [I] Progress on: 2.95kit/10.0kit rate:2.2s/it remaining:4:21:36 elapsed:1:54:59 postfix:- (276263:tqdm_logging.py:145)
02:25:50.503 [I] Progress on: 2.95kit/10.0kit rate:2.2s/it remaining:4:21:47 elapsed:1:55:10 postfix:- (276263:tqdm_logging.py:145)
02:26:01.361 [I] Progress on: 2.96kit/10.0kit rate:2.2s/it remaining:4:20:47 elapsed:1:55:21 postfix:- (276263:tqdm_logging.py:145)
02:26:12.487 [I] Progress on: 2.96kit/10.0kit rate:2.2s/it remaining:4:20:58 elapsed:1:55:32 postfix:- (276263:tqdm_logging.py:145)
02:26:23.621 [I] Progress on: 2.97kit/10.0kit rate:2.2s/it remaining:4:21:07 elapsed:1:55:44 postfix:- (276263:tqdm_logging.py:145)
02:26:34.743 [I] Progress on: 2.97kit/10.0kit rate:2.2s/it remaining:4:20:42 elapsed:1:55:55 postfix:- (276263:tqdm_logging.py:145)
02:26:46.211 [I] Progress on: 2.98kit/10.0kit rate:2.2s/it remaining:4:21:20 elapsed:1:56:06 postfix:- (276263:tqdm_logging.py:145)
02:26:57.084 [I] Progress on: 2.98kit/10.0kit rate:2.2s/it remaining:4:20:09 elapsed:1:56:17 postfix:- (276263:tqdm_logging.py:145)
02:27:08.217 [I] Progress on: 2.99kit/10.0kit rate:2.2s/it remaining:4:20:18 elapsed:1:56:28 postfix:- (276263:tqdm_logging.py:145)
02:27:19.353 [I] Progress on: 2.99kit/10.0kit rate:2.2s/it remaining:4:20:22 elapsed:1:56:39 postfix:- (276263:tqdm_logging.py:145)
02:27:30.470 [I] Progress on: 3.00kit/10.0kit rate:2.2s/it remaining:4:19:37 elapsed:1:56:50 postfix:- (276263:tqdm_logging.py:145)
02:27:41.937 [I] Progress on: 3.00kit/10.0kit rate:2.2s/it remaining:4:19:28 elapsed:1:57:02 postfix:- (276263:tqdm_logging.py:145)
02:27:41.994 [I] [process=0][thread=MainThread][wait_until_finished] Initiating wait for Save Finalize thread. (276263:checkpoint_manager.py:1759)
02:27:41.994 [I] [process=0][thread=MainThread][step=2000][wait_until_finished] Waiting for Save Finalize thread (save_finalize) to complete. (276263:checkpoint_manager.py:1777)
02:27:41.994 [I] [process=0][thread=MainThread][step=2000][wait_until_finished] Done waiting for Save Finalize thread (save_finalize) running at step=2000. (276263:checkpoint_manager.py:1786)
02:27:41.994 [I] [process=0][thread=MainThread][step=2000][wait_until_finished] Resetting Save Finalize thread (save_finalize) running at step=2000, also errors if any. (276263:checkpoint_manager.py:1817)
02:27:41.994 [I] [process=0] Saving checkpoint at step 3000                                       (276263:checkpoint_manager.py:1286)
02:27:41.995 [I] [process=0] Started async saving checkpoint to /shared/.cache/retain/checkpoints/retain_repro_pretrain/paper_final_hparams/3000. (276263:async_checkpointer.py:358)
02:27:42.003 [I] [process=0][thread=MainThread] Skipping global process sync, barrier name: create_tmp_directory:pre (276263:multihost.py:293)
02:27:42.003 [I] Creating tmp directory /shared/.cache/retain/checkpoints/retain_repro_pretrain/paper_final_hparams/3000.orbax-checkpoint-tmp-8 (276263:atomicity.py:144)
02:27:42.004 [I] [process=0][thread=MainThread] Skipping global process sync, barrier name: create_tmp_directory:post (276263:multihost.py:293)
02:27:42.005 [I] [process=0][thread=MainThread] Skipping global process sync, barrier name: create_tmp_directory:pre (276263:multihost.py:293)
02:27:42.007 [I] Creating tmp directory /shared/.cache/retain/checkpoints/retain_repro_pretrain/paper_final_hparams/3000.orbax-checkpoint-tmp-8/assets.orbax-checkpoint-tmp-9 (276263:atomicity.py:144)
02:27:42.007 [I] Creating tmp directory /shared/.cache/retain/checkpoints/retain_repro_pretrain/paper_final_hparams/3000.orbax-checkpoint-tmp-8/params.orbax-checkpoint-tmp-10 (276263:atomicity.py:144)
02:27:42.007 [I] Creating tmp directory /shared/.cache/retain/checkpoints/retain_repro_pretrain/paper_final_hparams/3000.orbax-checkpoint-tmp-8/train_state.orbax-checkpoint-tmp-11 (276263:atomicity.py:144)
02:27:42.009 [I] [process=0][thread=MainThread] Skipping global process sync, barrier name: create_tmp_directory:post (276263:multihost.py:293)
02:27:42.052 [I] Transferring arrays to host memory with options: use_replica_parallel=False, enable_pinned_host_transfer=False (276263:replica_slices.py:419)
02:27:48.843 [I] Transferring arrays to host memory with options: use_replica_parallel=False, enable_pinned_host_transfer=False (276263:replica_slices.py:419)
02:27:48.857 [I] Array name: 'params.PaliGemma.llm.layers.mlp.gating_einsum.value', global shape: (18, 2, 2048, 16384), write shape: (18, 2, 2048, 16384), chosen chunk shape: (18, 2, 2048, 4096) (276263:tensorstore_utils.py:371)
02:27:48.860 [I] Array name: 'params.PaliGemma.llm.layers.mlp.linear.value', global shape: (18, 16384, 2048), write shape: (18, 16384, 2048), chosen chunk shape: (18, 8192, 2048) (276263:tensorstore_utils.py:371)
02:31:53.138 [I] Array name: 'params.PaliGemma.llm.layers.mlp.gating_einsum.value', global shape: (18, 2, 2048, 16384), write shape: (18, 2, 2048, 16384), chosen chunk shape: (18, 2, 2048, 4096) (276263:tensorstore_utils.py:371)
02:31:53.139 [I] Array name: 'params.PaliGemma.llm.layers.mlp.linear.value', global shape: (18, 16384, 2048), write shape: (18, 16384, 2048), chosen chunk shape: (18, 8192, 2048) (276263:tensorstore_utils.py:371)
02:31:53.140 [I] [process=0] /jax/checkpoint/write/blocking_bytes_per_sec: 49.2 MiB/s (total bytes: 12.1 GiB) (time elapsed: 4 minutes) (per-host) (276263:base_pytree_checkpoint_handler.py:113)
02:31:53.142 [I] Array name: 'opt_state.1.0.mu.PaliGemma.llm.layers.mlp.gating_einsum.value', global shape: (18, 2, 2048, 16384), write shape: (18, 2, 2048, 16384), chosen chunk shape: (18, 2, 2048, 4096) (276263:tensorstore_utils.py:371)
02:31:53.151 [I] Array name: 'opt_state.1.0.mu.PaliGemma.llm.layers.mlp.linear.value', global shape: (18, 16384, 2048), write shape: (18, 16384, 2048), chosen chunk shape: (18, 8192, 2048) (276263:tensorstore_utils.py:371)
02:31:53.151 [I] [process=0] /jax/checkpoint/write/blocking_bytes_per_sec: 147.6 MiB/s (total bytes: 36.2 GiB) (time elapsed: 4 minutes) (per-host) (276263:base_pytree_checkpoint_handler.py:113)
02:31:53.153 [I] Array name: 'opt_state.1.0.nu.PaliGemma.llm.layers.mlp.gating_einsum.value', global shape: (18, 2, 2048, 16384), write shape: (18, 2, 2048, 16384), chosen chunk shape: (18, 2, 2048, 4096) (276263:tensorstore_utils.py:371)
02:31:53.157 [I] Array name: 'opt_state.1.0.nu.PaliGemma.llm.layers.mlp.linear.value', global shape: (18, 16384, 2048), write shape: (18, 16384, 2048), chosen chunk shape: (18, 8192, 2048) (276263:tensorstore_utils.py:371)
02:31:53.166 [I] [process=0][thread=async_save] Background save thread started.                   (276263:async_checkpointer.py:121)
02:31:53.209 [I] Deleting Checkpoint[step=2000 | time=2026-08-20 01:50:33.004699+00:00 | is_locked=None]: (Reason: old checkpoint). (276263:checkpoint_manager.py:1748)
02:31:53.210 [I] [process=0][thread=MainThread] Skipping global process sync, barrier name: CheckpointManager:old_steps_to_remove (276263:multihost.py:293)
02:31:53.211 [I] [process=0][thread=MainThread][step=3000] Starting CheckpointManager Save Finalize thread=save_finalize (276263:checkpoint_manager.py:1328)
02:31:53.213 [I] [process=0][thread=save_finalize] Waiting for background save thread=async_save. (276263:async_checkpointer.py:231)
02:31:53.215 [I] {'step': 3000, 'event_type': 'save', 'directory': '/shared/.cache/retain/checkpoints/retain_repro_pretrain/paper_final_hparams', 'reached_preemption': False, 'preemption_received_at': None, 'synchronous': False, 'wait_for_prev_start_time': 1787192861.9943275, 'wait_for_prev_duration_secs': 0.0002334117889404297, 'checkpointer_blocking_start_time': 1787192861.9948957, 'checkpointer_blocking_duration_secs': 251.21457505226135, 'get_old_steps_start_time': 1787193113.2095509, 'get_old_steps_duration_secs': 0.0012617111206054688, 'checkpoint_manager_blocking_start_time': 1787192861.9942045, 'checkpoint_manager_blocking_duration_secs': 251.22111535072327} (276263:standard_logger.py:34)
02:31:53.216 [I] Progress on: 3.00kit/10.0kit rate:77.7s/it remaining:151:04:52 elapsed:2:01:13 postfix:- (276263:tqdm_logging.py:145)
02:31:53.244 [I] ChainedFuture completed 1/1 futures in 0.05 seconds.                             (276263:future.py:137)
02:31:53.245 [I] [process=0] /jax/checkpoint/write/bytes_per_sec: 49.2 MiB/s (total bytes: 12.1 GiB) (time elapsed: 4 minutes) (per-host) (276263:base_pytree_checkpoint_handler.py:113)
02:32:04.098 [I] Progress on: 3.01kit/10.0kit rate:14.9s/it remaining:28:54:49 elapsed:2:01:24 postfix:- (276263:tqdm_logging.py:145)
02:32:15.225 [I] Progress on: 3.01kit/10.0kit rate:4.4s/it remaining:8:26:48 elapsed:2:01:35 postfix:- (276263:tqdm_logging.py:145)
02:32:26.361 [I] Progress on: 3.02kit/10.0kit rate:2.6s/it remaining:5:00:57 elapsed:2:01:46 postfix:- (276263:tqdm_logging.py:145)
02:32:37.479 [I] Progress on: 3.02kit/10.0kit rate:2.3s/it remaining:4:25:49 elapsed:2:01:57 postfix:- (276263:tqdm_logging.py:145)
02:32:45.701 [I] ChainedFuture completed 1/1 futures in 52.46 seconds.                            (276263:future.py:137)
02:32:45.702 [I] [process=0] /jax/checkpoint/write/bytes_per_sec: 122.0 MiB/s (total bytes: 36.2 GiB) (time elapsed: 5 minutes) (per-host) (276263:base_pytree_checkpoint_handler.py:113)
02:32:45.702 [I] [process=0][thread=async_save] 3 Handler Commit operations completed.            (276263:async_checkpointer.py:131)
02:32:45.704 [I] [process=0][thread=async_save] Async Save Callback [1/3]: Finalizing Handler: <orbax.checkpoint._src.handlers.composite_checkpoint_handler.CompositeCheckpointHandler object at 0x7437d9693f90> on /shared/.cache/retain/checkpoints/retain_repro_pretrain/paper_final_hparams/3000.orbax-checkpoint-tmp-8 (276263:async_checkpointer.py:406)
02:32:45.705 [I] Renaming /shared/.cache/retain/checkpoints/retain_repro_pretrain/paper_final_hparams/3000.orbax-checkpoint-tmp-8/assets.orbax-checkpoint-tmp-9 to /shared/.cache/retain/checkpoints/retain_repro_pretrain/paper_final_hparams/3000.orbax-checkpoint-tmp-8/assets (276263:atomicity.py:287)
02:32:45.720 [I] Renaming /shared/.cache/retain/checkpoints/retain_repro_pretrain/paper_final_hparams/3000.orbax-checkpoint-tmp-8/train_state.orbax-checkpoint-tmp-11 to /shared/.cache/retain/checkpoints/retain_repro_pretrain/paper_final_hparams/3000.orbax-checkpoint-tmp-8/train_state (276263:atomicity.py:287)
02:32:45.737 [I] Renaming /shared/.cache/retain/checkpoints/retain_repro_pretrain/paper_final_hparams/3000.orbax-checkpoint-tmp-8/params.orbax-checkpoint-tmp-10 to /shared/.cache/retain/checkpoints/retain_repro_pretrain/paper_final_hparams/3000.orbax-checkpoint-tmp-8/params (276263:atomicity.py:287)
02:32:45.737 [I] [process=0][thread=async_save] Async Save Callback [2/3]: Running post_finalization_callback: None on /shared/.cache/retain/checkpoints/retain_repro_pretrain/paper_final_hparams/3000 (276263:async_checkpointer.py:416)
02:32:45.737 [I] [process=0][thread=async_save] Async Save Callback [3/3]: Finalizing checkpoint directory: /shared/.cache/retain/checkpoints/retain_repro_pretrain/paper_final_hparams/3000.orbax-checkpoint-tmp-8 (276263:async_checkpointer.py:426)
02:32:45.737 [I] Renaming /shared/.cache/retain/checkpoints/retain_repro_pretrain/paper_final_hparams/3000.orbax-checkpoint-tmp-8 to /shared/.cache/retain/checkpoints/retain_repro_pretrain/paper_final_hparams/3000 (276263:atomicity.py:287)
02:32:45.739 [I] [process=0][thread=async_save] Finished saving checkpoint (finalized tmp dir) to `/shared/.cache/retain/checkpoints/retain_repro_pretrain/paper_final_hparams/3000`. (276263:atomicity.py:548)
02:32:45.739 [I] [process=0][thread=async_save] Background save thread done.                      (276263:async_checkpointer.py:183)
02:32:45.739 [I] [process=0][thread=save_finalize] Done with waiting for background save thread=async_save. (276263:async_checkpointer.py:239)
02:32:45.739 [I] [process=0][thread=save_finalize] No errors found in background save thread=async_save. (276263:async_checkpointer.py:249)
02:32:47.461 [I] Deleted step 2000.                                                               (276263:deleter.py:114)
02:32:47.462 [I] [process=0][thread=save_finalize][step=3000] CheckpointManager Save Finalize is syncing with other hosts... (276263:checkpoint_manager.py:1890)
02:32:47.462 [I] [process=0][thread=save_finalize][step=3000] CheckpointManager Save Finalize is done on all hosts. (276263:checkpoint_manager.py:1905)
02:32:47.637 [I] Progress on: 3.02kit/10.0kit rate:2.5s/it remaining:4:47:24 elapsed:2:02:08 postfix:- (276263:tqdm_logging.py:145)
02:32:58.835 [I] Progress on: 3.03kit/10.0kit rate:2.3s/it remaining:4:22:48 elapsed:2:02:19 postfix:- (276263:tqdm_logging.py:145)
02:33:10.044 [I] Progress on: 3.04kit/10.0kit rate:2.3s/it remaining:4:21:54 elapsed:2:02:30 postfix:- (276263:tqdm_logging.py:145)
02:33:21.075 [I] Progress on: 3.04kit/10.0kit rate:2.2s/it remaining:4:17:42 elapsed:2:02:41 postfix:- (276263:tqdm_logging.py:145)
02:33:32.206 [I] Progress on: 3.04kit/10.0kit rate:2.2s/it remaining:4:17:48 elapsed:2:02:52 postfix:- (276263:tqdm_logging.py:145)
02:33:43.345 [I] Progress on: 3.05kit/10.0kit rate:2.2s/it remaining:4:18:05 elapsed:2:03:03 postfix:- (276263:tqdm_logging.py:145)
02:33:54.530 [I] Progress on: 3.06kit/10.0kit rate:2.2s/it remaining:4:17:14 elapsed:2:03:14 postfix:- (276263:tqdm_logging.py:145)
02:34:05.654 [I] Progress on: 3.06kit/10.0kit rate:2.2s/it remaining:4:17:31 elapsed:2:03:26 postfix:- (276263:tqdm_logging.py:145)
02:34:16.780 [I] Progress on: 3.06kit/10.0kit rate:2.2s/it remaining:4:17:20 elapsed:2:03:37 postfix:- (276263:tqdm_logging.py:145)
02:34:27.897 [I] Progress on: 3.07kit/10.0kit rate:2.2s/it remaining:4:16:57 elapsed:2:03:48 postfix:- (276263:tqdm_logging.py:145)
02:34:39.026 [I] Progress on: 3.08kit/10.0kit rate:2.2s/it remaining:4:16:46 elapsed:2:03:59 postfix:- (276263:tqdm_logging.py:145)
02:34:50.215 [I] Progress on: 3.08kit/10.0kit rate:2.2s/it remaining:4:16:05 elapsed:2:04:10 postfix:- (276263:tqdm_logging.py:145)
02:35:01.335 [I] Progress on: 3.08kit/10.0kit rate:2.2s/it remaining:4:16:18 elapsed:2:04:21 postfix:- (276263:tqdm_logging.py:145)
02:35:12.476 [I] Progress on: 3.09kit/10.0kit rate:2.2s/it remaining:4:16:42 elapsed:2:04:32 postfix:- (276263:tqdm_logging.py:145)
02:35:23.590 [I] Progress on: 3.10kit/10.0kit rate:2.2s/it remaining:4:16:00 elapsed:2:04:44 postfix:- (276263:tqdm_logging.py:145)
02:35:34.713 [I] Progress on: 3.10kit/10.0kit rate:2.2s/it remaining:4:15:43 elapsed:2:04:55 postfix:- (276263:tqdm_logging.py:145)
02:35:45.943 [I] Progress on: 3.10kit/10.0kit rate:2.2s/it remaining:4:15:32 elapsed:2:05:06 postfix:- (276263:tqdm_logging.py:145)
02:35:57.063 [I] Progress on: 3.11kit/10.0kit rate:2.2s/it remaining:4:14:57 elapsed:2:05:17 postfix:- (276263:tqdm_logging.py:145)
02:36:08.199 [I] Progress on: 3.12kit/10.0kit rate:2.2s/it remaining:4:15:25 elapsed:2:05:28 postfix:- (276263:tqdm_logging.py:145)
02:36:19.324 [I] Progress on: 3.12kit/10.0kit rate:2.2s/it remaining:4:15:08 elapsed:2:05:39 postfix:- (276263:tqdm_logging.py:145)
02:36:30.458 [I] Progress on: 3.12kit/10.0kit rate:2.2s/it remaining:4:14:56 elapsed:2:05:50 postfix:- (276263:tqdm_logging.py:145)
02:36:41.640 [I] Progress on: 3.13kit/10.0kit rate:2.2s/it remaining:4:13:56 elapsed:2:06:02 postfix:- (276263:tqdm_logging.py:145)
02:36:52.772 [I] Progress on: 3.13kit/10.0kit rate:2.2s/it remaining:4:14:35 elapsed:2:06:13 postfix:- (276263:tqdm_logging.py:145)
02:37:03.904 [I] Progress on: 3.14kit/10.0kit rate:2.2s/it remaining:4:14:27 elapsed:2:06:24 postfix:- (276263:tqdm_logging.py:145)
02:37:15.026 [I] Progress on: 3.15kit/10.0kit rate:2.2s/it remaining:4:13:54 elapsed:2:06:35 postfix:- (276263:tqdm_logging.py:145)
02:37:26.149 [I] Progress on: 3.15kit/10.0kit rate:2.2s/it remaining:4:13:57 elapsed:2:06:46 postfix:- (276263:tqdm_logging.py:145)
02:37:37.339 [I] Progress on: 3.15kit/10.0kit rate:2.2s/it remaining:4:13:03 elapsed:2:06:57 postfix:- (276263:tqdm_logging.py:145)
02:37:48.484 [I] Progress on: 3.16kit/10.0kit rate:2.2s/it remaining:4:14:01 elapsed:2:07:08 postfix:- (276263:tqdm_logging.py:145)
02:37:59.612 [I] Progress on: 3.17kit/10.0kit rate:2.2s/it remaining:4:13:43 elapsed:2:07:20 postfix:- (276263:tqdm_logging.py:145)
02:38:10.743 [I] Progress on: 3.17kit/10.0kit rate:2.2s/it remaining:4:13:14 elapsed:2:07:31 postfix:- (276263:tqdm_logging.py:145)
02:38:21.865 [I] Progress on: 3.17kit/10.0kit rate:2.2s/it remaining:4:13:11 elapsed:2:07:42 postfix:- (276263:tqdm_logging.py:145)
02:38:33.049 [I] Progress on: 3.18kit/10.0kit rate:2.2s/it remaining:4:12:00 elapsed:2:07:53 postfix:- (276263:tqdm_logging.py:145)
02:38:44.178 [I] Progress on: 3.19kit/10.0kit rate:2.2s/it remaining:4:12:36 elapsed:2:08:04 postfix:- (276263:tqdm_logging.py:145)
02:38:55.311 [I] Progress on: 3.19kit/10.0kit rate:2.2s/it remaining:4:12:28 elapsed:2:08:15 postfix:- (276263:tqdm_logging.py:145)
02:39:06.432 [I] Progress on: 3.19kit/10.0kit rate:2.2s/it remaining:4:12:08 elapsed:2:08:26 postfix:- (276263:tqdm_logging.py:145)
02:39:17.551 [I] Progress on: 3.20kit/10.0kit rate:2.2s/it remaining:4:11:50 elapsed:2:08:38 postfix:- (276263:tqdm_logging.py:145)
02:39:28.749 [I] Progress on: 3.21kit/10.0kit rate:2.2s/it remaining:4:11:26 elapsed:2:08:49 postfix:- (276263:tqdm_logging.py:145)
02:39:39.876 [I] Progress on: 3.21kit/10.0kit rate:2.2s/it remaining:4:11:28 elapsed:2:09:00 postfix:- (276263:tqdm_logging.py:145)
02:39:50.999 [I] Progress on: 3.21kit/10.0kit rate:2.2s/it remaining:4:11:30 elapsed:2:09:11 postfix:- (276263:tqdm_logging.py:145)
02:40:02.121 [I] Progress on: 3.22kit/10.0kit rate:2.2s/it remaining:4:11:17 elapsed:2:09:22 postfix:- (276263:tqdm_logging.py:145)
02:40:13.262 [I] Progress on: 3.23kit/10.0kit rate:2.2s/it remaining:4:11:25 elapsed:2:09:33 postfix:- (276263:tqdm_logging.py:145)
02:40:24.452 [I] Progress on: 3.23kit/10.0kit rate:2.2s/it remaining:4:10:37 elapsed:2:09:44 postfix:- (276263:tqdm_logging.py:145)
02:40:35.584 [I] Progress on: 3.23kit/10.0kit rate:2.2s/it remaining:4:10:55 elapsed:2:09:56 postfix:- (276263:tqdm_logging.py:145)
02:40:46.708 [I] Progress on: 3.24kit/10.0kit rate:2.2s/it remaining:4:10:44 elapsed:2:10:07 postfix:- (276263:tqdm_logging.py:145)
02:40:57.834 [I] Progress on: 3.25kit/10.0kit rate:2.2s/it remaining:4:10:39 elapsed:2:10:18 postfix:- (276263:tqdm_logging.py:145)
02:41:08.969 [I] Progress on: 3.25kit/10.0kit rate:2.2s/it remaining:4:10:37 elapsed:2:10:29 postfix:- (276263:tqdm_logging.py:145)
02:41:20.132 [I] Progress on: 3.25kit/10.0kit rate:2.2s/it remaining:4:09:05 elapsed:2:10:40 postfix:- (276263:tqdm_logging.py:145)
02:41:31.264 [I] Progress on: 3.26kit/10.0kit rate:2.2s/it remaining:4:10:01 elapsed:2:10:51 postfix:- (276263:tqdm_logging.py:145)
02:41:42.389 [I] Progress on: 3.27kit/10.0kit rate:2.2s/it remaining:4:09:48 elapsed:2:11:02 postfix:- (276263:tqdm_logging.py:145)
02:41:53.514 [I] Progress on: 3.27kit/10.0kit rate:2.2s/it remaining:4:09:30 elapsed:2:11:13 postfix:- (276263:tqdm_logging.py:145)
02:42:04.646 [I] Progress on: 3.27kit/10.0kit rate:2.2s/it remaining:4:09:32 elapsed:2:11:25 postfix:- (276263:tqdm_logging.py:145)
02:42:15.845 [I] Progress on: 3.28kit/10.0kit rate:2.2s/it remaining:4:08:57 elapsed:2:11:36 postfix:- (276263:tqdm_logging.py:145)
02:42:26.966 [I] Progress on: 3.29kit/10.0kit rate:2.2s/it remaining:4:08:55 elapsed:2:11:47 postfix:- (276263:tqdm_logging.py:145)
02:42:38.091 [I] Progress on: 3.29kit/10.0kit rate:2.2s/it remaining:4:08:54 elapsed:2:11:58 postfix:- (276263:tqdm_logging.py:145)
02:42:49.218 [I] Progress on: 3.29kit/10.0kit rate:2.2s/it remaining:4:08:44 elapsed:2:12:09 postfix:- (276263:tqdm_logging.py:145)
02:43:00.344 [I] Progress on: 3.30kit/10.0kit rate:2.2s/it remaining:4:08:33 elapsed:2:12:20 postfix:- (276263:tqdm_logging.py:145)
02:43:11.544 [I] Progress on: 3.31kit/10.0kit rate:2.2s/it remaining:4:07:41 elapsed:2:12:32 postfix:- (276263:tqdm_logging.py:145)
02:43:22.665 [I] Progress on: 3.31kit/10.0kit rate:2.2s/it remaining:4:07:49 elapsed:2:12:43 postfix:- (276263:tqdm_logging.py:145)
02:43:33.791 [I] Progress on: 3.31kit/10.0kit rate:2.2s/it remaining:4:07:50 elapsed:2:12:54 postfix:- (276263:tqdm_logging.py:145)
02:43:44.919 [I] Progress on: 3.32kit/10.0kit rate:2.2s/it remaining:4:07:46 elapsed:2:13:05 postfix:- (276263:tqdm_logging.py:145)
02:43:56.037 [I] Progress on: 3.33kit/10.0kit rate:2.2s/it remaining:4:07:25 elapsed:2:13:16 postfix:- (276263:tqdm_logging.py:145)
02:44:07.225 [I] Progress on: 3.33kit/10.0kit rate:2.2s/it remaining:4:06:38 elapsed:2:13:27 postfix:- (276263:tqdm_logging.py:145)
02:44:18.358 [I] Progress on: 3.33kit/10.0kit rate:2.2s/it remaining:4:07:13 elapsed:2:13:38 postfix:- (276263:tqdm_logging.py:145)
02:44:29.487 [I] Progress on: 3.34kit/10.0kit rate:2.2s/it remaining:4:07:00 elapsed:2:13:49 postfix:- (276263:tqdm_logging.py:145)
02:44:40.621 [I] Progress on: 3.35kit/10.0kit rate:2.2s/it remaining:4:06:51 elapsed:2:14:01 postfix:- (276263:tqdm_logging.py:145)
02:44:51.754 [I] Progress on: 3.35kit/10.0kit rate:2.2s/it remaining:4:06:34 elapsed:2:14:12 postfix:- (276263:tqdm_logging.py:145)
02:45:02.956 [I] Progress on: 3.35kit/10.0kit rate:2.2s/it remaining:4:05:58 elapsed:2:14:23 postfix:- (276263:tqdm_logging.py:145)
02:45:14.084 [I] Progress on: 3.36kit/10.0kit rate:2.2s/it remaining:4:06:07 elapsed:2:14:34 postfix:- (276263:tqdm_logging.py:145)
02:45:25.209 [I] Progress on: 3.37kit/10.0kit rate:2.2s/it remaining:4:06:02 elapsed:2:14:45 postfix:- (276263:tqdm_logging.py:145)
02:45:36.347 [I] Progress on: 3.37kit/10.0kit rate:2.2s/it remaining:4:06:13 elapsed:2:14:56 postfix:- (276263:tqdm_logging.py:145)
02:45:47.463 [I] Progress on: 3.38kit/10.0kit rate:2.2s/it remaining:4:05:31 elapsed:2:15:07 postfix:- (276263:tqdm_logging.py:145)
02:45:58.665 [I] Progress on: 3.38kit/10.0kit rate:2.2s/it remaining:4:05:01 elapsed:2:15:19 postfix:- (276263:tqdm_logging.py:145)
02:46:09.797 [I] Progress on: 3.38kit/10.0kit rate:2.2s/it remaining:4:05:22 elapsed:2:15:30 postfix:- (276263:tqdm_logging.py:145)
02:46:20.917 [I] Progress on: 3.39kit/10.0kit rate:2.2s/it remaining:4:05:01 elapsed:2:15:41 postfix:- (276263:tqdm_logging.py:145)
02:46:32.043 [I] Progress on: 3.40kit/10.0kit rate:2.2s/it remaining:4:04:56 elapsed:2:15:52 postfix:- (276263:tqdm_logging.py:145)
02:46:43.173 [I] Progress on: 3.40kit/10.0kit rate:2.2s/it remaining:4:04:46 elapsed:2:16:03 postfix:- (276263:tqdm_logging.py:145)
02:46:54.361 [I] Progress on: 3.40kit/10.0kit rate:2.2s/it remaining:4:04:07 elapsed:2:16:14 postfix:- (276263:tqdm_logging.py:145)
02:47:05.478 [I] Progress on: 3.41kit/10.0kit rate:2.2s/it remaining:4:04:03 elapsed:2:16:25 postfix:- (276263:tqdm_logging.py:145)
02:47:16.610 [I] Progress on: 3.42kit/10.0kit rate:2.2s/it remaining:4:04:12 elapsed:2:16:37 postfix:- (276263:tqdm_logging.py:145)
02:47:27.736 [I] Progress on: 3.42kit/10.0kit rate:2.2s/it remaining:4:04:07 elapsed:2:16:48 postfix:- (276263:tqdm_logging.py:145)
02:47:38.860 [I] Progress on: 3.42kit/10.0kit rate:2.2s/it remaining:4:03:48 elapsed:2:16:59 postfix:- (276263:tqdm_logging.py:145)
02:47:50.049 [I] Progress on: 3.43kit/10.0kit rate:2.2s/it remaining:4:03:01 elapsed:2:17:10 postfix:- (276263:tqdm_logging.py:145)
02:48:01.178 [I] Progress on: 3.44kit/10.0kit rate:2.2s/it remaining:4:03:24 elapsed:2:17:21 postfix:- (276263:tqdm_logging.py:145)
02:48:12.298 [I] Progress on: 3.44kit/10.0kit rate:2.2s/it remaining:4:03:02 elapsed:2:17:32 postfix:- (276263:tqdm_logging.py:145)
02:48:23.434 [I] Progress on: 3.44kit/10.0kit rate:2.2s/it remaining:4:02:59 elapsed:2:17:43 postfix:- (276263:tqdm_logging.py:145)
02:48:34.568 [I] Progress on: 3.45kit/10.0kit rate:2.2s/it remaining:4:02:59 elapsed:2:17:55 postfix:- (276263:tqdm_logging.py:145)
02:48:45.756 [I] Progress on: 3.46kit/10.0kit rate:2.2s/it remaining:4:02:01 elapsed:2:18:06 postfix:- (276263:tqdm_logging.py:145)
02:48:56.882 [I] Progress on: 3.46kit/10.0kit rate:2.2s/it remaining:4:02:23 elapsed:2:18:17 postfix:- (276263:tqdm_logging.py:145)
02:49:08.004 [I] Progress on: 3.46kit/10.0kit rate:2.2s/it remaining:4:02:14 elapsed:2:18:28 postfix:- (276263:tqdm_logging.py:145)
02:49:19.137 [I] Progress on: 3.47kit/10.0kit rate:2.2s/it remaining:4:02:14 elapsed:2:18:39 postfix:- (276263:tqdm_logging.py:145)
02:49:30.262 [I] Progress on: 3.48kit/10.0kit rate:2.2s/it remaining:4:02:00 elapsed:2:18:50 postfix:- (276263:tqdm_logging.py:145)
02:49:41.470 [I] Progress on: 3.48kit/10.0kit rate:2.2s/it remaining:4:01:46 elapsed:2:19:01 postfix:- (276263:tqdm_logging.py:145)
02:49:52.591 [I] Progress on: 3.48kit/10.0kit rate:2.2s/it remaining:4:01:44 elapsed:2:19:13 postfix:- (276263:tqdm_logging.py:145)
02:50:03.712 [I] Progress on: 3.49kit/10.0kit rate:2.2s/it remaining:4:01:24 elapsed:2:19:24 postfix:- (276263:tqdm_logging.py:145)
02:50:14.850 [I] Progress on: 3.50kit/10.0kit rate:2.2s/it remaining:4:01:39 elapsed:2:19:35 postfix:- (276263:tqdm_logging.py:145)
02:50:25.968 [I] Progress on: 3.50kit/10.0kit rate:2.2s/it remaining:4:00:52 elapsed:2:19:46 postfix:- (276263:tqdm_logging.py:145)
02:50:37.174 [I] Progress on: 3.50kit/10.0kit rate:2.2s/it remaining:4:00:22 elapsed:2:19:57 postfix:- (276263:tqdm_logging.py:145)
02:50:48.312 [I] Progress on: 3.51kit/10.0kit rate:2.2s/it remaining:4:01:00 elapsed:2:20:08 postfix:- (276263:tqdm_logging.py:145)
02:50:59.428 [I] Progress on: 3.52kit/10.0kit rate:2.2s/it remaining:4:00:21 elapsed:2:20:19 postfix:- (276263:tqdm_logging.py:145)
02:51:10.556 [I] Progress on: 3.52kit/10.0kit rate:2.2s/it remaining:4:00:19 elapsed:2:20:31 postfix:- (276263:tqdm_logging.py:145)
02:51:21.689 [I] Progress on: 3.52kit/10.0kit rate:2.2s/it remaining:4:00:14 elapsed:2:20:42 postfix:- (276263:tqdm_logging.py:145)
02:51:32.885 [I] Progress on: 3.53kit/10.0kit rate:2.2s/it remaining:3:59:30 elapsed:2:20:53 postfix:- (276263:tqdm_logging.py:145)
02:51:44.009 [I] Progress on: 3.54kit/10.0kit rate:2.2s/it remaining:3:59:30 elapsed:2:21:04 postfix:- (276263:tqdm_logging.py:145)
02:51:55.144 [I] Progress on: 3.54kit/10.0kit rate:2.2s/it remaining:3:59:42 elapsed:2:21:15 postfix:- (276263:tqdm_logging.py:145)
02:52:06.269 [I] Progress on: 3.54kit/10.0kit rate:2.2s/it remaining:3:59:29 elapsed:2:21:26 postfix:- (276263:tqdm_logging.py:145)
02:52:17.397 [I] Progress on: 3.55kit/10.0kit rate:2.2s/it remaining:3:59:21 elapsed:2:21:37 postfix:- (276263:tqdm_logging.py:145)
02:52:28.585 [I] Progress on: 3.56kit/10.0kit rate:2.2s/it remaining:3:58:27 elapsed:2:21:49 postfix:- (276263:tqdm_logging.py:145)
02:52:39.710 [I] Progress on: 3.56kit/10.0kit rate:2.2s/it remaining:3:58:39 elapsed:2:22:00 postfix:- (276263:tqdm_logging.py:145)
02:52:50.843 [I] Progress on: 3.56kit/10.0kit rate:2.2s/it remaining:3:58:38 elapsed:2:22:11 postfix:- (276263:tqdm_logging.py:145)
02:53:01.971 [I] Progress on: 3.57kit/10.0kit rate:2.2s/it remaining:3:58:24 elapsed:2:22:22 postfix:- (276263:tqdm_logging.py:145)
02:53:13.096 [I] Progress on: 3.58kit/10.0kit rate:2.2s/it remaining:3:58:18 elapsed:2:22:33 postfix:- (276263:tqdm_logging.py:145)
02:53:24.294 [I] Progress on: 3.58kit/10.0kit rate:2.2s/it remaining:3:57:50 elapsed:2:22:44 postfix:- (276263:tqdm_logging.py:145)
02:53:35.411 [I] Progress on: 3.58kit/10.0kit rate:2.2s/it remaining:3:57:43 elapsed:2:22:55 postfix:- (276263:tqdm_logging.py:145)
02:53:46.542 [I] Progress on: 3.59kit/10.0kit rate:2.2s/it remaining:3:57:47 elapsed:2:23:07 postfix:- (276263:tqdm_logging.py:145)
02:53:57.666 [I] Progress on: 3.60kit/10.0kit rate:2.2s/it remaining:3:57:26 elapsed:2:23:18 postfix:- (276263:tqdm_logging.py:145)
02:54:08.809 [I] Progress on: 3.60kit/10.0kit rate:2.2s/it remaining:3:57:35 elapsed:2:23:29 postfix:- (276263:tqdm_logging.py:145)
02:54:19.985 [I] Progress on: 3.60kit/10.0kit rate:2.2s/it remaining:3:56:33 elapsed:2:23:40 postfix:- (276263:tqdm_logging.py:145)
02:54:31.111 [I] Progress on: 3.61kit/10.0kit rate:2.2s/it remaining:3:56:52 elapsed:2:23:51 postfix:- (276263:tqdm_logging.py:145)
02:54:42.233 [I] Progress on: 3.62kit/10.0kit rate:2.2s/it remaining:3:56:41 elapsed:2:24:02 postfix:- (276263:tqdm_logging.py:145)
02:54:53.355 [I] Progress on: 3.62kit/10.0kit rate:2.2s/it remaining:3:56:25 elapsed:2:24:13 postfix:- (276263:tqdm_logging.py:145)
02:55:04.486 [I] Progress on: 3.62kit/10.0kit rate:2.2s/it remaining:3:56:23 elapsed:2:24:24 postfix:- (276263:tqdm_logging.py:145)
02:55:15.675 [I] Progress on: 3.63kit/10.0kit rate:2.2s/it remaining:3:55:32 elapsed:2:24:36 postfix:- (276263:tqdm_logging.py:145)
02:55:26.796 [I] Progress on: 3.63kit/10.0kit rate:2.2s/it remaining:3:55:56 elapsed:2:24:47 postfix:- (276263:tqdm_logging.py:145)
02:55:37.915 [I] Progress on: 3.64kit/10.0kit rate:2.2s/it remaining:3:55:44 elapsed:2:24:58 postfix:- (276263:tqdm_logging.py:145)
02:55:49.061 [I] Progress on: 3.65kit/10.0kit rate:2.2s/it remaining:3:56:09 elapsed:2:25:09 postfix:- (276263:tqdm_logging.py:145)
02:56:00.182 [I] Progress on: 3.65kit/10.0kit rate:2.2s/it remaining:3:55:30 elapsed:2:25:20 postfix:- (276263:tqdm_logging.py:145)
02:56:11.381 [I] Progress on: 3.65kit/10.0kit rate:2.2s/it remaining:3:54:50 elapsed:2:25:31 postfix:- (276263:tqdm_logging.py:145)
02:56:22.514 [I] Progress on: 3.66kit/10.0kit rate:2.2s/it remaining:3:55:05 elapsed:2:25:42 postfix:- (276263:tqdm_logging.py:145)
02:56:33.638 [I] Progress on: 3.67kit/10.0kit rate:2.2s/it remaining:3:55:00 elapsed:2:25:54 postfix:- (276263:tqdm_logging.py:145)
02:56:44.758 [I] Progress on: 3.67kit/10.0kit rate:2.2s/it remaining:3:54:27 elapsed:2:26:05 postfix:- (276263:tqdm_logging.py:145)
02:56:55.895 [I] Progress on: 3.67kit/10.0kit rate:2.2s/it remaining:3:54:44 elapsed:2:26:16 postfix:- (276263:tqdm_logging.py:145)
02:57:07.107 [I] Progress on: 3.68kit/10.0kit rate:2.2s/it remaining:3:54:10 elapsed:2:26:27 postfix:- (276263:tqdm_logging.py:145)
02:57:18.216 [I] Progress on: 3.69kit/10.0kit rate:2.2s/it remaining:3:53:51 elapsed:2:26:38 postfix:- (276263:tqdm_logging.py:145)
02:57:29.350 [I] Progress on: 3.69kit/10.0kit rate:2.2s/it remaining:3:53:58 elapsed:2:26:49 postfix:- (276263:tqdm_logging.py:145)
02:57:40.478 [I] Progress on: 3.69kit/10.0kit rate:2.2s/it remaining:3:53:51 elapsed:2:27:00 postfix:- (276263:tqdm_logging.py:145)
02:57:51.610 [I] Progress on: 3.70kit/10.0kit rate:2.2s/it remaining:3:53:50 elapsed:2:27:12 postfix:- (276263:tqdm_logging.py:145)
02:58:02.799 [I] Progress on: 3.71kit/10.0kit rate:2.2s/it remaining:3:52:52 elapsed:2:27:23 postfix:- (276263:tqdm_logging.py:145)
02:58:13.953 [I] Progress on: 3.71kit/10.0kit rate:2.2s/it remaining:3:53:54 elapsed:2:27:34 postfix:- (276263:tqdm_logging.py:145)
02:58:25.071 [I] Progress on: 3.71kit/10.0kit rate:2.2s/it remaining:3:53:22 elapsed:2:27:45 postfix:- (276263:tqdm_logging.py:145)
02:58:36.193 [I] Progress on: 3.72kit/10.0kit rate:2.2s/it remaining:3:52:57 elapsed:2:27:56 postfix:- (276263:tqdm_logging.py:145)
02:58:47.324 [I] Progress on: 3.73kit/10.0kit rate:2.2s/it remaining:3:52:48 elapsed:2:28:07 postfix:- (276263:tqdm_logging.py:145)
02:58:58.520 [I] Progress on: 3.73kit/10.0kit rate:2.2s/it remaining:3:52:08 elapsed:2:28:18 postfix:- (276263:tqdm_logging.py:145)
02:59:09.650 [I] Progress on: 3.73kit/10.0kit rate:2.2s/it remaining:3:52:20 elapsed:2:28:30 postfix:- (276263:tqdm_logging.py:145)
02:59:20.788 [I] Progress on: 3.74kit/10.0kit rate:2.2s/it remaining:3:52:30 elapsed:2:28:41 postfix:- (276263:tqdm_logging.py:145)
02:59:31.909 [I] Progress on: 3.75kit/10.0kit rate:2.2s/it remaining:3:51:51 elapsed:2:28:52 postfix:- (276263:tqdm_logging.py:145)
02:59:43.043 [I] Progress on: 3.75kit/10.0kit rate:2.2s/it remaining:3:51:56 elapsed:2:29:03 postfix:- (276263:tqdm_logging.py:145)
02:59:54.232 [I] Progress on: 3.75kit/10.0kit rate:2.2s/it remaining:3:51:04 elapsed:2:29:14 postfix:- (276263:tqdm_logging.py:145)
03:00:05.373 [I] Progress on: 3.76kit/10.0kit rate:2.2s/it remaining:3:51:42 elapsed:2:29:25 postfix:- (276263:tqdm_logging.py:145)
03:00:16.488 [I] Progress on: 3.77kit/10.0kit rate:2.2s/it remaining:3:50:55 elapsed:2:29:36 postfix:- (276263:tqdm_logging.py:145)
03:00:27.614 [I] Progress on: 3.77kit/10.0kit rate:2.2s/it remaining:3:51:05 elapsed:2:29:48 postfix:- (276263:tqdm_logging.py:145)
03:00:38.742 [I] Progress on: 3.77kit/10.0kit rate:2.2s/it remaining:3:50:53 elapsed:2:29:59 postfix:- (276263:tqdm_logging.py:145)
03:00:49.942 [I] Progress on: 3.78kit/10.0kit rate:2.2s/it remaining:3:50:31 elapsed:2:30:10 postfix:- (276263:tqdm_logging.py:145)
03:01:01.052 [I] Progress on: 3.79kit/10.0kit rate:2.2s/it remaining:3:50:19 elapsed:2:30:21 postfix:- (276263:tqdm_logging.py:145)
03:01:12.182 [I] Progress on: 3.79kit/10.0kit rate:2.2s/it remaining:3:50:19 elapsed:2:30:32 postfix:- (276263:tqdm_logging.py:145)
03:01:23.306 [I] Progress on: 3.79kit/10.0kit rate:2.2s/it remaining:3:49:59 elapsed:2:30:43 postfix:- (276263:tqdm_logging.py:145)
03:01:34.436 [I] Progress on: 3.80kit/10.0kit rate:2.2s/it remaining:3:49:54 elapsed:2:30:54 postfix:- (276263:tqdm_logging.py:145)
03:01:45.646 [I] Progress on: 3.81kit/10.0kit rate:2.2s/it remaining:3:49:36 elapsed:2:31:06 postfix:- (276263:tqdm_logging.py:145)
03:01:56.759 [I] Progress on: 3.81kit/10.0kit rate:2.2s/it remaining:3:49:15 elapsed:2:31:17 postfix:- (276263:tqdm_logging.py:145)
03:02:07.890 [I] Progress on: 3.81kit/10.0kit rate:2.2s/it remaining:3:49:24 elapsed:2:31:28 postfix:- (276263:tqdm_logging.py:145)
03:02:19.029 [I] Progress on: 3.82kit/10.0kit rate:2.2s/it remaining:3:49:21 elapsed:2:31:39 postfix:- (276263:tqdm_logging.py:145)
03:02:30.142 [I] Progress on: 3.83kit/10.0kit rate:2.2s/it remaining:3:48:51 elapsed:2:31:50 postfix:- (276263:tqdm_logging.py:145)
03:02:41.345 [I] Progress on: 3.83kit/10.0kit rate:2.2s/it remaining:3:48:30 elapsed:2:32:01 postfix:- (276263:tqdm_logging.py:145)
03:02:52.479 [I] Progress on: 3.83kit/10.0kit rate:2.2s/it remaining:3:48:50 elapsed:2:32:12 postfix:- (276263:tqdm_logging.py:145)
03:03:03.610 [I] Progress on: 3.84kit/10.0kit rate:2.2s/it remaining:3:48:34 elapsed:2:32:24 postfix:- (276263:tqdm_logging.py:145)
03:03:14.735 [I] Progress on: 3.85kit/10.0kit rate:2.2s/it remaining:3:48:22 elapsed:2:32:35 postfix:- (276263:tqdm_logging.py:145)
03:03:25.866 [I] Progress on: 3.85kit/10.0kit rate:2.2s/it remaining:3:48:13 elapsed:2:32:46 postfix:- (276263:tqdm_logging.py:145)
03:03:37.047 [I] Progress on: 3.85kit/10.0kit rate:2.2s/it remaining:3:47:20 elapsed:2:32:57 postfix:- (276263:tqdm_logging.py:145)
03:03:48.172 [I] Progress on: 3.86kit/10.0kit rate:2.2s/it remaining:3:47:33 elapsed:2:33:08 postfix:- (276263:tqdm_logging.py:145)
03:03:59.295 [I] Progress on: 3.87kit/10.0kit rate:2.2s/it remaining:3:47:23 elapsed:2:33:19 postfix:- (276263:tqdm_logging.py:145)
03:04:10.432 [I] Progress on: 3.87kit/10.0kit rate:2.2s/it remaining:3:47:26 elapsed:2:33:30 postfix:- (276263:tqdm_logging.py:145)
03:04:21.563 [I] Progress on: 3.88kit/10.0kit rate:2.2s/it remaining:3:47:14 elapsed:2:33:42 postfix:- (276263:tqdm_logging.py:145)
03:04:32.770 [I] Progress on: 3.88kit/10.0kit rate:2.2s/it remaining:3:46:39 elapsed:2:33:53 postfix:- (276263:tqdm_logging.py:145)
03:04:43.892 [I] Progress on: 3.88kit/10.0kit rate:2.2s/it remaining:3:46:44 elapsed:2:34:04 postfix:- (276263:tqdm_logging.py:145)
03:04:55.018 [I] Progress on: 3.89kit/10.0kit rate:2.2s/it remaining:3:46:28 elapsed:2:34:15 postfix:- (276263:tqdm_logging.py:145)
03:05:06.151 [I] Progress on: 3.90kit/10.0kit rate:2.2s/it remaining:3:46:28 elapsed:2:34:26 postfix:- (276263:tqdm_logging.py:145)
03:05:17.270 [I] Progress on: 3.90kit/10.0kit rate:2.2s/it remaining:3:46:03 elapsed:2:34:37 postfix:- (276263:tqdm_logging.py:145)
03:05:28.469 [I] Progress on: 3.90kit/10.0kit rate:2.2s/it remaining:3:45:32 elapsed:2:34:48 postfix:- (276263:tqdm_logging.py:145)
03:05:39.604 [I] Progress on: 3.91kit/10.0kit rate:2.2s/it remaining:3:45:47 elapsed:2:35:00 postfix:- (276263:tqdm_logging.py:145)
03:05:50.726 [I] Progress on: 3.92kit/10.0kit rate:2.2s/it remaining:3:45:32 elapsed:2:35:11 postfix:- (276263:tqdm_logging.py:145)
03:06:01.856 [I] Progress on: 3.92kit/10.0kit rate:2.2s/it remaining:3:45:28 elapsed:2:35:22 postfix:- (276263:tqdm_logging.py:145)
03:06:12.987 [I] Progress on: 3.92kit/10.0kit rate:2.2s/it remaining:3:45:25 elapsed:2:35:33 postfix:- (276263:tqdm_logging.py:145)
03:06:24.165 [I] Progress on: 3.93kit/10.0kit rate:2.2s/it remaining:3:44:30 elapsed:2:35:44 postfix:- (276263:tqdm_logging.py:145)
03:06:35.288 [I] Progress on: 3.94kit/10.0kit rate:2.2s/it remaining:3:44:41 elapsed:2:35:55 postfix:- (276263:tqdm_logging.py:145)
03:06:46.420 [I] Progress on: 3.94kit/10.0kit rate:2.2s/it remaining:3:44:42 elapsed:2:36:06 postfix:- (276263:tqdm_logging.py:145)
03:06:57.550 [I] Progress on: 3.94kit/10.0kit rate:2.2s/it remaining:3:44:34 elapsed:2:36:18 postfix:- (276263:tqdm_logging.py:145)
03:07:08.684 [I] Progress on: 3.95kit/10.0kit rate:2.2s/it remaining:3:44:36 elapsed:2:36:29 postfix:- (276263:tqdm_logging.py:145)
03:07:19.882 [I] Progress on: 3.96kit/10.0kit rate:2.2s/it remaining:3:43:46 elapsed:2:36:40 postfix:- (276263:tqdm_logging.py:145)
03:07:31.003 [I] Progress on: 3.96kit/10.0kit rate:2.2s/it remaining:3:43:54 elapsed:2:36:51 postfix:- (276263:tqdm_logging.py:145)
03:07:42.131 [I] Progress on: 3.96kit/10.0kit rate:2.2s/it remaining:3:43:37 elapsed:2:37:02 postfix:- (276263:tqdm_logging.py:145)
03:07:53.256 [I] Progress on: 3.97kit/10.0kit rate:2.2s/it remaining:3:43:28 elapsed:2:37:13 postfix:- (276263:tqdm_logging.py:145)
03:08:04.390 [I] Progress on: 3.98kit/10.0kit rate:2.2s/it remaining:3:43:26 elapsed:2:37:24 postfix:- (276263:tqdm_logging.py:145)
03:08:15.581 [I] Progress on: 3.98kit/10.0kit rate:2.2s/it remaining:3:42:45 elapsed:2:37:36 postfix:- (276263:tqdm_logging.py:145)
03:08:26.704 [I] Progress on: 3.98kit/10.0kit rate:2.2s/it remaining:3:42:56 elapsed:2:37:47 postfix:- (276263:tqdm_logging.py:145)
03:08:37.858 [I] Progress on: 3.99kit/10.0kit rate:2.2s/it remaining:3:43:24 elapsed:2:37:58 postfix:- (276263:tqdm_logging.py:145)
03:08:48.975 [I] Progress on: 4.00kit/10.0kit rate:2.2s/it remaining:3:42:53 elapsed:2:38:09 postfix:- (276263:tqdm_logging.py:145)
03:09:00.095 [I] Progress on: 4.00kit/10.0kit rate:2.2s/it remaining:3:42:34 elapsed:2:38:20 postfix:- (276263:tqdm_logging.py:145)
03:09:02.712 [I] [process=0][thread=MainThread][wait_until_finished] Initiating wait for Save Finalize thread. (276263:checkpoint_manager.py:1759)
03:09:02.712 [I] [process=0][thread=MainThread][step=3000][wait_until_finished] Waiting for Save Finalize thread (save_finalize) to complete. (276263:checkpoint_manager.py:1777)
03:09:02.712 [I] [process=0][thread=MainThread][step=3000][wait_until_finished] Done waiting for Save Finalize thread (save_finalize) running at step=3000. (276263:checkpoint_manager.py:1786)
03:09:02.712 [I] [process=0][thread=MainThread][step=3000][wait_until_finished] Resetting Save Finalize thread (save_finalize) running at step=3000, also errors if any. (276263:checkpoint_manager.py:1817)
03:09:02.713 [I] [process=0] Saving checkpoint at step 4000                                       (276263:checkpoint_manager.py:1286)
03:09:02.713 [I] [process=0] Started async saving checkpoint to /shared/.cache/retain/checkpoints/retain_repro_pretrain/paper_final_hparams/4000. (276263:async_checkpointer.py:358)
03:09:02.725 [I] [process=0][thread=MainThread] Skipping global process sync, barrier name: create_tmp_directory:pre (276263:multihost.py:293)
03:09:02.725 [I] Creating tmp directory /shared/.cache/retain/checkpoints/retain_repro_pretrain/paper_final_hparams/4000.orbax-checkpoint-tmp-12 (276263:atomicity.py:144)
03:09:02.726 [I] [process=0][thread=MainThread] Skipping global process sync, barrier name: create_tmp_directory:post (276263:multihost.py:293)
03:09:02.726 [I] [process=0][thread=MainThread] Skipping global process sync, barrier name: create_tmp_directory:pre (276263:multihost.py:293)
03:09:02.729 [I] Creating tmp directory /shared/.cache/retain/checkpoints/retain_repro_pretrain/paper_final_hparams/4000.orbax-checkpoint-tmp-12/assets.orbax-checkpoint-tmp-13 (276263:atomicity.py:144)
03:09:02.729 [I] Creating tmp directory /shared/.cache/retain/checkpoints/retain_repro_pretrain/paper_final_hparams/4000.orbax-checkpoint-tmp-12/params.orbax-checkpoint-tmp-14 (276263:atomicity.py:144)
03:09:02.729 [I] Creating tmp directory /shared/.cache/retain/checkpoints/retain_repro_pretrain/paper_final_hparams/4000.orbax-checkpoint-tmp-12/train_state.orbax-checkpoint-tmp-15 (276263:atomicity.py:144)
03:09:02.730 [I] [process=0][thread=MainThread] Skipping global process sync, barrier name: create_tmp_directory:post (276263:multihost.py:293)
03:09:02.750 [I] Transferring arrays to host memory with options: use_replica_parallel=False, enable_pinned_host_transfer=False (276263:replica_slices.py:419)
03:09:27.669 [I] Transferring arrays to host memory with options: use_replica_parallel=False, enable_pinned_host_transfer=False (276263:replica_slices.py:419)
03:09:27.679 [I] Array name: 'params.PaliGemma.llm.layers.mlp.gating_einsum.value', global shape: (18, 2, 2048, 16384), write shape: (18, 2, 2048, 16384), chosen chunk shape: (18, 2, 2048, 4096) (276263:tensorstore_utils.py:371)
03:09:27.685 [I] Array name: 'params.PaliGemma.llm.layers.mlp.linear.value', global shape: (18, 16384, 2048), write shape: (18, 16384, 2048), chosen chunk shape: (18, 8192, 2048) (276263:tensorstore_utils.py:371)
03:12:34.021 [I] [process=0] /jax/checkpoint/write/blocking_bytes_per_sec: 58.5 MiB/s (total bytes: 12.1 GiB) (time elapsed: 3 minutes) (per-host) (276263:base_pytree_checkpoint_handler.py:113)
03:12:34.023 [I] Array name: 'params.PaliGemma.llm.layers.mlp.gating_einsum.value', global shape: (18, 2, 2048, 16384), write shape: (18, 2, 2048, 16384), chosen chunk shape: (18, 2, 2048, 4096) (276263:tensorstore_utils.py:371)
03:12:34.025 [I] Array name: 'params.PaliGemma.llm.layers.mlp.linear.value', global shape: (18, 16384, 2048), write shape: (18, 16384, 2048), chosen chunk shape: (18, 8192, 2048) (276263:tensorstore_utils.py:371)
03:12:34.025 [I] [process=0] /jax/checkpoint/write/blocking_bytes_per_sec: 175.4 MiB/s (total bytes: 36.2 GiB) (time elapsed: 3 minutes) (per-host) (276263:base_pytree_checkpoint_handler.py:113)
03:12:34.027 [I] Array name: 'opt_state.1.0.mu.PaliGemma.llm.layers.mlp.gating_einsum.value', global shape: (18, 2, 2048, 16384), write shape: (18, 2, 2048, 16384), chosen chunk shape: (18, 2, 2048, 4096) (276263:tensorstore_utils.py:371)
03:12:34.030 [I] [process=0][thread=async_save] Background save thread started.                   (276263:async_checkpointer.py:121)
03:12:34.030 [I] Array name: 'opt_state.1.0.mu.PaliGemma.llm.layers.mlp.linear.value', global shape: (18, 16384, 2048), write shape: (18, 16384, 2048), chosen chunk shape: (18, 8192, 2048) (276263:tensorstore_utils.py:371)
03:12:34.034 [I] Array name: 'opt_state.1.0.nu.PaliGemma.llm.layers.mlp.gating_einsum.value', global shape: (18, 2, 2048, 16384), write shape: (18, 2, 2048, 16384), chosen chunk shape: (18, 2, 2048, 4096) (276263:tensorstore_utils.py:371)
03:12:34.035 [I] Array name: 'opt_state.1.0.nu.PaliGemma.llm.layers.mlp.linear.value', global shape: (18, 16384, 2048), write shape: (18, 16384, 2048), chosen chunk shape: (18, 8192, 2048) (276263:tensorstore_utils.py:371)
03:12:34.045 [I] Deleting Checkpoint[step=3000 | time=2026-08-20 02:31:53.209526+00:00 | is_locked=None]: (Reason: old checkpoint). (276263:checkpoint_manager.py:1748)
03:12:34.047 [I] [process=0][thread=MainThread] Skipping global process sync, barrier name: CheckpointManager:old_steps_to_remove (276263:multihost.py:293)
03:12:34.047 [I] [process=0][thread=MainThread][step=4000] Starting CheckpointManager Save Finalize thread=save_finalize (276263:checkpoint_manager.py:1328)
03:12:34.047 [I] [process=0][thread=save_finalize] Waiting for background save thread=async_save. (276263:async_checkpointer.py:231)
03:12:34.048 [I] {'step': 4000, 'event_type': 'save', 'directory': '/shared/.cache/retain/checkpoints/retain_repro_pretrain/paper_final_hparams', 'reached_preemption': False, 'preemption_received_at': None, 'synchronous': False, 'wait_for_prev_start_time': 1787195342.712563, 'wait_for_prev_duration_secs': 0.0002715587615966797, 'checkpointer_blocking_start_time': 1787195342.7132225, 'checkpointer_blocking_duration_secs': 211.33249521255493, 'get_old_steps_start_time': 1787195554.0458105, 'get_old_steps_duration_secs': 0.0011363029479980469, 'checkpoint_manager_blocking_start_time': 1787195342.7124069, 'checkpoint_manager_blocking_duration_secs': 211.33555221557617} (276263:standard_logger.py:34)
03:12:34.050 [I] Progress on: 4.00kit/10.0kit rate:65.7s/it remaining:109:33:21 elapsed:2:41:54 postfix:- (276263:tqdm_logging.py:145)
03:12:34.068 [I] ChainedFuture completed 1/1 futures in 0.04 seconds.                             (276263:future.py:137)
03:12:34.072 [I] [process=0] /jax/checkpoint/write/bytes_per_sec: 58.4 MiB/s (total bytes: 12.1 GiB) (time elapsed: 3 minutes) (per-host) (276263:base_pytree_checkpoint_handler.py:113)
03:12:44.901 [I] Progress on: 4.01kit/10.0kit rate:12.9s/it remaining:21:25:36 elapsed:2:42:05 postfix:- (276263:tqdm_logging.py:145)
03:12:56.029 [I] Progress on: 4.01kit/10.0kit rate:4.0s/it remaining:6:40:39 elapsed:2:42:16 postfix:- (276263:tqdm_logging.py:145)
03:13:07.157 [I] Progress on: 4.02kit/10.0kit rate:2.5s/it remaining:4:11:50 elapsed:2:42:27 postfix:- (276263:tqdm_logging.py:145)
03:13:18.279 [I] Progress on: 4.02kit/10.0kit rate:2.3s/it remaining:3:46:33 elapsed:2:42:38 postfix:- (276263:tqdm_logging.py:145)
03:13:29.748 [I] Progress on: 4.03kit/10.0kit rate:2.2s/it remaining:3:43:03 elapsed:2:42:50 postfix:- (276263:tqdm_logging.py:145)
03:13:37.433 [I] ChainedFuture completed 1/1 futures in 63.36 seconds.                            (276263:future.py:137)
03:13:37.434 [I] [process=0] /jax/checkpoint/write/bytes_per_sec: 134.9 MiB/s (total bytes: 36.2 GiB) (time elapsed: 4 minutes) (per-host) (276263:base_pytree_checkpoint_handler.py:113)
03:13:37.434 [I] [process=0][thread=async_save] 3 Handler Commit operations completed.            (276263:async_checkpointer.py:131)
03:13:37.439 [I] [process=0][thread=async_save] Async Save Callback [1/3]: Finalizing Handler: <orbax.checkpoint._src.handlers.composite_checkpoint_handler.CompositeCheckpointHandler object at 0x7437d9693f90> on /shared/.cache/retain/checkpoints/retain_repro_pretrain/paper_final_hparams/4000.orbax-checkpoint-tmp-12 (276263:async_checkpointer.py:406)
03:13:37.440 [I] Renaming /shared/.cache/retain/checkpoints/retain_repro_pretrain/paper_final_hparams/4000.orbax-checkpoint-tmp-12/assets.orbax-checkpoint-tmp-13 to /shared/.cache/retain/checkpoints/retain_repro_pretrain/paper_final_hparams/4000.orbax-checkpoint-tmp-12/assets (276263:atomicity.py:287)
03:13:37.472 [I] Renaming /shared/.cache/retain/checkpoints/retain_repro_pretrain/paper_final_hparams/4000.orbax-checkpoint-tmp-12/train_state.orbax-checkpoint-tmp-15 to /shared/.cache/retain/checkpoints/retain_repro_pretrain/paper_final_hparams/4000.orbax-checkpoint-tmp-12/train_state (276263:atomicity.py:287)
03:13:37.488 [I] Renaming /shared/.cache/retain/checkpoints/retain_repro_pretrain/paper_final_hparams/4000.orbax-checkpoint-tmp-12/params.orbax-checkpoint-tmp-14 to /shared/.cache/retain/checkpoints/retain_repro_pretrain/paper_final_hparams/4000.orbax-checkpoint-tmp-12/params (276263:atomicity.py:287)
03:13:37.490 [I] [process=0][thread=async_save] Async Save Callback [2/3]: Running post_finalization_callback: None on /shared/.cache/retain/checkpoints/retain_repro_pretrain/paper_final_hparams/4000 (276263:async_checkpointer.py:416)
03:13:37.490 [I] [process=0][thread=async_save] Async Save Callback [3/3]: Finalizing checkpoint directory: /shared/.cache/retain/checkpoints/retain_repro_pretrain/paper_final_hparams/4000.orbax-checkpoint-tmp-12 (276263:async_checkpointer.py:426)
03:13:37.490 [I] Renaming /shared/.cache/retain/checkpoints/retain_repro_pretrain/paper_final_hparams/4000.orbax-checkpoint-tmp-12 to /shared/.cache/retain/checkpoints/retain_repro_pretrain/paper_final_hparams/4000 (276263:atomicity.py:287)
03:13:37.495 [I] [process=0][thread=async_save] Finished saving checkpoint (finalized tmp dir) to `/shared/.cache/retain/checkpoints/retain_repro_pretrain/paper_final_hparams/4000`. (276263:atomicity.py:548)
03:13:37.495 [I] [process=0][thread=async_save] Background save thread done.                      (276263:async_checkpointer.py:183)
03:13:37.495 [I] [process=0][thread=save_finalize] Done with waiting for background save thread=async_save. (276263:async_checkpointer.py:239)
03:13:37.495 [I] [process=0][thread=save_finalize] No errors found in background save thread=async_save. (276263:async_checkpointer.py:249)
03:13:39.563 [I] Deleted step 3000.                                                               (276263:deleter.py:114)
03:13:39.563 [I] [process=0][thread=save_finalize][step=4000] CheckpointManager Save Finalize is syncing with other hosts... (276263:checkpoint_manager.py:1890)
03:13:39.563 [I] [process=0][thread=save_finalize][step=4000] CheckpointManager Save Finalize is done on all hosts. (276263:checkpoint_manager.py:1905)
03:13:41.664 [I] Progress on: 4.03kit/10.0kit rate:2.4s/it remaining:3:54:34 elapsed:2:43:02 postfix:- (276263:tqdm_logging.py:145)
03:13:52.769 [I] Progress on: 4.04kit/10.0kit rate:2.2s/it remaining:3:43:00 elapsed:2:43:13 postfix:- (276263:tqdm_logging.py:145)
03:14:03.931 [I] Progress on: 4.04kit/10.0kit rate:2.2s/it remaining:3:41:49 elapsed:2:43:24 postfix:- (276263:tqdm_logging.py:145)
03:14:15.032 [I] Progress on: 4.05kit/10.0kit rate:2.2s/it remaining:3:40:47 elapsed:2:43:35 postfix:- (276263:tqdm_logging.py:145)
03:14:26.478 [I] Progress on: 4.05kit/10.0kit rate:2.2s/it remaining:3:40:37 elapsed:2:43:46 postfix:- (276263:tqdm_logging.py:145)
03:14:37.320 [I] Progress on: 4.06kit/10.0kit rate:2.2s/it remaining:3:39:29 elapsed:2:43:57 postfix:- (276263:tqdm_logging.py:145)
03:14:48.446 [I] Progress on: 4.06kit/10.0kit rate:2.2s/it remaining:3:39:57 elapsed:2:44:08 postfix:- (276263:tqdm_logging.py:145)
03:14:59.570 [I] Progress on: 4.07kit/10.0kit rate:2.2s/it remaining:3:39:54 elapsed:2:44:20 postfix:- (276263:tqdm_logging.py:145)
03:15:10.689 [I] Progress on: 4.07kit/10.0kit rate:2.2s/it remaining:3:39:39 elapsed:2:44:31 postfix:- (276263:tqdm_logging.py:145)
03:15:22.148 [I] Progress on: 4.08kit/10.0kit rate:2.2s/it remaining:3:39:38 elapsed:2:44:42 postfix:- (276263:tqdm_logging.py:145)
03:15:33.003 [I] Progress on: 4.08kit/10.0kit rate:2.2s/it remaining:3:39:01 elapsed:2:44:53 postfix:- (276263:tqdm_logging.py:145)
03:15:44.131 [I] Progress on: 4.09kit/10.0kit rate:2.2s/it remaining:3:39:10 elapsed:2:45:04 postfix:- (276263:tqdm_logging.py:145)
03:15:55.254 [I] Progress on: 4.09kit/10.0kit rate:2.2s/it remaining:3:38:55 elapsed:2:45:15 postfix:- (276263:tqdm_logging.py:145)
03:16:06.373 [I] Progress on: 4.10kit/10.0kit rate:2.2s/it remaining:3:38:45 elapsed:2:45:26 postfix:- (276263:tqdm_logging.py:145)
03:16:17.829 [I] Progress on: 4.10kit/10.0kit rate:2.2s/it remaining:3:38:44 elapsed:2:45:38 postfix:- (276263:tqdm_logging.py:145)
03:16:28.674 [I] Progress on: 4.11kit/10.0kit rate:2.2s/it remaining:3:37:53 elapsed:2:45:49 postfix:- (276263:tqdm_logging.py:145)
03:16:39.796 [I] Progress on: 4.11kit/10.0kit rate:2.2s/it remaining:3:38:08 elapsed:2:46:00 postfix:- (276263:tqdm_logging.py:145)
03:16:50.928 [I] Progress on: 4.12kit/10.0kit rate:2.2s/it remaining:3:38:14 elapsed:2:46:11 postfix:- (276263:tqdm_logging.py:145)
03:17:02.059 [I] Progress on: 4.12kit/10.0kit rate:2.2s/it remaining:3:38:02 elapsed:2:46:22 postfix:- (276263:tqdm_logging.py:145)
03:17:13.512 [I] Progress on: 4.12kit/10.0kit rate:2.2s/it remaining:3:37:47 elapsed:2:46:33 postfix:- (276263:tqdm_logging.py:145)
03:17:24.372 [I] Progress on: 4.13kit/10.0kit rate:2.2s/it remaining:3:37:15 elapsed:2:46:44 postfix:- (276263:tqdm_logging.py:145)
03:17:35.506 [I] Progress on: 4.14kit/10.0kit rate:2.2s/it remaining:3:37:31 elapsed:2:46:55 postfix:- (276263:tqdm_logging.py:145)
03:17:46.632 [I] Progress on: 4.14kit/10.0kit rate:2.2s/it remaining:3:37:26 elapsed:2:47:07 postfix:- (276263:tqdm_logging.py:145)
03:17:57.748 [I] Progress on: 4.15kit/10.0kit rate:2.2s/it remaining:3:36:57 elapsed:2:47:18 postfix:- (276263:tqdm_logging.py:145)
03:18:09.205 [I] Progress on: 4.15kit/10.0kit rate:2.2s/it remaining:3:37:06 elapsed:2:47:29 postfix:- (276263:tqdm_logging.py:145)
03:18:20.060 [I] Progress on: 4.16kit/10.0kit rate:2.2s/it remaining:3:36:24 elapsed:2:47:40 postfix:- (276263:tqdm_logging.py:145)
03:18:31.177 [I] Progress on: 4.16kit/10.0kit rate:2.2s/it remaining:3:36:24 elapsed:2:47:51 postfix:- (276263:tqdm_logging.py:145)
03:18:42.297 [I] Progress on: 4.17kit/10.0kit rate:2.2s/it remaining:3:36:07 elapsed:2:48:02 postfix:- (276263:tqdm_logging.py:145)
03:18:53.433 [I] Progress on: 4.17kit/10.0kit rate:2.2s/it remaining:3:36:16 elapsed:2:48:13 postfix:- (276263:tqdm_logging.py:145)
03:19:04.889 [I] Progress on: 4.17kit/10.0kit rate:2.2s/it remaining:3:35:54 elapsed:2:48:25 postfix:- (276263:tqdm_logging.py:145)
03:19:15.743 [I] Progress on: 4.18kit/10.0kit rate:2.2s/it remaining:3:35:12 elapsed:2:48:36 postfix:- (276263:tqdm_logging.py:145)
03:19:26.876 [I] Progress on: 4.19kit/10.0kit rate:2.2s/it remaining:3:35:37 elapsed:2:48:47 postfix:- (276263:tqdm_logging.py:145)
03:19:38.001 [I] Progress on: 4.19kit/10.0kit rate:2.2s/it remaining:3:34:55 elapsed:2:48:58 postfix:- (276263:tqdm_logging.py:145)
03:19:49.118 [I] Progress on: 4.20kit/10.0kit rate:2.2s/it remaining:3:34:54 elapsed:2:49:09 postfix:- (276263:tqdm_logging.py:145)
03:20:00.576 [I] Progress on: 4.20kit/10.0kit rate:2.2s/it remaining:3:35:03 elapsed:2:49:21 postfix:- (276263:tqdm_logging.py:145)
03:20:11.439 [I] Progress on: 4.21kit/10.0kit rate:2.2s/it remaining:3:34:32 elapsed:2:49:31 postfix:- (276263:tqdm_logging.py:145)
03:20:22.568 [I] Progress on: 4.21kit/10.0kit rate:2.2s/it remaining:3:34:46 elapsed:2:49:43 postfix:- (276263:tqdm_logging.py:145)
03:20:33.693 [I] Progress on: 4.22kit/10.0kit rate:2.2s/it remaining:3:34:38 elapsed:2:49:54 postfix:- (276263:tqdm_logging.py:145)
03:20:44.817 [I] Progress on: 4.22kit/10.0kit rate:2.2s/it remaining:3:34:12 elapsed:2:50:05 postfix:- (276263:tqdm_logging.py:145)
03:20:56.282 [I] Progress on: 4.22kit/10.0kit rate:2.2s/it remaining:3:33:56 elapsed:2:50:16 postfix:- (276263:tqdm_logging.py:145)
03:21:07.140 [I] Progress on: 4.23kit/10.0kit rate:2.2s/it remaining:3:33:39 elapsed:2:50:27 postfix:- (276263:tqdm_logging.py:145)
03:21:18.258 [I] Progress on: 4.24kit/10.0kit rate:2.2s/it remaining:3:33:35 elapsed:2:50:38 postfix:- (276263:tqdm_logging.py:145)
03:21:29.386 [I] Progress on: 4.24kit/10.0kit rate:2.2s/it remaining:3:33:24 elapsed:2:50:49 postfix:- (276263:tqdm_logging.py:145)
03:21:40.518 [I] Progress on: 4.25kit/10.0kit rate:2.2s/it remaining:3:33:28 elapsed:2:51:00 postfix:- (276263:tqdm_logging.py:145)
03:21:51.975 [I] Progress on: 4.25kit/10.0kit rate:2.2s/it remaining:3:32:58 elapsed:2:51:12 postfix:- (276263:tqdm_logging.py:145)
03:22:02.834 [I] Progress on: 4.26kit/10.0kit rate:2.2s/it remaining:3:32:30 elapsed:2:51:23 postfix:- (276263:tqdm_logging.py:145)
03:22:13.971 [I] Progress on: 4.26kit/10.0kit rate:2.2s/it remaining:3:32:52 elapsed:2:51:34 postfix:- (276263:tqdm_logging.py:145)
03:22:25.088 [I] Progress on: 4.27kit/10.0kit rate:2.2s/it remaining:3:32:39 elapsed:2:51:45 postfix:- (276263:tqdm_logging.py:145)
03:22:36.214 [I] Progress on: 4.27kit/10.0kit rate:2.2s/it remaining:3:32:33 elapsed:2:51:56 postfix:- (276263:tqdm_logging.py:145)
03:22:47.664 [I] Progress on: 4.28kit/10.0kit rate:2.2s/it remaining:3:32:03 elapsed:2:52:08 postfix:- (276263:tqdm_logging.py:145)
03:22:58.523 [I] Progress on: 4.28kit/10.0kit rate:2.2s/it remaining:3:31:41 elapsed:2:52:18 postfix:- (276263:tqdm_logging.py:145)
03:23:09.660 [I] Progress on: 4.29kit/10.0kit rate:2.2s/it remaining:3:31:50 elapsed:2:52:30 postfix:- (276263:tqdm_logging.py:145)
03:23:20.784 [I] Progress on: 4.29kit/10.0kit rate:2.2s/it remaining:3:31:44 elapsed:2:52:41 postfix:- (276263:tqdm_logging.py:145)
03:23:31.910 [I] Progress on: 4.30kit/10.0kit rate:2.2s/it remaining:3:31:30 elapsed:2:52:52 postfix:- (276263:tqdm_logging.py:145)
03:23:43.359 [I] Progress on: 4.30kit/10.0kit rate:2.2s/it remaining:3:31:21 elapsed:2:53:03 postfix:- (276263:tqdm_logging.py:145)
03:23:54.215 [I] Progress on: 4.31kit/10.0kit rate:2.2s/it remaining:3:30:54 elapsed:2:53:14 postfix:- (276263:tqdm_logging.py:145)
03:24:05.342 [I] Progress on: 4.31kit/10.0kit rate:2.2s/it remaining:3:30:50 elapsed:2:53:25 postfix:- (276263:tqdm_logging.py:145)
03:24:16.472 [I] Progress on: 4.32kit/10.0kit rate:2.2s/it remaining:3:30:51 elapsed:2:53:36 postfix:- (276263:tqdm_logging.py:145)
03:24:27.603 [I] Progress on: 4.32kit/10.0kit rate:2.2s/it remaining:3:30:48 elapsed:2:53:48 postfix:- (276263:tqdm_logging.py:145)
03:24:39.045 [I] Progress on: 4.33kit/10.0kit rate:2.2s/it remaining:3:30:12 elapsed:2:53:59 postfix:- (276263:tqdm_logging.py:145)
03:24:49.923 [I] Progress on: 4.33kit/10.0kit rate:2.2s/it remaining:3:30:12 elapsed:2:54:10 postfix:- (276263:tqdm_logging.py:145)
03:25:01.047 [I] Progress on: 4.34kit/10.0kit rate:2.2s/it remaining:3:30:12 elapsed:2:54:21 postfix:- (276263:tqdm_logging.py:145)
03:25:12.162 [I] Progress on: 4.34kit/10.0kit rate:2.2s/it remaining:3:29:43 elapsed:2:54:32 postfix:- (276263:tqdm_logging.py:145)
03:25:23.291 [I] Progress on: 4.35kit/10.0kit rate:2.2s/it remaining:3:29:41 elapsed:2:54:43 postfix:- (276263:tqdm_logging.py:145)
03:25:34.753 [I] Progress on: 4.35kit/10.0kit rate:2.2s/it remaining:3:29:33 elapsed:2:54:55 postfix:- (276263:tqdm_logging.py:145)
03:25:45.614 [I] Progress on: 4.36kit/10.0kit rate:2.2s/it remaining:3:29:02 elapsed:2:55:06 postfix:- (276263:tqdm_logging.py:145)
03:25:56.732 [I] Progress on: 4.36kit/10.0kit rate:2.2s/it remaining:3:28:59 elapsed:2:55:17 postfix:- (276263:tqdm_logging.py:145)
03:26:08.099 [I] Progress on: 4.37kit/10.0kit rate:2.2s/it remaining:3:30:53 elapsed:2:55:28 postfix:- (276263:tqdm_logging.py:145)
03:26:19.217 [I] Progress on: 4.37kit/10.0kit rate:2.2s/it remaining:3:28:55 elapsed:2:55:39 postfix:- (276263:tqdm_logging.py:145)
03:26:30.686 [I] Progress on: 4.38kit/10.0kit rate:2.2s/it remaining:3:28:40 elapsed:2:55:51 postfix:- (276263:tqdm_logging.py:145)
03:26:41.551 [I] Progress on: 4.38kit/10.0kit rate:2.2s/it remaining:3:28:04 elapsed:2:56:02 postfix:- (276263:tqdm_logging.py:145)
03:26:52.675 [I] Progress on: 4.39kit/10.0kit rate:2.2s/it remaining:3:28:09 elapsed:2:56:13 postfix:- (276263:tqdm_logging.py:145)
03:27:03.809 [I] Progress on: 4.39kit/10.0kit rate:2.2s/it remaining:3:28:09 elapsed:2:56:24 postfix:- (276263:tqdm_logging.py:145)
03:27:14.928 [I] Progress on: 4.40kit/10.0kit rate:2.2s/it remaining:3:27:43 elapsed:2:56:35 postfix:- (276263:tqdm_logging.py:145)
03:27:26.387 [I] Progress on: 4.40kit/10.0kit rate:2.2s/it remaining:3:27:36 elapsed:2:56:46 postfix:- (276263:tqdm_logging.py:145)
03:27:37.236 [I] Progress on: 4.41kit/10.0kit rate:2.2s/it remaining:3:26:48 elapsed:2:56:57 postfix:- (276263:tqdm_logging.py:145)
03:27:48.357 [I] Progress on: 4.41kit/10.0kit rate:2.2s/it remaining:3:26:49 elapsed:2:57:08 postfix:- (276263:tqdm_logging.py:145)
03:27:59.486 [I] Progress on: 4.42kit/10.0kit rate:2.2s/it remaining:3:27:04 elapsed:2:57:19 postfix:- (276263:tqdm_logging.py:145)
03:28:10.612 [I] Progress on: 4.42kit/10.0kit rate:2.2s/it remaining:3:27:01 elapsed:2:57:31 postfix:- (276263:tqdm_logging.py:145)
03:28:22.068 [I] Progress on: 4.42kit/10.0kit rate:2.2s/it remaining:3:26:55 elapsed:2:57:42 postfix:- (276263:tqdm_logging.py:145)
03:28:32.939 [I] Progress on: 4.43kit/10.0kit rate:2.2s/it remaining:3:26:22 elapsed:2:57:53 postfix:- (276263:tqdm_logging.py:145)
03:28:44.068 [I] Progress on: 4.44kit/10.0kit rate:2.2s/it remaining:3:26:28 elapsed:2:58:04 postfix:- (276263:tqdm_logging.py:145)
03:28:55.179 [I] Progress on: 4.44kit/10.0kit rate:2.2s/it remaining:3:25:54 elapsed:2:58:15 postfix:- (276263:tqdm_logging.py:145)
03:29:06.302 [I] Progress on: 4.45kit/10.0kit rate:2.2s/it remaining:3:25:40 elapsed:2:58:26 postfix:- (276263:tqdm_logging.py:145)
03:29:17.798 [I] Progress on: 4.45kit/10.0kit rate:2.2s/it remaining:3:25:49 elapsed:2:58:38 postfix:- (276263:tqdm_logging.py:145)
03:29:28.651 [I] Progress on: 4.46kit/10.0kit rate:2.2s/it remaining:3:25:11 elapsed:2:58:49 postfix:- (276263:tqdm_logging.py:145)
03:29:39.788 [I] Progress on: 4.46kit/10.0kit rate:2.2s/it remaining:3:25:33 elapsed:2:59:00 postfix:- (276263:tqdm_logging.py:145)
03:29:50.924 [I] Progress on: 4.47kit/10.0kit rate:2.2s/it remaining:3:25:31 elapsed:2:59:11 postfix:- (276263:tqdm_logging.py:145)
03:30:02.047 [I] Progress on: 4.47kit/10.0kit rate:2.2s/it remaining:3:25:13 elapsed:2:59:22 postfix:- (276263:tqdm_logging.py:145)

Step 2250: grad_norm=0.4284, loss=0.0377, param_norm=1378.5476, vision_param_norm=1258.2559
Step 2275: grad_norm=0.4310, loss=0.0377, param_norm=1378.5583, vision_param_norm=1258.2576
Step 2300: grad_norm=0.3890, loss=0.0348, param_norm=1378.5698, vision_param_norm=1258.2584
Step 2325: grad_norm=0.4356, loss=0.0392, param_norm=1378.5811, vision_param_norm=1258.2598
Step 2350: grad_norm=0.4360, loss=0.0375, param_norm=1378.5914, vision_param_norm=1258.2615
Step 2375: grad_norm=0.4345, loss=0.0364, param_norm=1378.6017, vision_param_norm=1258.2629
Step 2400: grad_norm=0.4091, loss=0.0393, param_norm=1378.6124, vision_param_norm=1258.2640
Step 2425: grad_norm=0.3943, loss=0.0366, param_norm=1378.6238, vision_param_norm=1258.2655
Step 2450: grad_norm=0.3776, loss=0.0354, param_norm=1378.6348, vision_param_norm=1258.2670
Step 2475: grad_norm=0.4110, loss=0.0369, param_norm=1378.6459, vision_param_norm=1258.2678
Step 2500: grad_norm=0.4784, loss=0.0387, param_norm=1378.6564, vision_param_norm=1258.2693
Step 2525: grad_norm=0.4494, loss=0.0373, param_norm=1378.6675, vision_param_norm=1258.2709
Step 2550: grad_norm=0.4355, loss=0.0385, param_norm=1378.6777, vision_param_norm=1258.2715
Step 2575: grad_norm=0.4529, loss=0.0382, param_norm=1378.6875, vision_param_norm=1258.2728
Step 2600: grad_norm=0.4283, loss=0.0397, param_norm=1378.6978, vision_param_norm=1258.2744
Step 2625: grad_norm=0.4630, loss=0.0387, param_norm=1378.7087, vision_param_norm=1258.2754
Step 2650: grad_norm=0.4674, loss=0.0357, param_norm=1378.7209, vision_param_norm=1258.2770
Step 2675: grad_norm=0.4706, loss=0.0409, param_norm=1378.7323, vision_param_norm=1258.2787
Step 2700: grad_norm=0.4308, loss=0.0378, param_norm=1378.7438, vision_param_norm=1258.2803
Step 2725: grad_norm=0.4619, loss=0.0385, param_norm=1378.7545, vision_param_norm=1258.2815
Step 2750: grad_norm=0.3698, loss=0.0358, param_norm=1378.7651, vision_param_norm=1258.2828
Step 2775: grad_norm=0.3811, loss=0.0365, param_norm=1378.7745, vision_param_norm=1258.2834
Step 2800: grad_norm=0.3958, loss=0.0361, param_norm=1378.7841, vision_param_norm=1258.2848
Step 2825: grad_norm=0.4160, loss=0.0393, param_norm=1378.7946, vision_param_norm=1258.2860
Step 2850: grad_norm=0.4328, loss=0.0367, param_norm=1378.8059, vision_param_norm=1258.2874
Step 2875: grad_norm=0.4218, loss=0.0368, param_norm=1378.8167, vision_param_norm=1258.2888
Step 2900: grad_norm=0.3781, loss=0.0350, param_norm=1378.8275, vision_param_norm=1258.2906
Step 2925: grad_norm=0.4641, loss=0.0345, param_norm=1378.8389, vision_param_norm=1258.2927
Step 2950: grad_norm=0.4639, loss=0.0377, param_norm=1378.8494, vision_param_norm=1258.2943
Step 2975: grad_norm=0.4117, loss=0.0343, param_norm=1378.8591, vision_param_norm=1258.2949
Step 3000: grad_norm=0.4221, loss=0.0371, param_norm=1378.8694, vision_param_norm=1258.2963
Step 3025: grad_norm=0.3995, loss=0.0356, param_norm=1378.8802, vision_param_norm=1258.2969
Step 3050: grad_norm=0.4313, loss=0.0381, param_norm=1378.8912, vision_param_norm=1258.2987
Step 3075: grad_norm=0.3757, loss=0.0349, param_norm=1378.9025, vision_param_norm=1258.3003
Step 3100: grad_norm=0.3415, loss=0.0336, param_norm=1378.9135, vision_param_norm=1258.3010
Step 3125: grad_norm=0.3933, loss=0.0361, param_norm=1378.9247, vision_param_norm=1258.3025
Step 3150: grad_norm=0.4004, loss=0.0349, param_norm=1378.9355, vision_param_norm=1258.3042
Step 3175: grad_norm=0.4254, loss=0.0381, param_norm=1378.9448, vision_param_norm=1258.3059
Step 3200: grad_norm=0.4723, loss=0.0379, param_norm=1378.9553, vision_param_norm=1258.3066
Step 3225: grad_norm=0.4207, loss=0.0350, param_norm=1378.9662, vision_param_norm=1258.3082
Step 3250: grad_norm=0.3665, loss=0.0361, param_norm=1378.9773, vision_param_norm=1258.3099
Step 3275: grad_norm=0.3750, loss=0.0348, param_norm=1378.9880, vision_param_norm=1258.3113
Step 3300: grad_norm=0.3595, loss=0.0338, param_norm=1378.9974, vision_param_norm=1258.3125
Step 3325: grad_norm=0.4036, loss=0.0362, param_norm=1379.0078, vision_param_norm=1258.3138
Step 3350: grad_norm=0.3917, loss=0.0342, param_norm=1379.0190, vision_param_norm=1258.3157
Step 3375: grad_norm=0.4568, loss=0.0346, param_norm=1379.0302, vision_param_norm=1258.3164
Step 3400: grad_norm=0.4245, loss=0.0365, param_norm=1379.0399, vision_param_norm=1258.3177
Step 3425: grad_norm=0.3679, loss=0.0338, param_norm=1379.0497, vision_param_norm=1258.3188
Step 3450: grad_norm=0.3774, loss=0.0350, param_norm=1379.0603, vision_param_norm=1258.3210
Step 3475: grad_norm=0.3839, loss=0.0348, param_norm=1379.0714, vision_param_norm=1258.3223
Step 3500: grad_norm=0.4009, loss=0.0360, param_norm=1379.0823, vision_param_norm=1258.3240
Step 3525: grad_norm=0.3971, loss=0.0352, param_norm=1379.0925, vision_param_norm=1258.3256
Step 3550: grad_norm=0.3703, loss=0.0345, param_norm=1379.1035, vision_param_norm=1258.3271
Step 3575: grad_norm=0.3536, loss=0.0328, param_norm=1379.1141, vision_param_norm=1258.3284
Step 3600: grad_norm=0.3814, loss=0.0345, param_norm=1379.1245, vision_param_norm=1258.3298
Step 3625: grad_norm=0.3713, loss=0.0346, param_norm=1379.1345, vision_param_norm=1258.3314
Step 3650: grad_norm=0.3958, loss=0.0355, param_norm=1379.1450, vision_param_norm=1258.3322
Step 3675: grad_norm=0.3769, loss=0.0329, param_norm=1379.1562, vision_param_norm=1258.3337
Step 3700: grad_norm=0.4114, loss=0.0359, param_norm=1379.1669, vision_param_norm=1258.3353
Step 3725: grad_norm=0.4346, loss=0.0369, param_norm=1379.1770, vision_param_norm=1258.3359
Step 3750: grad_norm=0.4096, loss=0.0347, param_norm=1379.1873, vision_param_norm=1258.3376
Step 3775: grad_norm=0.4085, loss=0.0343, param_norm=1379.1987, vision_param_norm=1258.3395
Step 3800: grad_norm=0.3980, loss=0.0350, param_norm=1379.2090, vision_param_norm=1258.3412
Step 3825: grad_norm=0.3738, loss=0.0342, param_norm=1379.2196, vision_param_norm=1258.3418
Step 3850: grad_norm=0.3571, loss=0.0342, param_norm=1379.2306, vision_param_norm=1258.3434
Step 3875: grad_norm=0.4125, loss=0.0333, param_norm=1379.2407, vision_param_norm=1258.3451
Step 3900: grad_norm=0.4388, loss=0.0337, param_norm=1379.2506, vision_param_norm=1258.3457
Step 3925: grad_norm=0.3611, loss=0.0324, param_norm=1379.2603, vision_param_norm=1258.3473
Step 3950: grad_norm=0.5459, loss=0.0372, param_norm=1379.2692, vision_param_norm=1258.3490
Step 3975: grad_norm=0.4161, loss=0.0366, param_norm=1379.2806, vision_param_norm=1258.3502
Step 4000: grad_norm=0.3606, loss=0.0321, param_norm=1379.2925, vision_param_norm=1258.3516
Step 4025: grad_norm=0.4090, loss=0.0325, param_norm=1379.3030, vision_param_norm=1258.3533
Step 4050: grad_norm=0.3644, loss=0.0336, param_norm=1379.3125, vision_param_norm=1258.3549
Step 4075: grad_norm=0.4130, loss=0.0344, param_norm=1379.3236, vision_param_norm=1258.3555
Step 4100: grad_norm=0.4012, loss=0.0351, param_norm=1379.3347, vision_param_norm=1258.3571
Step 4125: grad_norm=0.3689, loss=0.0351, param_norm=1379.3455, vision_param_norm=1258.3588
Step 4150: grad_norm=0.3506, loss=0.0329, param_norm=1379.3556, vision_param_norm=1258.3602
Step 4175: grad_norm=0.4314, loss=0.0371, param_norm=1379.3650, vision_param_norm=1258.3610
Step 4200: grad_norm=0.3734, loss=0.0325, param_norm=1379.3750, vision_param_norm=1258.3624
Step 4225: grad_norm=0.3831, loss=0.0340, param_norm=1379.3846, vision_param_norm=1258.3633
Step 4250: grad_norm=0.4707, loss=0.0405, param_norm=1379.3948, vision_param_norm=1258.3649
Step 4275: grad_norm=0.3705, loss=0.0335, param_norm=1379.4048, vision_param_norm=1258.3661
Step 4300: grad_norm=0.3255, loss=0.0312, param_norm=1379.4142, vision_param_norm=1258.3668
Step 4325: grad_norm=0.3957, loss=0.0344, param_norm=1379.4247, vision_param_norm=1258.3671
Step 4350: grad_norm=0.3660, loss=0.0334, param_norm=1379.4358, vision_param_norm=1258.3687
Step 4375: grad_norm=0.3829, loss=0.0355, param_norm=1379.4465, vision_param_norm=1258.3705
Step 4400: grad_norm=0.3400, loss=0.0329, param_norm=1379.4567, vision_param_norm=1258.3722
Step 4425: grad_norm=0.3731, loss=0.0330, param_norm=1379.4681, vision_param_norm=1258.3729
Step 4450: grad_norm=0.3961, loss=0.0373, param_norm=1379.4783, vision_param_norm=1258.3745
Step 4475: grad_norm=0.3360, loss=0.0327, param_norm=1379.4877, vision_param_norm=1258.376303:30:13.499 [I] Progress on: 4.47kit/10.0kit rate:2.2s/it remaining:3:24:51 elapsed:2:59:33 postfix:- (276263:tqdm_logging.py:145)
03:30:24.359 [I] Progress on: 4.48kit/10.0kit rate:2.2s/it remaining:3:24:05 elapsed:2:59:44 postfix:- (276263:tqdm_logging.py:145)
03:30:35.489 [I] Progress on: 4.49kit/10.0kit rate:2.2s/it remaining:3:24:20 elapsed:2:59:55 postfix:- (276263:tqdm_logging.py:145)
03:30:46.614 [I] Progress on: 4.49kit/10.0kit rate:2.2s/it remaining:3:24:12 elapsed:3:00:07 postfix:- (276263:tqdm_logging.py:145)
03:30:57.750 [I] Progress on: 4.50kit/10.0kit rate:2.2s/it remaining:3:24:16 elapsed:3:00:18 postfix:- (276263:tqdm_logging.py:145)
03:31:09.205 [I] Progress on: 4.50kit/10.0kit rate:2.2s/it remaining:3:24:14 elapsed:3:00:29 postfix:- (276263:tqdm_logging.py:145)
03:31:20.070 [I] Progress on: 4.51kit/10.0kit rate:2.2s/it remaining:3:23:14 elapsed:3:00:40 postfix:- (276263:tqdm_logging.py:145)
03:31:31.205 [I] Progress on: 4.51kit/10.0kit rate:2.2s/it remaining:3:23:40 elapsed:3:00:51 postfix:- (276263:tqdm_logging.py:145)
03:31:42.325 [I] Progress on: 4.52kit/10.0kit rate:2.2s/it remaining:3:23:23 elapsed:3:01:02 postfix:- (276263:tqdm_logging.py:145)
03:31:53.460 [I] Progress on: 4.52kit/10.0kit rate:2.2s/it remaining:3:23:22 elapsed:3:01:13 postfix:- (276263:tqdm_logging.py:145)
03:32:04.921 [I] Progress on: 4.53kit/10.0kit rate:2.2s/it remaining:3:22:50 elapsed:3:01:25 postfix:- (276263:tqdm_logging.py:145)
03:32:15.790 [I] Progress on: 4.53kit/10.0kit rate:2.2s/it remaining:3:22:46 elapsed:3:01:36 postfix:- (276263:tqdm_logging.py:145)
03:32:26.912 [I] Progress on: 4.54kit/10.0kit rate:2.2s/it remaining:3:22:43 elapsed:3:01:47 postfix:- (276263:tqdm_logging.py:145)
03:32:38.028 [I] Progress on: 4.54kit/10.0kit rate:2.2s/it remaining:3:22:17 elapsed:3:01:58 postfix:- (276263:tqdm_logging.py:145)
03:32:49.159 [I] Progress on: 4.55kit/10.0kit rate:2.2s/it remaining:3:22:17 elapsed:3:02:09 postfix:- (276263:tqdm_logging.py:145)
03:33:00.614 [I] Progress on: 4.55kit/10.0kit rate:2.2s/it remaining:3:22:02 elapsed:3:02:21 postfix:- (276263:tqdm_logging.py:145)
03:33:11.469 [I] Progress on: 4.56kit/10.0kit rate:2.2s/it remaining:3:21:39 elapsed:3:02:31 postfix:- (276263:tqdm_logging.py:145)
03:33:22.581 [I] Progress on: 4.56kit/10.0kit rate:2.2s/it remaining:3:21:18 elapsed:3:02:43 postfix:- (276263:tqdm_logging.py:145)
03:33:33.717 [I] Progress on: 4.57kit/10.0kit rate:2.2s/it remaining:3:21:37 elapsed:3:02:54 postfix:- (276263:tqdm_logging.py:145)
03:33:44.843 [I] Progress on: 4.57kit/10.0kit rate:2.2s/it remaining:3:21:28 elapsed:3:03:05 postfix:- (276263:tqdm_logging.py:145)
03:33:56.287 [I] Progress on: 4.58kit/10.0kit rate:2.2s/it remaining:3:21:06 elapsed:3:03:16 postfix:- (276263:tqdm_logging.py:145)
03:34:07.158 [I] Progress on: 4.58kit/10.0kit rate:2.2s/it remaining:3:20:48 elapsed:3:03:27 postfix:- (276263:tqdm_logging.py:145)
03:34:18.275 [I] Progress on: 4.59kit/10.0kit rate:2.2s/it remaining:3:20:36 elapsed:3:03:38 postfix:- (276263:tqdm_logging.py:145)
03:34:29.388 [I] Progress on: 4.59kit/10.0kit rate:2.2s/it remaining:3:20:18 elapsed:3:03:49 postfix:- (276263:tqdm_logging.py:145)
03:34:40.522 [I] Progress on: 4.60kit/10.0kit rate:2.2s/it remaining:3:20:21 elapsed:3:04:00 postfix:- (276263:tqdm_logging.py:145)
03:34:51.975 [I] Progress on: 4.60kit/10.0kit rate:2.2s/it remaining:3:20:07 elapsed:3:04:12 postfix:- (276263:tqdm_logging.py:145)
03:35:02.839 [I] Progress on: 4.61kit/10.0kit rate:2.2s/it remaining:3:19:56 elapsed:3:04:23 postfix:- (276263:tqdm_logging.py:145)
03:35:13.957 [I] Progress on: 4.61kit/10.0kit rate:2.2s/it remaining:3:19:45 elapsed:3:04:34 postfix:- (276263:tqdm_logging.py:145)
03:35:25.063 [I] Progress on: 4.62kit/10.0kit rate:2.2s/it remaining:3:19:17 elapsed:3:04:45 postfix:- (276263:tqdm_logging.py:145)
03:35:36.205 [I] Progress on: 4.62kit/10.0kit rate:2.2s/it remaining:3:19:39 elapsed:3:04:56 postfix:- (276263:tqdm_logging.py:145)
03:35:47.657 [I] Progress on: 4.62kit/10.0kit rate:2.2s/it remaining:3:19:19 elapsed:3:05:08 postfix:- (276263:tqdm_logging.py:145)
03:35:58.523 [I] Progress on: 4.63kit/10.0kit rate:2.2s/it remaining:3:18:49 elapsed:3:05:18 postfix:- (276263:tqdm_logging.py:145)
03:36:09.657 [I] Progress on: 4.64kit/10.0kit rate:2.2s/it remaining:3:19:01 elapsed:3:05:30 postfix:- (276263:tqdm_logging.py:145)
03:36:20.781 [I] Progress on: 4.64kit/10.0kit rate:2.2s/it remaining:3:18:44 elapsed:3:05:41 postfix:- (276263:tqdm_logging.py:145)
03:36:31.912 [I] Progress on: 4.65kit/10.0kit rate:2.2s/it remaining:3:18:32 elapsed:3:05:52 postfix:- (276263:tqdm_logging.py:145)
03:36:43.371 [I] Progress on: 4.65kit/10.0kit rate:2.2s/it remaining:3:18:41 elapsed:3:06:03 postfix:- (276263:tqdm_logging.py:145)
03:36:54.221 [I] Progress on: 4.66kit/10.0kit rate:2.2s/it remaining:3:17:45 elapsed:3:06:14 postfix:- (276263:tqdm_logging.py:145)
03:37:05.349 [I] Progress on: 4.66kit/10.0kit rate:2.2s/it remaining:3:17:54 elapsed:3:06:25 postfix:- (276263:tqdm_logging.py:145)
03:37:16.479 [I] Progress on: 4.67kit/10.0kit rate:2.2s/it remaining:3:17:57 elapsed:3:06:36 postfix:- (276263:tqdm_logging.py:145)
03:37:27.601 [I] Progress on: 4.67kit/10.0kit rate:2.2s/it remaining:3:17:34 elapsed:3:06:48 postfix:- (276263:tqdm_logging.py:145)
03:37:39.059 [I] Progress on: 4.67kit/10.0kit rate:2.2s/it remaining:3:17:31 elapsed:3:06:59 postfix:- (276263:tqdm_logging.py:145)
03:37:49.920 [I] Progress on: 4.68kit/10.0kit rate:2.2s/it remaining:3:16:47 elapsed:3:07:10 postfix:- (276263:tqdm_logging.py:145)
03:38:01.046 [I] Progress on: 4.69kit/10.0kit rate:2.2s/it remaining:3:16:54 elapsed:3:07:21 postfix:- (276263:tqdm_logging.py:145)
03:38:12.168 [I] Progress on: 4.69kit/10.0kit rate:2.2s/it remaining:3:16:42 elapsed:3:07:32 postfix:- (276263:tqdm_logging.py:145)
03:38:23.307 [I] Progress on: 4.70kit/10.0kit rate:2.2s/it remaining:3:16:54 elapsed:3:07:43 postfix:- (276263:tqdm_logging.py:145)
03:38:34.753 [I] Progress on: 4.70kit/10.0kit rate:2.2s/it remaining:3:16:40 elapsed:3:07:55 postfix:- (276263:tqdm_logging.py:145)
03:38:45.620 [I] Progress on: 4.71kit/10.0kit rate:2.2s/it remaining:3:16:07 elapsed:3:08:06 postfix:- (276263:tqdm_logging.py:145)
03:38:56.744 [I] Progress on: 4.71kit/10.0kit rate:2.2s/it remaining:3:16:09 elapsed:3:08:17 postfix:- (276263:tqdm_logging.py:145)
03:39:07.870 [I] Progress on: 4.72kit/10.0kit rate:2.2s/it remaining:3:15:54 elapsed:3:08:28 postfix:- (276263:tqdm_logging.py:145)
03:39:18.987 [I] Progress on: 4.72kit/10.0kit rate:2.2s/it remaining:3:15:24 elapsed:3:08:39 postfix:- (276263:tqdm_logging.py:145)
03:39:30.449 [I] Progress on: 4.72kit/10.0kit rate:2.2s/it remaining:3:15:53 elapsed:3:08:50 postfix:- (276263:tqdm_logging.py:145)
03:39:41.308 [I] Progress on: 4.73kit/10.0kit rate:2.2s/it remaining:3:15:06 elapsed:3:09:01 postfix:- (276263:tqdm_logging.py:145)
03:39:52.435 [I] Progress on: 4.74kit/10.0kit rate:2.2s/it remaining:3:15:12 elapsed:3:09:12 postfix:- (276263:tqdm_logging.py:145)
03:40:03.567 [I] Progress on: 4.74kit/10.0kit rate:2.2s/it remaining:3:15:16 elapsed:3:09:24 postfix:- (276263:tqdm_logging.py:145)
03:40:14.677 [I] Progress on: 4.75kit/10.0kit rate:2.2s/it remaining:3:14:41 elapsed:3:09:35 postfix:- (276263:tqdm_logging.py:145)
03:40:26.142 [I] Progress on: 4.75kit/10.0kit rate:2.2s/it remaining:3:14:38 elapsed:3:09:46 postfix:- (276263:tqdm_logging.py:145)
03:40:36.991 [I] Progress on: 4.76kit/10.0kit rate:2.2s/it remaining:3:14:08 elapsed:3:09:57 postfix:- (276263:tqdm_logging.py:145)
03:40:48.130 [I] Progress on: 4.76kit/10.0kit rate:2.2s/it remaining:3:14:26 elapsed:3:10:08 postfix:- (276263:tqdm_logging.py:145)
03:40:59.250 [I] Progress on: 4.77kit/10.0kit rate:2.2s/it remaining:3:14:05 elapsed:3:10:19 postfix:- (276263:tqdm_logging.py:145)
03:41:10.373 [I] Progress on: 4.77kit/10.0kit rate:2.2s/it remaining:3:13:56 elapsed:3:10:30 postfix:- (276263:tqdm_logging.py:145)
03:41:21.829 [I] Progress on: 4.78kit/10.0kit rate:2.2s/it remaining:3:13:50 elapsed:3:10:42 postfix:- (276263:tqdm_logging.py:145)
03:41:32.701 [I] Progress on: 4.78kit/10.0kit rate:2.2s/it remaining:3:13:33 elapsed:3:10:53 postfix:- (276263:tqdm_logging.py:145)
03:41:43.819 [I] Progress on: 4.79kit/10.0kit rate:2.2s/it remaining:3:13:26 elapsed:3:11:04 postfix:- (276263:tqdm_logging.py:145)
03:41:54.952 [I] Progress on: 4.79kit/10.0kit rate:2.2s/it remaining:3:13:22 elapsed:3:11:15 postfix:- (276263:tqdm_logging.py:145)
03:42:06.065 [I] Progress on: 4.80kit/10.0kit rate:2.2s/it remaining:3:12:54 elapsed:3:11:26 postfix:- (276263:tqdm_logging.py:145)
03:42:17.524 [I] Progress on: 4.80kit/10.0kit rate:2.2s/it remaining:3:12:55 elapsed:3:11:37 postfix:- (276263:tqdm_logging.py:145)
03:42:28.393 [I] Progress on: 4.81kit/10.0kit rate:2.2s/it remaining:3:12:20 elapsed:3:11:48 postfix:- (276263:tqdm_logging.py:145)
03:42:39.510 [I] Progress on: 4.81kit/10.0kit rate:2.2s/it remaining:3:12:20 elapsed:3:11:59 postfix:- (276263:tqdm_logging.py:145)
03:42:50.641 [I] Progress on: 4.82kit/10.0kit rate:2.2s/it remaining:3:12:23 elapsed:3:12:11 postfix:- (276263:tqdm_logging.py:145)
03:43:01.758 [I] Progress on: 4.82kit/10.0kit rate:2.2s/it remaining:3:12:05 elapsed:3:12:22 postfix:- (276263:tqdm_logging.py:145)
03:43:13.212 [I] Progress on: 4.83kit/10.0kit rate:2.2s/it remaining:3:11:48 elapsed:3:12:33 postfix:- (276263:tqdm_logging.py:145)
03:43:24.065 [I] Progress on: 4.83kit/10.0kit rate:2.2s/it remaining:3:11:19 elapsed:3:12:44 postfix:- (276263:tqdm_logging.py:145)
03:43:35.188 [I] Progress on: 4.84kit/10.0kit rate:2.2s/it remaining:3:11:14 elapsed:3:12:55 postfix:- (276263:tqdm_logging.py:145)
03:43:46.312 [I] Progress on: 4.84kit/10.0kit rate:2.2s/it remaining:3:11:09 elapsed:3:13:06 postfix:- (276263:tqdm_logging.py:145)
03:43:57.439 [I] Progress on: 4.85kit/10.0kit rate:2.2s/it remaining:3:11:03 elapsed:3:13:17 postfix:- (276263:tqdm_logging.py:145)
03:44:08.901 [I] Progress on: 4.85kit/10.0kit rate:2.2s/it remaining:3:11:02 elapsed:3:13:29 postfix:- (276263:tqdm_logging.py:145)
03:44:19.775 [I] Progress on: 4.86kit/10.0kit rate:2.2s/it remaining:3:10:36 elapsed:3:13:40 postfix:- (276263:tqdm_logging.py:145)
03:44:30.897 [I] Progress on: 4.86kit/10.0kit rate:2.2s/it remaining:3:10:30 elapsed:3:13:51 postfix:- (276263:tqdm_logging.py:145)
03:44:42.023 [I] Progress on: 4.87kit/10.0kit rate:2.2s/it remaining:3:10:26 elapsed:3:14:02 postfix:- (276263:tqdm_logging.py:145)
03:44:53.151 [I] Progress on: 4.87kit/10.0kit rate:2.2s/it remaining:3:10:12 elapsed:3:14:13 postfix:- (276263:tqdm_logging.py:145)
03:45:04.604 [I] Progress on: 4.88kit/10.0kit rate:2.2s/it remaining:3:10:06 elapsed:3:14:25 postfix:- (276263:tqdm_logging.py:145)
03:45:15.464 [I] Progress on: 4.88kit/10.0kit rate:2.2s/it remaining:3:09:23 elapsed:3:14:35 postfix:- (276263:tqdm_logging.py:145)
03:45:26.603 [I] Progress on: 4.89kit/10.0kit rate:2.2s/it remaining:3:09:47 elapsed:3:14:47 postfix:- (276263:tqdm_logging.py:145)
03:45:37.725 [I] Progress on: 4.89kit/10.0kit rate:2.2s/it remaining:3:09:28 elapsed:3:14:58 postfix:- (276263:tqdm_logging.py:145)
03:45:48.855 [I] Progress on: 4.90kit/10.0kit rate:2.2s/it remaining:3:09:20 elapsed:3:15:09 postfix:- (276263:tqdm_logging.py:145)
03:46:00.306 [I] Progress on: 4.90kit/10.0kit rate:2.2s/it remaining:3:09:05 elapsed:3:15:20 postfix:- (276263:tqdm_logging.py:145)
03:46:11.163 [I] Progress on: 4.91kit/10.0kit rate:2.2s/it remaining:3:08:33 elapsed:3:15:31 postfix:- (276263:tqdm_logging.py:145)
03:46:22.289 [I] Progress on: 4.91kit/10.0kit rate:2.2s/it remaining:3:08:36 elapsed:3:15:42 postfix:- (276263:tqdm_logging.py:145)
03:46:33.419 [I] Progress on: 4.92kit/10.0kit rate:2.2s/it remaining:3:08:39 elapsed:3:15:53 postfix:- (276263:tqdm_logging.py:145)
03:46:44.544 [I] Progress on: 4.92kit/10.0kit rate:2.2s/it remaining:3:08:21 elapsed:3:16:05 postfix:- (276263:tqdm_logging.py:145)
03:46:56.002 [I] Progress on: 4.92kit/10.0kit rate:2.2s/it remaining:3:08:22 elapsed:3:16:16 postfix:- (276263:tqdm_logging.py:145)
03:47:06.858 [I] Progress on: 4.93kit/10.0kit rate:2.2s/it remaining:3:07:32 elapsed:3:16:27 postfix:- (276263:tqdm_logging.py:145)
03:47:17.997 [I] Progress on: 4.94kit/10.0kit rate:2.2s/it remaining:3:07:54 elapsed:3:16:38 postfix:- (276263:tqdm_logging.py:145)
03:47:29.104 [I] Progress on: 4.94kit/10.0kit rate:2.2s/it remaining:3:07:21 elapsed:3:16:49 postfix:- (276263:tqdm_logging.py:145)
03:47:40.233 [I] Progress on: 4.95kit/10.0kit rate:2.2s/it remaining:3:07:19 elapsed:3:17:00 postfix:- (276263:tqdm_logging.py:145)
03:47:51.686 [I] Progress on: 4.95kit/10.0kit rate:2.2s/it remaining:3:07:00 elapsed:3:17:12 postfix:- (276263:tqdm_logging.py:145)
03:48:02.539 [I] Progress on: 4.96kit/10.0kit rate:2.2s/it remaining:3:06:30 elapsed:3:17:23 postfix:- (276263:tqdm_logging.py:145)
03:48:13.671 [I] Progress on: 4.96kit/10.0kit rate:2.2s/it remaining:3:06:43 elapsed:3:17:34 postfix:- (276263:tqdm_logging.py:145)
03:48:24.798 [I] Progress on: 4.97kit/10.0kit rate:2.2s/it remaining:3:06:46 elapsed:3:17:45 postfix:- (276263:tqdm_logging.py:145)
03:48:35.923 [I] Progress on: 4.97kit/10.0kit rate:2.2s/it remaining:3:06:26 elapsed:3:17:56 postfix:- (276263:tqdm_logging.py:145)
03:48:47.380 [I] Progress on: 4.97kit/10.0kit rate:2.2s/it remaining:3:06:26 elapsed:3:18:07 postfix:- (276263:tqdm_logging.py:145)
03:48:58.256 [I] Progress on: 4.98kit/10.0kit rate:2.2s/it remaining:3:06:03 elapsed:3:18:18 postfix:- (276263:tqdm_logging.py:145)
03:49:09.379 [I] Progress on: 4.99kit/10.0kit rate:2.2s/it remaining:3:05:56 elapsed:3:18:29 postfix:- (276263:tqdm_logging.py:145)
03:49:20.499 [I] Progress on: 4.99kit/10.0kit rate:2.2s/it remaining:3:05:37 elapsed:3:18:40 postfix:- (276263:tqdm_logging.py:145)
03:49:31.625 [I] Progress on: 5.00kit/10.0kit rate:2.2s/it remaining:3:05:25 elapsed:3:18:52 postfix:- (276263:tqdm_logging.py:145)
03:49:43.085 [I] Progress on: 5.00kit/10.0kit rate:2.2s/it remaining:3:05:25 elapsed:3:19:03 postfix:- (276263:tqdm_logging.py:145)
03:49:43.144 [I] [process=0][thread=MainThread][wait_until_finished] Initiating wait for Save Finalize thread. (276263:checkpoint_manager.py:1759)
03:49:43.145 [I] [process=0][thread=MainThread][step=4000][wait_until_finished] Waiting for Save Finalize thread (save_finalize) to complete. (276263:checkpoint_manager.py:1777)
03:49:43.145 [I] [process=0][thread=MainThread][step=4000][wait_until_finished] Done waiting for Save Finalize thread (save_finalize) running at step=4000. (276263:checkpoint_manager.py:1786)
03:49:43.145 [I] [process=0][thread=MainThread][step=4000][wait_until_finished] Resetting Save Finalize thread (save_finalize) running at step=4000, also errors if any. (276263:checkpoint_manager.py:1817)
03:49:43.145 [I] [process=0] Saving checkpoint at step 5000                                       (276263:checkpoint_manager.py:1286)
03:49:43.146 [I] [process=0] Started async saving checkpoint to /shared/.cache/retain/checkpoints/retain_repro_pretrain/paper_final_hparams/5000. (276263:async_checkpointer.py:358)
03:49:43.154 [I] [process=0][thread=MainThread] Skipping global process sync, barrier name: create_tmp_directory:pre (276263:multihost.py:293)
03:49:43.155 [I] Creating tmp directory /shared/.cache/retain/checkpoints/retain_repro_pretrain/paper_final_hparams/5000.orbax-checkpoint-tmp-16 (276263:atomicity.py:144)
03:49:43.156 [I] [process=0][thread=MainThread] Skipping global process sync, barrier name: create_tmp_directory:post (276263:multihost.py:293)
03:49:43.156 [I] [process=0][thread=MainThread] Skipping global process sync, barrier name: create_tmp_directory:pre (276263:multihost.py:293)
03:49:43.158 [I] Creating tmp directory /shared/.cache/retain/checkpoints/retain_repro_pretrain/paper_final_hparams/5000.orbax-checkpoint-tmp-16/assets.orbax-checkpoint-tmp-17 (276263:atomicity.py:144)
03:49:43.158 [I] Creating tmp directory /shared/.cache/retain/checkpoints/retain_repro_pretrain/paper_final_hparams/5000.orbax-checkpoint-tmp-16/params.orbax-checkpoint-tmp-18 (276263:atomicity.py:144)
03:49:43.158 [I] Creating tmp directory /shared/.cache/retain/checkpoints/retain_repro_pretrain/paper_final_hparams/5000.orbax-checkpoint-tmp-16/train_state.orbax-checkpoint-tmp-19 (276263:atomicity.py:144)
03:49:43.160 [I] [process=0][thread=MainThread] Skipping global process sync, barrier name: create_tmp_directory:post (276263:multihost.py:293)
03:49:43.185 [I] Transferring arrays to host memory with options: use_replica_parallel=False, enable_pinned_host_transfer=False (276263:replica_slices.py:419)
03:50:07.507 [I] Transferring arrays to host memory with options: use_replica_parallel=False, enable_pinned_host_transfer=False (276263:replica_slices.py:419)
03:50:07.527 [I] Array name: 'params.PaliGemma.llm.layers.mlp.gating_einsum.value', global shape: (18, 2, 2048, 16384), write shape: (18, 2, 2048, 16384), chosen chunk shape: (18, 2, 2048, 4096) (276263:tensorstore_utils.py:371)
03:50:07.533 [I] Array name: 'params.PaliGemma.llm.layers.mlp.linear.value', global shape: (18, 16384, 2048), write shape: (18, 16384, 2048), chosen chunk shape: (18, 8192, 2048) (276263:tensorstore_utils.py:371)
03:53:44.415 [I] [process=0] /jax/checkpoint/write/blocking_bytes_per_sec: 51.2 MiB/s (total bytes: 12.1 GiB) (time elapsed: 4 minutes) (per-host) (276263:base_pytree_checkpoint_handler.py:113)
03:53:44.425 [I] Array name: 'params.PaliGemma.llm.layers.mlp.gating_einsum.value', global shape: (18, 2, 2048, 16384), write shape: (18, 2, 2048, 16384), chosen chunk shape: (18, 2, 2048, 4096) (276263:tensorstore_utils.py:371)
03:53:44.426 [I] Array name: 'params.PaliGemma.llm.layers.mlp.linear.value', global shape: (18, 16384, 2048), write shape: (18, 16384, 2048), chosen chunk shape: (18, 8192, 2048) (276263:tensorstore_utils.py:371)
03:53:44.426 [I] [process=0] /jax/checkpoint/write/blocking_bytes_per_sec: 153.6 MiB/s (total bytes: 36.2 GiB) (time elapsed: 4 minutes) (per-host) (276263:base_pytree_checkpoint_handler.py:113)
03:53:44.433 [I] Array name: 'opt_state.1.0.mu.PaliGemma.llm.layers.mlp.gating_einsum.value', global shape: (18, 2, 2048, 16384), write shape: (18, 2, 2048, 16384), chosen chunk shape: (18, 2, 2048, 4096) (276263:tensorstore_utils.py:371)
03:53:44.436 [I] [process=0][thread=async_save] Background save thread started.                   (276263:async_checkpointer.py:121)
03:53:44.437 [I] Array name: 'opt_state.1.0.mu.PaliGemma.llm.layers.mlp.linear.value', global shape: (18, 16384, 2048), write shape: (18, 16384, 2048), chosen chunk shape: (18, 8192, 2048) (276263:tensorstore_utils.py:371)
03:53:44.441 [I] Array name: 'opt_state.1.0.nu.PaliGemma.llm.layers.mlp.gating_einsum.value', global shape: (18, 2, 2048, 16384), write shape: (18, 2, 2048, 16384), chosen chunk shape: (18, 2, 2048, 4096) (276263:tensorstore_utils.py:371)
03:53:44.446 [I] Array name: 'opt_state.1.0.nu.PaliGemma.llm.layers.mlp.linear.value', global shape: (18, 16384, 2048), write shape: (18, 16384, 2048), chosen chunk shape: (18, 8192, 2048) (276263:tensorstore_utils.py:371)
03:53:44.472 [I] Deleting Checkpoint[step=4000 | time=2026-08-20 03:12:34.045778+00:00 | is_locked=None]: (Reason: old checkpoint). (276263:checkpoint_manager.py:1748)
03:53:44.474 [I] [process=0][thread=MainThread] Skipping global process sync, barrier name: CheckpointManager:old_steps_to_remove (276263:multihost.py:293)
03:53:44.483 [I] [process=0][thread=MainThread][step=5000] Starting CheckpointManager Save Finalize thread=save_finalize (276263:checkpoint_manager.py:1328)
03:53:44.484 [I] [process=0][thread=save_finalize] Waiting for background save thread=async_save. (276263:async_checkpointer.py:231)
03:53:44.484 [I] {'step': 5000, 'event_type': 'save', 'directory': '/shared/.cache/retain/checkpoints/retain_repro_pretrain/paper_final_hparams', 'reached_preemption': False, 'preemption_received_at': None, 'synchronous': False, 'wait_for_prev_start_time': 1787197783.144855, 'wait_for_prev_duration_secs': 0.0002963542938232422, 'checkpointer_blocking_start_time': 1787197783.1455595, 'checkpointer_blocking_duration_secs': 241.3254885673523, 'get_old_steps_start_time': 1787198024.4720464, 'get_old_steps_duration_secs': 0.0020835399627685547, 'checkpoint_manager_blocking_start_time': 1787197783.144684, 'checkpoint_manager_blocking_duration_secs': 241.34009289741516} (276263:standard_logger.py:34)
03:53:44.486 [I] Progress on: 5.00kit/10.0kit rate:74.7s/it remaining:103:47:26 elapsed:3:23:04 postfix:- (276263:tqdm_logging.py:145)
03:53:44.556 [I] ChainedFuture completed 1/1 futures in 0.12 seconds.                             (276263:future.py:137)
03:53:44.614 [I] [process=0] /jax/checkpoint/write/bytes_per_sec: 51.2 MiB/s (total bytes: 12.1 GiB) (time elapsed: 4 minutes) (per-host) (276263:base_pytree_checkpoint_handler.py:113)
03:53:55.595 [I] Progress on: 5.01kit/10.0kit rate:14.4s/it remaining:19:58:25 elapsed:3:23:16 postfix:- (276263:tqdm_logging.py:145)
03:54:06.716 [I] Progress on: 5.01kit/10.0kit rate:4.3s/it remaining:5:54:56 elapsed:3:23:27 postfix:- (276263:tqdm_logging.py:145)
03:54:17.832 [I] Progress on: 5.02kit/10.0kit rate:2.6s/it remaining:3:33:03 elapsed:3:23:38 postfix:- (276263:tqdm_logging.py:145)
03:54:28.964 [I] Progress on: 5.02kit/10.0kit rate:2.3s/it remaining:3:09:22 elapsed:3:23:49 postfix:- (276263:tqdm_logging.py:145)
03:54:35.670 [I] ChainedFuture completed 1/1 futures in 51.05 seconds.                            (276263:future.py:137)
03:54:35.671 [I] [process=0] /jax/checkpoint/write/bytes_per_sec: 126.7 MiB/s (total bytes: 36.2 GiB) (time elapsed: 4 minutes) (per-host) (276263:base_pytree_checkpoint_handler.py:113)
03:54:35.671 [I] [process=0][thread=async_save] 3 Handler Commit operations completed.            (276263:async_checkpointer.py:131)
03:54:35.672 [I] [process=0][thread=async_save] Async Save Callback [1/3]: Finalizing Handler: <orbax.checkpoint._src.handlers.composite_checkpoint_handler.CompositeCheckpointHandler object at 0x7437d9693f90> on /shared/.cache/retain/checkpoints/retain_repro_pretrain/paper_final_hparams/5000.orbax-checkpoint-tmp-16 (276263:async_checkpointer.py:406)
03:54:35.672 [I] Renaming /shared/.cache/retain/checkpoints/retain_repro_pretrain/paper_final_hparams/5000.orbax-checkpoint-tmp-16/assets.orbax-checkpoint-tmp-17 to /shared/.cache/retain/checkpoints/retain_repro_pretrain/paper_final_hparams/5000.orbax-checkpoint-tmp-16/assets (276263:atomicity.py:287)
03:54:35.748 [I] Renaming /shared/.cache/retain/checkpoints/retain_repro_pretrain/paper_final_hparams/5000.orbax-checkpoint-tmp-16/train_state.orbax-checkpoint-tmp-19 to /shared/.cache/retain/checkpoints/retain_repro_pretrain/paper_final_hparams/5000.orbax-checkpoint-tmp-16/train_state (276263:atomicity.py:287)
03:54:35.760 [I] Renaming /shared/.cache/retain/checkpoints/retain_repro_pretrain/paper_final_hparams/5000.orbax-checkpoint-tmp-16/params.orbax-checkpoint-tmp-18 to /shared/.cache/retain/checkpoints/retain_repro_pretrain/paper_final_hparams/5000.orbax-checkpoint-tmp-16/params (276263:atomicity.py:287)
03:54:35.760 [I] [process=0][thread=async_save] Async Save Callback [2/3]: Running post_finalization_callback: None on /shared/.cache/retain/checkpoints/retain_repro_pretrain/paper_final_hparams/5000 (276263:async_checkpointer.py:416)
03:54:35.760 [I] [process=0][thread=async_save] Async Save Callback [3/3]: Finalizing checkpoint directory: /shared/.cache/retain/checkpoints/retain_repro_pretrain/paper_final_hparams/5000.orbax-checkpoint-tmp-16 (276263:async_checkpointer.py:426)
03:54:35.760 [I] Renaming /shared/.cache/retain/checkpoints/retain_repro_pretrain/paper_final_hparams/5000.orbax-checkpoint-tmp-16 to /shared/.cache/retain/checkpoints/retain_repro_pretrain/paper_final_hparams/5000 (276263:atomicity.py:287)
03:54:35.761 [I] [process=0][thread=async_save] Finished saving checkpoint (finalized tmp dir) to `/shared/.cache/retain/checkpoints/retain_repro_pretrain/paper_final_hparams/5000`. (276263:atomicity.py:548)
03:54:35.761 [I] [process=0][thread=async_save] Background save thread done.                      (276263:async_checkpointer.py:183)
03:54:35.762 [I] [process=0][thread=save_finalize] Done with waiting for background save thread=async_save. (276263:async_checkpointer.py:239)
03:54:35.762 [I] [process=0][thread=save_finalize] No errors found in background save thread=async_save. (276263:async_checkpointer.py:249)
03:54:37.584 [I] Deleted step 4000.                                                               (276263:deleter.py:114)
03:54:37.584 [I] [process=0][thread=save_finalize][step=5000] CheckpointManager Save Finalize is syncing with other hosts... (276263:checkpoint_manager.py:1890)
03:54:37.584 [I] [process=0][thread=save_finalize][step=5000] CheckpointManager Save Finalize is done on all hosts. (276263:checkpoint_manager.py:1905)
03:54:39.888 [I] Progress on: 5.03kit/10.0kit rate:2.5s/it remaining:3:28:39 elapsed:3:24:00 postfix:- (276263:tqdm_logging.py:145)
03:54:51.081 [I] Progress on: 5.03kit/10.0kit rate:2.3s/it remaining:3:08:43 elapsed:3:24:11 postfix:- (276263:tqdm_logging.py:145)
03:55:02.162 [I] Progress on: 5.04kit/10.0kit rate:2.2s/it remaining:3:04:32 elapsed:3:24:22 postfix:- (276263:tqdm_logging.py:145)
03:55:13.288 [I] Progress on: 5.04kit/10.0kit rate:2.2s/it remaining:3:03:57 elapsed:3:24:33 postfix:- (276263:tqdm_logging.py:145)
03:55:24.407 [I] Progress on: 5.04kit/10.0kit rate:2.2s/it remaining:3:03:39 elapsed:3:24:44 postfix:- (276263:tqdm_logging.py:145)
03:55:35.528 [I] Progress on: 5.05kit/10.0kit rate:2.2s/it remaining:3:03:27 elapsed:3:24:55 postfix:- (276263:tqdm_logging.py:145)
03:55:46.711 [I] Progress on: 5.05kit/10.0kit rate:2.2s/it remaining:3:02:24 elapsed:3:25:07 postfix:- (276263:tqdm_logging.py:145)
03:55:57.827 [I] Progress on: 5.06kit/10.0kit rate:2.2s/it remaining:3:02:50 elapsed:3:25:18 postfix:- (276263:tqdm_logging.py:145)
03:56:08.956 [I] Progress on: 5.07kit/10.0kit rate:2.2s/it remaining:3:02:49 elapsed:3:25:29 postfix:- (276263:tqdm_logging.py:145)
03:56:20.080 [I] Progress on: 5.07kit/10.0kit rate:2.2s/it remaining:3:02:46 elapsed:3:25:40 postfix:- (276263:tqdm_logging.py:145)
03:56:31.199 [I] Progress on: 5.08kit/10.0kit rate:2.2s/it remaining:3:02:25 elapsed:3:25:51 postfix:- (276263:tqdm_logging.py:145)
03:56:42.396 [I] Progress on: 5.08kit/10.0kit rate:2.2s/it remaining:3:02:10 elapsed:3:26:02 postfix:- (276263:tqdm_logging.py:145)
03:56:53.508 [I] Progress on: 5.08kit/10.0kit rate:2.2s/it remaining:3:01:50 elapsed:3:26:13 postfix:- (276263:tqdm_logging.py:145)
03:57:04.633 [I] Progress on: 5.09kit/10.0kit rate:2.2s/it remaining:3:01:49 elapsed:3:26:25 postfix:- (276263:tqdm_logging.py:145)
03:57:15.762 [I] Progress on: 5.09kit/10.0kit rate:2.2s/it remaining:3:01:54 elapsed:3:26:36 postfix:- (276263:tqdm_logging.py:145)
03:57:26.885 [I] Progress on: 5.10kit/10.0kit rate:2.2s/it remaining:3:01:41 elapsed:3:26:47 postfix:- (276263:tqdm_logging.py:145)
03:57:38.076 [I] Progress on: 5.11kit/10.0kit rate:2.2s/it remaining:3:01:03 elapsed:3:26:58 postfix:- (276263:tqdm_logging.py:145)
03:57:49.209 [I] Progress on: 5.11kit/10.0kit rate:2.2s/it remaining:3:01:25 elapsed:3:27:09 postfix:- (276263:tqdm_logging.py:145)
03:58:00.320 [I] Progress on: 5.12kit/10.0kit rate:2.2s/it remaining:3:00:58 elapsed:3:27:20 postfix:- (276263:tqdm_logging.py:145)
03:58:11.451 [I] Progress on: 5.12kit/10.0kit rate:2.2s/it remaining:3:00:59 elapsed:3:27:31 postfix:- (276263:tqdm_logging.py:145)
03:58:22.575 [I] Progress on: 5.12kit/10.0kit rate:2.2s/it remaining:3:00:43 elapsed:3:27:43 postfix:- (276263:tqdm_logging.py:145)
03:58:33.766 [I] Progress on: 5.13kit/10.0kit rate:2.2s/it remaining:3:00:12 elapsed:3:27:54 postfix:- (276263:tqdm_logging.py:145)
03:58:44.897 [I] Progress on: 5.13kit/10.0kit rate:2.2s/it remaining:3:00:31 elapsed:3:28:05 postfix:- (276263:tqdm_logging.py:145)
03:58:56.013 [I] Progress on: 5.14kit/10.0kit rate:2.2s/it remaining:3:00:11 elapsed:3:28:16 postfix:- (276263:tqdm_logging.py:145)
03:59:07.142 [I] Progress on: 5.14kit/10.0kit rate:2.2s/it remaining:3:00:06 elapsed:3:28:27 postfix:- (276263:tqdm_logging.py:145)
03:59:18.260 [I] Progress on: 5.15kit/10.0kit rate:2.2s/it remaining:2:59:42 elapsed:3:28:38 postfix:- (276263:tqdm_logging.py:145)
03:59:29.449 [I] Progress on: 5.16kit/10.0kit rate:2.2s/it remaining:2:59:14 elapsed:3:28:49 postfix:- (276263:tqdm_logging.py:145)
03:59:40.569 [I] Progress on: 5.16kit/10.0kit rate:2.2s/it remaining:2:59:23 elapsed:3:29:01 postfix:- (276263:tqdm_logging.py:145)
03:59:51.699 [I] Progress on: 5.17kit/10.0kit rate:2.2s/it remaining:2:59:19 elapsed:3:29:12 postfix:- (276263:tqdm_logging.py:145)
04:00:02.820 [I] Progress on: 5.17kit/10.0kit rate:2.2s/it remaining:2:59:05 elapsed:3:29:23 postfix:- (276263:tqdm_logging.py:145)
04:00:13.944 [I] Progress on: 5.17kit/10.0kit rate:2.2s/it remaining:2:58:56 elapsed:3:29:34 postfix:- (276263:tqdm_logging.py:145)
04:00:25.150 [I] Progress on: 5.18kit/10.0kit rate:2.2s/it remaining:2:58:47 elapsed:3:29:45 postfix:- (276263:tqdm_logging.py:145)
04:00:36.242 [I] Progress on: 5.18kit/10.0kit rate:2.2s/it remaining:2:58:09 elapsed:3:29:56 postfix:- (276263:tqdm_logging.py:145)
04:00:47.375 [I] Progress on: 5.19kit/10.0kit rate:2.2s/it remaining:2:58:18 elapsed:3:30:07 postfix:- (276263:tqdm_logging.py:145)
04:00:58.511 [I] Progress on: 5.20kit/10.0kit rate:2.2s/it remaining:2:58:26 elapsed:3:30:18 postfix:- (276263:tqdm_logging.py:145)
04:01:09.622 [I] Progress on: 5.20kit/10.0kit rate:2.2s/it remaining:2:57:57 elapsed:3:30:30 postfix:- (276263:tqdm_logging.py:145)
04:01:20.815 [I] Progress on: 5.21kit/10.0kit rate:2.2s/it remaining:2:57:18 elapsed:3:30:41 postfix:- (276263:tqdm_logging.py:145)
04:01:31.945 [I] Progress on: 5.21kit/10.0kit rate:2.2s/it remaining:2:57:31 elapsed:3:30:52 postfix:- (276263:tqdm_logging.py:145)
04:01:43.063 [I] Progress on: 5.21kit/10.0kit rate:2.2s/it remaining:2:57:09 elapsed:3:31:03 postfix:- (276263:tqdm_logging.py:145)
04:01:54.198 [I] Progress on: 5.22kit/10.0kit rate:2.2s/it remaining:2:57:11 elapsed:3:31:14 postfix:- (276263:tqdm_logging.py:145)
04:02:05.327 [I] Progress on: 5.22kit/10.0kit rate:2.2s/it remaining:2:57:14 elapsed:3:31:25 postfix:- (276263:tqdm_logging.py:145)
04:02:16.510 [I] Progress on: 5.23kit/10.0kit rate:2.2s/it remaining:2:56:30 elapsed:3:31:36 postfix:- (276263:tqdm_logging.py:145)
04:02:27.633 [I] Progress on: 5.24kit/10.0kit rate:2.2s/it remaining:2:56:36 elapsed:3:31:48 postfix:- (276263:tqdm_logging.py:145)
04:02:38.756 [I] Progress on: 5.24kit/10.0kit rate:2.2s/it remaining:2:56:29 elapsed:3:31:59 postfix:- (276263:tqdm_logging.py:145)
04:02:49.881 [I] Progress on: 5.25kit/10.0kit rate:2.2s/it remaining:2:56:21 elapsed:3:32:10 postfix:- (276263:tqdm_logging.py:145)
04:03:01.009 [I] Progress on: 5.25kit/10.0kit rate:2.2s/it remaining:2:56:10 elapsed:3:32:21 postfix:- (276263:tqdm_logging.py:145)
04:03:12.194 [I] Progress on: 5.25kit/10.0kit rate:2.2s/it remaining:2:55:30 elapsed:3:32:32 postfix:- (276263:tqdm_logging.py:145)
04:03:23.319 [I] Progress on: 5.26kit/10.0kit rate:2.2s/it remaining:2:55:39 elapsed:3:32:43 postfix:- (276263:tqdm_logging.py:145)
04:03:34.458 [I] Progress on: 5.26kit/10.0kit rate:2.2s/it remaining:2:55:51 elapsed:3:32:54 postfix:- (276263:tqdm_logging.py:145)
04:03:45.571 [I] Progress on: 5.27kit/10.0kit rate:2.2s/it remaining:2:55:22 elapsed:3:33:06 postfix:- (276263:tqdm_logging.py:145)
04:03:56.698 [I] Progress on: 5.28kit/10.0kit rate:2.2s/it remaining:2:55:13 elapsed:3:33:17 postfix:- (276263:tqdm_logging.py:145)
04:04:07.900 [I] Progress on: 5.28kit/10.0kit rate:2.2s/it remaining:2:54:46 elapsed:3:33:28 postfix:- (276263:tqdm_logging.py:145)
04:04:19.019 [I] Progress on: 5.29kit/10.0kit rate:2.2s/it remaining:2:54:48 elapsed:3:33:39 postfix:- (276263:tqdm_logging.py:145)
04:04:30.147 [I] Progress on: 5.29kit/10.0kit rate:2.2s/it remaining:2:54:32 elapsed:3:33:50 postfix:- (276263:tqdm_logging.py:145)
04:04:41.284 [I] Progress on: 5.29kit/10.0kit rate:2.2s/it remaining:2:54:42 elapsed:3:34:01 postfix:- (276263:tqdm_logging.py:145)
04:04:52.406 [I] Progress on: 5.30kit/10.0kit rate:2.2s/it remaining:2:54:20 elapsed:3:34:12 postfix:- (276263:tqdm_logging.py:145)
04:05:03.588 [I] Progress on: 5.30kit/10.0kit rate:2.2s/it remaining:2:53:43 elapsed:3:34:24 postfix:- (276263:tqdm_logging.py:145)
04:05:14.716 [I] Progress on: 5.31kit/10.0kit rate:2.2s/it remaining:2:53:49 elapsed:3:34:35 postfix:- (276263:tqdm_logging.py:145)
04:05:25.843 [I] Progress on: 5.32kit/10.0kit rate:2.2s/it remaining:2:53:46 elapsed:3:34:46 postfix:- (276263:tqdm_logging.py:145)
04:05:36.952 [I] Progress on: 5.32kit/10.0kit rate:2.2s/it remaining:2:53:19 elapsed:3:34:57 postfix:- (276263:tqdm_logging.py:145)
04:05:48.079 [I] Progress on: 5.33kit/10.0kit rate:2.2s/it remaining:2:53:16 elapsed:3:35:08 postfix:- (276263:tqdm_logging.py:145)
04:05:59.271 [I] Progress on: 5.33kit/10.0kit rate:2.2s/it remaining:2:52:54 elapsed:3:35:19 postfix:- (276263:tqdm_logging.py:145)
04:06:10.387 [I] Progress on: 5.33kit/10.0kit rate:2.2s/it remaining:2:52:47 elapsed:3:35:30 postfix:- (276263:tqdm_logging.py:145)
04:06:21.519 [I] Progress on: 5.34kit/10.0kit rate:2.2s/it remaining:2:52:54 elapsed:3:35:41 postfix:- (276263:tqdm_logging.py:145)
04:06:32.655 [I] Progress on: 5.34kit/10.0kit rate:2.2s/it remaining:2:52:54 elapsed:3:35:53 postfix:- (276263:tqdm_logging.py:145)
04:06:43.772 [I] Progress on: 5.35kit/10.0kit rate:2.2s/it remaining:2:52:33 elapsed:3:36:04 postfix:- (276263:tqdm_logging.py:145)
04:06:54.963 [I] Progress on: 5.36kit/10.0kit rate:2.2s/it remaining:2:51:48 elapsed:3:36:15 postfix:- (276263:tqdm_logging.py:145)
04:07:06.100 [I] Progress on: 5.36kit/10.0kit rate:2.2s/it remaining:2:52:08 elapsed:3:36:26 postfix:- (276263:tqdm_logging.py:145)
04:07:17.215 [I] Progress on: 5.37kit/10.0kit rate:2.2s/it remaining:2:51:50 elapsed:3:36:37 postfix:- (276263:tqdm_logging.py:145)
04:07:28.342 [I] Progress on: 5.37kit/10.0kit rate:2.2s/it remaining:2:51:43 elapsed:3:36:48 postfix:- (276263:tqdm_logging.py:145)
04:07:39.463 [I] Progress on: 5.38kit/10.0kit rate:2.2s/it remaining:2:51:08 elapsed:3:36:59 postfix:- (276263:tqdm_logging.py:145)
04:07:50.646 [I] Progress on: 5.38kit/10.0kit rate:2.2s/it remaining:2:50:46 elapsed:3:37:11 postfix:- (276263:tqdm_logging.py:145)
04:08:01.767 [I] Progress on: 5.38kit/10.0kit rate:2.2s/it remaining:2:51:05 elapsed:3:37:22 postfix:- (276263:tqdm_logging.py:145)
04:08:12.890 [I] Progress on: 5.39kit/10.0kit rate:2.2s/it remaining:2:50:51 elapsed:3:37:33 postfix:- (276263:tqdm_logging.py:145)
04:08:24.014 [I] Progress on: 5.39kit/10.0kit rate:2.2s/it remaining:2:50:41 elapsed:3:37:44 postfix:- (276263:tqdm_logging.py:145)
04:08:35.142 [I] Progress on: 5.40kit/10.0kit rate:2.2s/it remaining:2:50:39 elapsed:3:37:55 postfix:- (276263:tqdm_logging.py:145)
04:08:46.328 [I] Progress on: 5.41kit/10.0kit rate:2.2s/it remaining:2:49:57 elapsed:3:38:06 postfix:- (276263:tqdm_logging.py:145)
04:08:57.454 [I] Progress on: 5.41kit/10.0kit rate:2.2s/it remaining:2:50:02 elapsed:3:38:17 postfix:- (276263:tqdm_logging.py:145)
04:09:08.586 [I] Progress on: 5.42kit/10.0kit rate:2.2s/it remaining:2:50:01 elapsed:3:38:29 postfix:- (276263:tqdm_logging.py:145)
04:09:19.704 [I] Progress on: 5.42kit/10.0kit rate:2.2s/it remaining:2:49:46 elapsed:3:38:40 postfix:- (276263:tqdm_logging.py:145)
04:09:30.834 [I] Progress on: 5.42kit/10.0kit rate:2.2s/it remaining:2:49:45 elapsed:3:38:51 postfix:- (276263:tqdm_logging.py:145)
04:09:42.019 [I] Progress on: 5.43kit/10.0kit rate:2.2s/it remaining:2:49:00 elapsed:3:39:02 postfix:- (276263:tqdm_logging.py:145)
04:09:53.137 [I] Progress on: 5.43kit/10.0kit rate:2.2s/it remaining:2:48:58 elapsed:3:39:13 postfix:- (276263:tqdm_logging.py:145)
04:10:04.262 [I] Progress on: 5.44kit/10.0kit rate:2.2s/it remaining:2:48:58 elapsed:3:39:24 postfix:- (276263:tqdm_logging.py:145)
04:10:15.395 [I] Progress on: 5.45kit/10.0kit rate:2.2s/it remaining:2:49:00 elapsed:3:39:35 postfix:- (276263:tqdm_logging.py:145)
04:10:26.515 [I] Progress on: 5.45kit/10.0kit rate:2.2s/it remaining:2:48:37 elapsed:3:39:46 postfix:- (276263:tqdm_logging.py:145)
04:10:37.703 [I] Progress on: 5.46kit/10.0kit rate:2.2s/it remaining:2:48:03 elapsed:3:39:58 postfix:- (276263:tqdm_logging.py:145)
04:10:48.830 [I] Progress on: 5.46kit/10.0kit rate:2.2s/it remaining:2:48:23 elapsed:3:40:09 postfix:- (276263:tqdm_logging.py:145)
04:10:59.954 [I] Progress on: 5.46kit/10.0kit rate:2.2s/it remaining:2:48:12 elapsed:3:40:20 postfix:- (276263:tqdm_logging.py:145)
04:11:11.080 [I] Progress on: 5.47kit/10.0kit rate:2.2s/it remaining:2:47:59 elapsed:3:40:31 postfix:- (276263:tqdm_logging.py:145)
04:11:22.200 [I] Progress on: 5.47kit/10.0kit rate:2.2s/it remaining:2:47:35 elapsed:3:40:42 postfix:- (276263:tqdm_logging.py:145)
04:11:33.403 [I] Progress on: 5.48kit/10.0kit rate:2.2s/it remaining:2:47:07 elapsed:3:40:53 postfix:- (276263:tqdm_logging.py:145)
04:11:44.533 [I] Progress on: 5.49kit/10.0kit rate:2.2s/it remaining:2:47:16 elapsed:3:41:04 postfix:- (276263:tqdm_logging.py:145)
04:11:55.650 [I] Progress on: 5.49kit/10.0kit rate:2.2s/it remaining:2:46:50 elapsed:3:41:16 postfix:- (276263:tqdm_logging.py:145)
04:12:06.787 [I] Progress on: 5.50kit/10.0kit rate:2.2s/it remaining:2:47:12 elapsed:3:41:27 postfix:- (276263:tqdm_logging.py:145)
04:12:17.902 [I] Progress on: 5.50kit/10.0kit rate:2.2s/it remaining:2:46:46 elapsed:3:41:38 postfix:- (276263:tqdm_logging.py:145)
04:12:29.102 [I] Progress on: 5.50kit/10.0kit rate:2.2s/it remaining:2:46:26 elapsed:3:41:49 postfix:- (276263:tqdm_logging.py:145)
04:12:40.214 [I] Progress on: 5.51kit/10.0kit rate:2.2s/it remaining:2:46:20 elapsed:3:42:00 postfix:- (276263:tqdm_logging.py:145)
04:12:51.342 [I] Progress on: 5.51kit/10.0kit rate:2.2s/it remaining:2:46:21 elapsed:3:42:11 postfix:- (276263:tqdm_logging.py:145)
04:13:02.474 [I] Progress on: 5.52kit/10.0kit rate:2.2s/it remaining:2:46:14 elapsed:3:42:22 postfix:- (276263:tqdm_logging.py:145)
04:13:13.610 [I] Progress on: 5.53kit/10.0kit rate:2.2s/it remaining:2:46:16 elapsed:3:42:34 postfix:- (276263:tqdm_logging.py:145)
04:13:24.779 [I] Progress on: 5.53kit/10.0kit rate:2.2s/it remaining:2:45:17 elapsed:3:42:45 postfix:- (276263:tqdm_logging.py:145)
04:13:35.907 [I] Progress on: 5.54kit/10.0kit rate:2.2s/it remaining:2:45:22 elapsed:3:42:56 postfix:- (276263:tqdm_logging.py:145)
04:13:47.036 [I] Progress on: 5.54kit/10.0kit rate:2.2s/it remaining:2:45:26 elapsed:3:43:07 postfix:- (276263:tqdm_logging.py:145)
04:13:58.151 [I] Progress on: 5.54kit/10.0kit rate:2.2s/it remaining:2:45:03 elapsed:3:43:18 postfix:- (276263:tqdm_logging.py:145)
04:14:09.275 [I] Progress on: 5.55kit/10.0kit rate:2.2s/it remaining:2:44:59 elapsed:3:43:29 postfix:- (276263:tqdm_logging.py:145)
04:14:20.469 [I] Progress on: 5.55kit/10.0kit rate:2.2s/it remaining:2:44:33 elapsed:3:43:40 postfix:- (276263:tqdm_logging.py:145)
04:14:31.595 [I] Progress on: 5.56kit/10.0kit rate:2.2s/it remaining:2:44:43 elapsed:3:43:52 postfix:- (276263:tqdm_logging.py:145)
04:14:42.717 [I] Progress on: 5.57kit/10.0kit rate:2.2s/it remaining:2:44:25 elapsed:3:44:03 postfix:- (276263:tqdm_logging.py:145)
04:14:53.841 [I] Progress on: 5.57kit/10.0kit rate:2.2s/it remaining:2:44:16 elapsed:3:44:14 postfix:- (276263:tqdm_logging.py:145)
04:15:04.968 [I] Progress on: 5.58kit/10.0kit rate:2.2s/it remaining:2:44:05 elapsed:3:44:25 postfix:- (276263:tqdm_logging.py:145)
04:15:16.133 [I] Progress on: 5.58kit/10.0kit rate:2.2s/it remaining:2:43:16 elapsed:3:44:36 postfix:- (276263:tqdm_logging.py:145)
04:15:27.280 [I] Progress on: 5.58kit/10.0kit rate:2.2s/it remaining:2:43:34 elapsed:3:44:47 postfix:- (276263:tqdm_logging.py:145)
04:15:38.411 [I] Progress on: 5.59kit/10.0kit rate:2.2s/it remaining:2:43:47 elapsed:3:44:58 postfix:- (276263:tqdm_logging.py:145)
04:15:49.511 [I] Progress on: 5.59kit/10.0kit rate:2.2s/it remaining:2:43:12 elapsed:3:45:09 postfix:- (276263:tqdm_logging.py:145)
04:16:00.638 [I] Progress on: 5.60kit/10.0kit rate:2.2s/it remaining:2:43:04 elapsed:3:45:21 postfix:- (276263:tqdm_logging.py:145)
04:16:11.831 [I] Progress on: 5.61kit/10.0kit rate:2.2s/it remaining:2:42:36 elapsed:3:45:32 postfix:- (276263:tqdm_logging.py:145)
04:16:23.156 [I] Progress on: 5.61kit/10.0kit rate:2.3s/it remaining:2:46:47 elapsed:3:45:43 postfix:- (276263:tqdm_logging.py:145)
04:16:34.293 [I] Progress on: 5.62kit/10.0kit rate:2.2s/it remaining:2:43:32 elapsed:3:45:54 postfix:- (276263:tqdm_logging.py:145)
04:16:45.399 [I] Progress on: 5.62kit/10.0kit rate:2.2s/it remaining:2:42:30 elapsed:3:46:05 postfix:- (276263:tqdm_logging.py:145)
04:16:56.530 [I] Progress on: 5.62kit/10.0kit rate:2.2s/it remaining:2:42:23 elapsed:3:46:16 postfix:- (276263:tqdm_logging.py:145)
04:17:07.705 [I] Progress on: 5.63kit/10.0kit rate:2.2s/it remaining:2:41:42 elapsed:3:46:28 postfix:- (276263:tqdm_logging.py:145)
04:17:18.824 [I] Progress on: 5.63kit/10.0kit rate:2.2s/it remaining:2:41:36 elapsed:3:46:39 postfix:- (276263:tqdm_logging.py:145)
04:17:29.946 [I] Progress on: 5.64kit/10.0kit rate:2.2s/it remaining:2:41:29 elapsed:3:46:50 postfix:- (276263:tqdm_logging.py:145)
04:17:41.076 [I] Progress on: 5.64kit/10.0kit rate:2.2s/it remaining:2:41:32 elapsed:3:47:01 postfix:- (276263:tqdm_logging.py:145)
04:17:52.199 [I] Progress on: 5.65kit/10.0kit rate:2.2s/it remaining:2:41:15 elapsed:3:47:12 postfix:- (276263:tqdm_logging.py:145)
04:18:03.387 [I] Progress on: 5.66kit/10.0kit rate:2.2s/it remaining:2:40:41 elapsed:3:47:23 postfix:- (276263:tqdm_logging.py:145)
04:18:14.507 [I] Progress on: 5.66kit/10.0kit rate:2.2s/it remaining:2:40:42 elapsed:3:47:34 postfix:- (276263:tqdm_logging.py:145)
04:18:25.638 [I] Progress on: 5.67kit/10.0kit rate:2.2s/it remaining:2:40:39 elapsed:3:47:46 postfix:- (276263:tqdm_logging.py:145)
04:18:36.765 [I] Progress on: 5.67kit/10.0kit rate:2.2s/it remaining:2:40:34 elapsed:3:47:57 postfix:- (276263:tqdm_logging.py:145)
04:18:47.884 [I] Progress on: 5.67kit/10.0kit rate:2.2s/it remaining:2:40:17 elapsed:3:48:08 postfix:- (276263:tqdm_logging.py:145)
04:18:59.082 [I] Progress on: 5.68kit/10.0kit rate:2.2s/it remaining:2:39:54 elapsed:3:48:19 postfix:- (276263:tqdm_logging.py:145)
04:19:10.202 [I] Progress on: 5.68kit/10.0kit rate:2.2s/it remaining:2:39:55 elapsed:3:48:30 postfix:- (276263:tqdm_logging.py:145)
04:19:21.328 [I] Progress on: 5.69kit/10.0kit rate:2.2s/it remaining:2:39:52 elapsed:3:48:41 postfix:- (276263:tqdm_logging.py:145)
04:19:32.441 [I] Progress on: 5.70kit/10.0kit rate:2.2s/it remaining:2:39:24 elapsed:3:48:52 postfix:- (276263:tqdm_logging.py:145)
04:19:43.569 [I] Progress on: 5.70kit/10.0kit rate:2.2s/it remaining:2:39:19 elapsed:3:49:04 postfix:- (276263:tqdm_logging.py:145)
04:19:54.772 [I] Progress on: 5.71kit/10.0kit rate:2.2s/it remaining:2:39:07 elapsed:3:49:15 postfix:- (276263:tqdm_logging.py:145)
04:20:05.883 [I] Progress on: 5.71kit/10.0kit rate:2.2s/it remaining:2:39:00 elapsed:3:49:26 postfix:- (276263:tqdm_logging.py:145)
04:20:17.012 [I] Progress on: 5.71kit/10.0kit rate:2.2s/it remaining:2:38:58 elapsed:3:49:37 postfix:- (276263:tqdm_logging.py:145)
04:20:28.130 [I] Progress on: 5.72kit/10.0kit rate:2.2s/it remaining:2:38:43 elapsed:3:49:48 postfix:- (276263:tqdm_logging.py:145)
04:20:39.249 [I] Progress on: 5.72kit/10.0kit rate:2.2s/it remaining:2:38:24 elapsed:3:49:59 postfix:- (276263:tqdm_logging.py:145)
04:20:50.436 [I] Progress on: 5.73kit/10.0kit rate:2.2s/it remaining:2:37:50 elapsed:3:50:10 postfix:- (276263:tqdm_logging.py:145)
04:21:01.565 [I] Progress on: 5.74kit/10.0kit rate:2.2s/it remaining:2:38:06 elapsed:3:50:22 postfix:- (276263:tqdm_logging.py:145)
04:21:12.698 [I] Progress on: 5.74kit/10.0kit rate:2.2s/it remaining:2:38:09 elapsed:3:50:33 postfix:- (276263:tqdm_logging.py:145)
04:21:23.809 [I] Progress on: 5.75kit/10.0kit rate:2.2s/it remaining:2:37:36 elapsed:3:50:44 postfix:- (276263:tqdm_logging.py:145)
04:21:34.938 [I] Progress on: 5.75kit/10.0kit rate:2.2s/it remaining:2:37:35 elapsed:3:50:55 postfix:- (276263:tqdm_logging.py:145)
04:21:46.129 [I] Progress on: 5.75kit/10.0kit rate:2.2s/it remaining:2:37:08 elapsed:3:51:06 postfix:- (276263:tqdm_logging.py:145)
04:21:57.270 [I] Progress on: 5.76kit/10.0kit rate:2.2s/it remaining:2:37:39 elapsed:3:51:17 postfix:- (276263:tqdm_logging.py:145)
04:22:08.370 [I] Progress on: 5.76kit/10.0kit rate:2.2s/it remaining:2:36:58 elapsed:3:51:28 postfix:- (276263:tqdm_logging.py:145)
04:22:19.511 [I] Progress on: 5.77kit/10.0kit rate:2.2s/it remaining:2:37:05 elapsed:3:51:39 postfix:- (276263:tqdm_logging.py:145)
04:22:30.621 [I] Progress on: 5.78kit/10.0kit rate:2.2s/it remaining:2:36:34 elapsed:3:51:51 postfix:- (276263:tqdm_logging.py:145)
04:22:41.784 [I] Progress on: 5.78kit/10.0kit rate:2.2s/it remaining:2:35:55 elapsed:3:52:02 postfix:- (276263:tqdm_logging.py:145)
04:22:52.908 [I] Progress on: 5.79kit/10.0kit rate:2.2s/it remaining:2:36:04 elapsed:3:52:13 postfix:- (276263:tqdm_logging.py:145)
04:23:04.041 [I] Progress on: 5.79kit/10.0kit rate:2.2s/it remaining:2:36:14 elapsed:3:52:24 postfix:- (276263:tqdm_logging.py:145)
04:23:15.154 [I] Progress on: 5.79kit/10.0kit rate:2.2s/it remaining:2:35:49 elapsed:3:52:35 postfix:- (276263:tqdm_logging.py:145)
04:23:26.286 [I] Progress on: 5.80kit/10.0kit rate:2.2s/it remaining:2:35:47 elapsed:3:52:46 postfix:- (276263:tqdm_logging.py:145)
04:23:37.466 [I] Progress on: 5.80kit/10.0kit rate:2.2s/it remaining:2:35:14 elapsed:3:52:57 postfix:- (276263:tqdm_logging.py:145)
04:23:48.584 [I] Progress on: 5.81kit/10.0kit rate:2.2s/it remaining:2:35:14 elapsed:3:53:09 postfix:- (276263:tqdm_logging.py:145)
04:23:59.714 [I] Progress on: 5.82kit/10.0kit rate:2.2s/it remaining:2:35:14 elapsed:3:53:20 postfix:- (276263:tqdm_logging.py:145)
04:24:10.829 [I] Progress on: 5.82kit/10.0kit rate:2.2s/it remaining:2:34:51 elapsed:3:53:31 postfix:- (276263:tqdm_logging.py:145)
04:24:21.971 [I] Progress on: 5.83kit/10.0kit rate:2.2s/it remaining:2:34:56 elapsed:3:53:42 postfix:- (276263:tqdm_logging.py:145)
04:24:33.125 [I] Progress on: 5.83kit/10.0kit rate:2.2s/it remaining:2:33:58 elapsed:3:53:53 postfix:- (276263:tqdm_logging.py:145)
04:24:44.250 [I] Progress on: 5.83kit/10.0kit rate:2.2s/it remaining:2:34:18 elapsed:3:54:04 postfix:- (276263:tqdm_logging.py:145)
04:24:55.370 [I] Progress on: 5.84kit/10.0kit rate:2.2s/it remaining:2:34:06 elapsed:3:54:15 postfix:- (276263:tqdm_logging.py:145)
04:25:06.498 [I] Progress on: 5.84kit/10.0kit rate:2.2s/it remaining:2:34:04 elapsed:3:54:26 postfix:- (276263:tqdm_logging.py:145)
04:25:17.623 [I] Progress on: 5.85kit/10.0kit rate:2.2s/it remaining:2:33:46 elapsed:3:54:38 postfix:- (276263:tqdm_logging.py:145)
04:25:28.804 [I] Progress on: 5.86kit/10.0kit rate:2.2s/it remaining:2:33:21 elapsed:3:54:49 postfix:- (276263:tqdm_logging.py:145)
04:25:39.922 [I] Progress on: 5.86kit/10.0kit rate:2.2s/it remaining:2:33:27 elapsed:3:55:00 postfix:- (276263:tqdm_logging.py:145)
04:25:51.037 [I] Progress on: 5.87kit/10.0kit rate:2.2s/it remaining:2:33:12 elapsed:3:55:11 postfix:- (276263:tqdm_logging.py:145)
04:26:02.174 [I] Progress on: 5.87kit/10.0kit rate:2.2s/it remaining:2:33:17 elapsed:3:55:22 postfix:- (276263:tqdm_logging.py:145)
04:26:13.290 [I] Progress on: 5.88kit/10.0kit rate:2.2s/it remaining:2:32:57 elapsed:3:55:33 postfix:- (276263:tqdm_logging.py:145)
04:26:24.444 [I] Progress on: 5.88kit/10.0kit rate:2.2s/it remaining:2:32:10 elapsed:3:55:44 postfix:- (276263:tqdm_logging.py:145)
04:26:35.573 [I] Progress on: 5.88kit/10.0kit rate:2.2s/it remaining:2:32:33 elapsed:3:55:56 postfix:- (276263:tqdm_logging.py:145)
04:26:46.691 [I] Progress on: 5.89kit/10.0kit rate:2.2s/it remaining:2:32:18 elapsed:3:56:07 postfix:- (276263:tqdm_logging.py:145)
04:26:57.811 [I] Progress on: 5.89kit/10.0kit rate:2.2s/it remaining:2:32:02 elapsed:3:56:18 postfix:- (276263:tqdm_logging.py:145)
04:27:08.942 [I] Progress on: 5.90kit/10.0kit rate:2.2s/it remaining:2:31:58 elapsed:3:56:29 postfix:- (276263:tqdm_logging.py:145)
04:27:20.100 [I] Progress on: 5.91kit/10.0kit rate:2.2s/it remaining:2:31:17 elapsed:3:56:40 postfix:- (276263:tqdm_logging.py:145)
04:27:31.216 [I] Progress on: 5.91kit/10.0kit rate:2.2s/it remaining:2:31:20 elapsed:3:56:51 postfix:- (276263:tqdm_logging.py:145)
04:27:42.355 [I] Progress on: 5.92kit/10.0kit rate:2.2s/it remaining:2:31:31 elapsed:3:57:02 postfix:- (276263:tqdm_logging.py:145)
04:27:53.495 [I] Progress on: 5.92kit/10.0kit rate:2.2s/it remaining:2:31:37 elapsed:3:57:13 postfix:- (276263:tqdm_logging.py:145)
04:28:04.589 [I] Progress on: 5.92kit/10.0kit rate:2.2s/it remaining:2:30:57 elapsed:3:57:25 postfix:- (276263:tqdm_logging.py:145)
04:28:15.763 [I] Progress on: 5.93kit/10.0kit rate:2.2s/it remaining:2:30:22 elapsed:3:57:36 postfix:- (276263:tqdm_logging.py:145)
04:28:26.883 [I] Progress on: 5.93kit/10.0kit rate:2.2s/it remaining:2:30:32 elapsed:3:57:47 postfix:- (276263:tqdm_logging.py:145)
04:28:38.019 [I] Progress on: 5.94kit/10.0kit rate:2.2s/it remaining:2:30:44 elapsed:3:57:58 postfix:- (276263:tqdm_logging.py:145)
04:28:49.125 [I] Progress on: 5.95kit/10.0kit rate:2.2s/it remaining:2:30:15 elapsed:3:58:09 postfix:- (276263:tqdm_logging.py:145)
04:29:00.250 [I] Progress on: 5.95kit/10.0kit rate:2.2s/it remaining:2:30:07 elapsed:3:58:20 postfix:- (276263:tqdm_logging.py:145)
04:29:11.418 [I] Progress on: 5.96kit/10.0kit rate:2.2s/it remaining:2:29:35 elapsed:3:58:31 postfix:- (276263:tqdm_logging.py:145)
04:29:22.540 [I] Progress on: 5.96kit/10.0kit rate:2.2s/it remaining:2:29:45 elapsed:3:58:43 postfix:- (276263:tqdm_logging.py:145)
04:29:33.660 [I] Progress on: 5.96kit/10.0kit rate:2.2s/it remaining:2:29:35 elapsed:3:58:54 postfix:- (276263:tqdm_logging.py:145)
04:29:44.776 [I] Progress on: 5.97kit/10.0kit rate:2.2s/it remaining:2:29:16 elapsed:3:59:05 postfix:- (276263:tqdm_logging.py:145)
04:29:55.899 [I] Progress on: 5.97kit/10.0kit rate:2.2s/it remaining:2:29:11 elapsed:3:59:16 postfix:- (276263:tqdm_logging.py:145)
04:30:07.064 [I] Progress on: 5.98kit/10.0kit rate:2.2s/it remaining:2:28:36 elapsed:3:59:27 postfix:- (276263:tqdm_logging.py:145)
04:30:18.190 [I] Progress on: 5.99kit/10.0kit rate:2.2s/it remaining:2:28:49 elapsed:3:59:38 postfix:- (276263:tqdm_logging.py:145)
04:30:29.326 [I] Progress on: 5.99kit/10.0kit rate:2.2s/it remaining:2:29:00 elapsed:3:59:49 postfix:- (276263:tqdm_logging.py:145)
04:30:40.423 [I] Progress on: 6.00kit/10.0kit rate:2.2s/it remaining:2:28:17 elapsed:4:00:00 postfix:- (276263:tqdm_logging.py:145)
04:30:51.559 [I] Progress on: 6.00kit/10.0kit rate:2.2s/it remaining:2:28:25 elapsed:4:00:12 postfix:- (276263:tqdm_logging.py:145)
04:30:54.135 [I] [process=0][thread=MainThread][wait_until_finished] Initiating wait for Save Finalize thread. (276263:checkpoint_manager.py:1759)
04:30:54.135 [I] [process=0][thread=MainThread][step=5000][wait_until_finished] Waiting for Save Finalize thread (save_finalize) to complete. (276263:checkpoint_manager.py:1777)
04:30:54.135 [I] [process=0][thread=MainThread][step=5000][wait_until_finished] Done waiting for Save Finalize thread (save_finalize) running at step=5000. (276263:checkpoint_manager.py:1786)
04:30:54.135 [I] [process=0][thread=MainThread][step=5000][wait_until_finished] Resetting Save Finalize thread (save_finalize) running at step=5000, also errors if any. (276263:checkpoint_manager.py:1817)
04:30:54.135 [I] [process=0] Saving checkpoint at step 6000                                       (276263:checkpoint_manager.py:1286)
04:30:54.136 [I] [process=0] Started async saving checkpoint to /shared/.cache/retain/checkpoints/retain_repro_pretrain/paper_final_hparams/6000. (276263:async_checkpointer.py:358)
04:30:54.137 [I] [process=0][thread=MainThread] Skipping global process sync, barrier name: create_tmp_directory:pre (276263:multihost.py:293)
04:30:54.137 [I] Creating tmp directory /shared/.cache/retain/checkpoints/retain_repro_pretrain/paper_final_hparams/6000.orbax-checkpoint-tmp-20 (276263:atomicity.py:144)
04:30:54.138 [I] [process=0][thread=MainThread] Skipping global process sync, barrier name: create_tmp_directory:post (276263:multihost.py:293)
04:30:54.138 [I] [process=0][thread=MainThread] Skipping global process sync, barrier name: create_tmp_directory:pre (276263:multihost.py:293)
04:30:54.140 [I] Creating tmp directory /shared/.cache/retain/checkpoints/retain_repro_pretrain/paper_final_hparams/6000.orbax-checkpoint-tmp-20/assets.orbax-checkpoint-tmp-21 (276263:atomicity.py:144)
04:30:54.140 [I] Creating tmp directory /shared/.cache/retain/checkpoints/retain_repro_pretrain/paper_final_hparams/6000.orbax-checkpoint-tmp-20/params.orbax-checkpoint-tmp-22 (276263:atomicity.py:144)
04:30:54.141 [I] Creating tmp directory /shared/.cache/retain/checkpoints/retain_repro_pretrain/paper_final_hparams/6000.orbax-checkpoint-tmp-20/train_state.orbax-checkpoint-tmp-23 (276263:atomicity.py:144)
04:30:54.143 [I] [process=0][thread=MainThread] Skipping global process sync, barrier name: create_tmp_directory:post (276263:multihost.py:293)
04:30:54.166 [I] Transferring arrays to host memory with options: use_replica_parallel=False, enable_pinned_host_transfer=False (276263:replica_slices.py:419)
04:31:56.589 [I] Transferring arrays to host memory with options: use_replica_parallel=False, enable_pinned_host_transfer=False (276263:replica_slices.py:419)
04:31:56.601 [I] Array name: 'params.PaliGemma.llm.layers.mlp.gating_einsum.value', global shape: (18, 2, 2048, 16384), write shape: (18, 2, 2048, 16384), chosen chunk shape: (18, 2, 2048, 4096) (276263:tensorstore_utils.py:371)
04:31:56.603 [I] Array name: 'params.PaliGemma.llm.layers.mlp.linear.value', global shape: (18, 16384, 2048), write shape: (18, 16384, 2048), chosen chunk shape: (18, 8192, 2048) (276263:tensorstore_utils.py:371)
04:36:14.405 [I] [process=0] /jax/checkpoint/write/blocking_bytes_per_sec: 38.6 MiB/s (total bytes: 12.1 GiB) (time elapsed: 5 minutes) (per-host) (276263:base_pytree_checkpoint_handler.py:113)
04:36:14.407 [I] Array name: 'params.PaliGemma.llm.layers.mlp.gating_einsum.value', global shape: (18, 2, 2048, 16384), write shape: (18, 2, 2048, 16384), chosen chunk shape: (18, 2, 2048, 4096) (276263:tensorstore_utils.py:371)
04:36:14.408 [I] Array name: 'params.PaliGemma.llm.layers.mlp.linear.value', global shape: (18, 16384, 2048), write shape: (18, 16384, 2048), chosen chunk shape: (18, 8192, 2048) (276263:tensorstore_utils.py:371)
04:36:14.409 [I] Array name: 'opt_state.1.0.mu.PaliGemma.llm.layers.mlp.gating_einsum.value', global shape: (18, 2, 2048, 16384), write shape: (18, 2, 2048, 16384), chosen chunk shape: (18, 2, 2048, 4096) (276263:tensorstore_utils.py:371)
04:36:14.409 [I] Array name: 'opt_state.1.0.mu.PaliGemma.llm.layers.mlp.linear.value', global shape: (18, 16384, 2048), write shape: (18, 16384, 2048), chosen chunk shape: (18, 8192, 2048) (276263:tensorstore_utils.py:371)
04:36:14.409 [I] [process=0] /jax/checkpoint/write/blocking_bytes_per_sec: 115.7 MiB/s (total bytes: 36.2 GiB) (time elapsed: 5 minutes) (per-host) (276263:base_pytree_checkpoint_handler.py:113)
04:36:14.410 [I] Array name: 'opt_state.1.0.nu.PaliGemma.llm.layers.mlp.gating_einsum.value', global shape: (18, 2, 2048, 16384), write shape: (18, 2, 2048, 16384), chosen chunk shape: (18, 2, 2048, 4096) (276263:tensorstore_utils.py:371)
04:36:14.412 [I] [process=0][thread=async_save] Background save thread started.                   (276263:async_checkpointer.py:121)
04:36:14.413 [I] Array name: 'opt_state.1.0.nu.PaliGemma.llm.layers.mlp.linear.value', global shape: (18, 16384, 2048), write shape: (18, 16384, 2048), chosen chunk shape: (18, 8192, 2048) (276263:tensorstore_utils.py:371)
04:36:14.420 [I] Deleting Checkpoint[step=5000 | time=2026-08-20 03:53:44.471112+00:00 | is_locked=None]: (Reason: old checkpoint). (276263:checkpoint_manager.py:1748)
04:36:14.421 [I] [process=0][thread=MainThread] Skipping global process sync, barrier name: CheckpointManager:old_steps_to_remove (276263:multihost.py:293)
04:36:14.421 [I] [process=0][thread=MainThread][step=6000] Starting CheckpointManager Save Finalize thread=save_finalize (276263:checkpoint_manager.py:1328)
04:36:14.422 [I] [process=0][thread=save_finalize] Waiting for background save thread=async_save. (276263:async_checkpointer.py:231)
04:36:14.422 [I] {'step': 6000, 'event_type': 'save', 'directory': '/shared/.cache/retain/checkpoints/retain_repro_pretrain/paper_final_hparams', 'reached_preemption': False, 'preemption_received_at': None, 'synchronous': False, 'wait_for_prev_start_time': 1787200254.1352513, 'wait_for_prev_duration_secs': 0.00026035308837890625, 'checkpointer_blocking_start_time': 1787200254.1358757, 'checkpointer_blocking_duration_secs': 320.2846086025238, 'get_old_steps_start_time': 1787200574.4205256, 'get_old_steps_duration_secs': 0.00044918060302734375, 'checkpoint_manager_blocking_start_time': 1787200254.1351075, 'checkpoint_manager_blocking_duration_secs': 320.2873134613037} (276263:standard_logger.py:34)
04:36:14.423 [I] Progress on: 6.00kit/10.0kit rate:98.4s/it remaining:109:19:31 elapsed:4:05:34 postfix:- (276263:tqdm_logging.py:145)
04:36:14.445 [I] ChainedFuture completed 1/1 futures in 0.03 seconds.                             (276263:future.py:137)
04:36:14.546 [I] [process=0] /jax/checkpoint/write/bytes_per_sec: 38.6 MiB/s (total bytes: 12.1 GiB) (time elapsed: 5 minutes) (per-host) (276263:base_pytree_checkpoint_handler.py:113)
04:36:25.728 [I] Progress on: 6.00kit/10.0kit rate:25.6s/it remaining:28:21:29 elapsed:4:05:46 postfix:- (276263:tqdm_logging.py:145)
04:36:36.861 [I] Progress on: 6.01kit/10.0kit rate:6.1s/it remaining:6:48:00 elapsed:4:05:57 postfix:- (276263:tqdm_logging.py:145)
04:36:47.981 [I] Progress on: 6.01kit/10.0kit rate:2.9s/it remaining:3:11:23 elapsed:4:06:08 postfix:- (276263:tqdm_logging.py:145)
04:36:59.113 [I] Progress on: 6.02kit/10.0kit rate:2.3s/it remaining:2:35:06 elapsed:4:06:19 postfix:- (276263:tqdm_logging.py:145)
04:37:08.667 [I] ChainedFuture completed 1/1 futures in 54.12 seconds.                            (276263:future.py:137)
04:37:08.667 [I] [process=0] /jax/checkpoint/write/bytes_per_sec: 98.9 MiB/s (total bytes: 36.2 GiB) (time elapsed: 6 minutes) (per-host) (276263:base_pytree_checkpoint_handler.py:113)
04:37:08.667 [I] [process=0][thread=async_save] 3 Handler Commit operations completed.            (276263:async_checkpointer.py:131)
04:37:08.672 [I] [process=0][thread=async_save] Async Save Callback [1/3]: Finalizing Handler: <orbax.checkpoint._src.handlers.composite_checkpoint_handler.CompositeCheckpointHandler object at 0x7437d9693f90> on /shared/.cache/retain/checkpoints/retain_repro_pretrain/paper_final_hparams/6000.orbax-checkpoint-tmp-20 (276263:async_checkpointer.py:406)
04:37:08.673 [I] Renaming /shared/.cache/retain/checkpoints/retain_repro_pretrain/paper_final_hparams/6000.orbax-checkpoint-tmp-20/assets.orbax-checkpoint-tmp-21 to /shared/.cache/retain/checkpoints/retain_repro_pretrain/paper_final_hparams/6000.orbax-checkpoint-tmp-20/assets (276263:atomicity.py:287)
04:37:08.691 [I] Renaming /shared/.cache/retain/checkpoints/retain_repro_pretrain/paper_final_hparams/6000.orbax-checkpoint-tmp-20/train_state.orbax-checkpoint-tmp-23 to /shared/.cache/retain/checkpoints/retain_repro_pretrain/paper_final_hparams/6000.orbax-checkpoint-tmp-20/train_state (276263:atomicity.py:287)
04:37:08.702 [I] Renaming /shared/.cache/retain/checkpoints/retain_repro_pretrain/paper_final_hparams/6000.orbax-checkpoint-tmp-20/params.orbax-checkpoint-tmp-22 to /shared/.cache/retain/checkpoints/retain_repro_pretrain/paper_final_hparams/6000.orbax-checkpoint-tmp-20/params (276263:atomicity.py:287)
04:37:08.702 [I] [process=0][thread=async_save] Async Save Callback [2/3]: Running post_finalization_callback: None on /shared/.cache/retain/checkpoints/retain_repro_pretrain/paper_final_hparams/6000 (276263:async_checkpointer.py:416)
04:37:08.702 [I] [process=0][thread=async_save] Async Save Callback [3/3]: Finalizing checkpoint directory: /shared/.cache/retain/checkpoints/retain_repro_pretrain/paper_final_hparams/6000.orbax-checkpoint-tmp-20 (276263:async_checkpointer.py:426)
04:37:08.702 [I] Renaming /shared/.cache/retain/checkpoints/retain_repro_pretrain/paper_final_hparams/6000.orbax-checkpoint-tmp-20 to /shared/.cache/retain/checkpoints/retain_repro_pretrain/paper_final_hparams/6000 (276263:atomicity.py:287)
04:37:08.704 [I] [process=0][thread=async_save] Finished saving checkpoint (finalized tmp dir) to `/shared/.cache/retain/checkpoints/retain_repro_pretrain/paper_final_hparams/6000`. (276263:atomicity.py:548)
04:37:08.704 [I] [process=0][thread=async_save] Background save thread done.                      (276263:async_checkpointer.py:183)
04:37:08.704 [I] [process=0][thread=save_finalize] Done with waiting for background save thread=async_save. (276263:async_checkpointer.py:239)
04:37:08.704 [I] [process=0][thread=save_finalize] No errors found in background save thread=async_save. (276263:async_checkpointer.py:249)
04:37:10.636 [I] Progress on: 6.02kit/10.0kit rate:2.8s/it remaining:3:03:56 elapsed:4:06:31 postfix:- (276263:tqdm_logging.py:145)
04:37:11.184 [I] Deleted step 5000.                                                               (276263:deleter.py:114)
04:37:11.184 [I] [process=0][thread=save_finalize][step=6000] CheckpointManager Save Finalize is syncing with other hosts... (276263:checkpoint_manager.py:1890)
04:37:11.184 [I] [process=0][thread=save_finalize][step=6000] CheckpointManager Save Finalize is done on all hosts. (276263:checkpoint_manager.py:1905)
04:37:21.811 [I] Progress on: 6.03kit/10.0kit rate:2.3s/it remaining:2:32:41 elapsed:4:06:42 postfix:- (276263:tqdm_logging.py:145)
04:37:32.927 [I] Progress on: 6.03kit/10.0kit rate:2.2s/it remaining:2:27:55 elapsed:4:06:53 postfix:- (276263:tqdm_logging.py:145)
04:37:44.042 [I] Progress on: 6.04kit/10.0kit rate:2.2s/it remaining:2:26:56 elapsed:4:07:04 postfix:- (276263:tqdm_logging.py:145)
04:37:55.162 [I] Progress on: 6.04kit/10.0kit rate:2.2s/it remaining:2:26:41 elapsed:4:07:15 postfix:- (276263:tqdm_logging.py:145)
04:38:06.281 [I] Progress on: 6.05kit/10.0kit rate:2.2s/it remaining:2:26:30 elapsed:4:07:26 postfix:- (276263:tqdm_logging.py:145)
04:38:17.455 [I] Progress on: 6.05kit/10.0kit rate:2.2s/it remaining:2:25:35 elapsed:4:07:37 postfix:- (276263:tqdm_logging.py:145)
04:38:28.577 [I] Progress on: 6.06kit/10.0kit rate:2.2s/it remaining:2:25:58 elapsed:4:07:49 postfix:- (276263:tqdm_logging.py:145)
04:38:39.695 [I] Progress on: 6.06kit/10.0kit rate:2.2s/it remaining:2:25:50 elapsed:4:08:00 postfix:- (276263:tqdm_logging.py:145)
04:38:50.813 [I] Progress on: 6.07kit/10.0kit rate:2.2s/it remaining:2:25:42 elapsed:4:08:11 postfix:- (276263:tqdm_logging.py:145)
04:39:01.934 [I] Progress on: 6.07kit/10.0kit rate:2.2s/it remaining:2:25:30 elapsed:4:08:22 postfix:- (276263:tqdm_logging.py:145)
04:39:13.136 [I] Progress on: 6.08kit/10.0kit rate:2.2s/it remaining:2:24:55 elapsed:4:08:33 postfix:- (276263:tqdm_logging.py:145)
04:39:24.259 [I] Progress on: 6.08kit/10.0kit rate:2.2s/it remaining:2:25:00 elapsed:4:08:44 postfix:- (276263:tqdm_logging.py:145)
04:39:35.384 [I] Progress on: 6.09kit/10.0kit rate:2.2s/it remaining:2:24:55 elapsed:4:08:55 postfix:- (276263:tqdm_logging.py:145)
04:39:46.501 [I] Progress on: 6.09kit/10.0kit rate:2.2s/it remaining:2:24:40 elapsed:4:09:06 postfix:- (276263:tqdm_logging.py:145)
04:39:57.631 [I] Progress on: 6.10kit/10.0kit rate:2.2s/it remaining:2:24:40 elapsed:4:09:18 postfix:- (276263:tqdm_logging.py:145)
04:40:08.829 [I] Progress on: 6.10kit/10.0kit rate:2.2s/it remaining:2:23:59 elapsed:4:09:29 postfix:- (276263:tqdm_logging.py:145)
04:40:19.956 [I] Progress on: 6.11kit/10.0kit rate:2.2s/it remaining:2:24:11 elapsed:4:09:40 postfix:- (276263:tqdm_logging.py:145)
04:40:31.075 [I] Progress on: 6.11kit/10.0kit rate:2.2s/it remaining:2:23:59 elapsed:4:09:51 postfix:- (276263:tqdm_logging.py:145)
04:40:42.199 [I] Progress on: 6.12kit/10.0kit rate:2.2s/it remaining:2:23:51 elapsed:4:10:02 postfix:- (276263:tqdm_logging.py:145)
04:40:53.317 [I] Progress on: 6.12kit/10.0kit rate:2.2s/it remaining:2:23:41 elapsed:4:10:13 postfix:- (276263:tqdm_logging.py:145)
04:41:04.506 [I] Progress on: 6.13kit/10.0kit rate:2.2s/it remaining:2:23:07 elapsed:4:10:24 postfix:- (276263:tqdm_logging.py:145)
04:41:15.623 [I] Progress on: 6.13kit/10.0kit rate:2.2s/it remaining:2:23:13 elapsed:4:10:36 postfix:- (276263:tqdm_logging.py:145)
04:41:26.739 [I] Progress on: 6.14kit/10.0kit rate:2.2s/it remaining:2:23:01 elapsed:4:10:47 postfix:- (276263:tqdm_logging.py:145)
04:41:37.861 [I] Progress on: 6.14kit/10.0kit rate:2.2s/it remaining:2:22:53 elapsed:4:10:58 postfix:- (276263:tqdm_logging.py:145)
04:41:48.984 [I] Progress on: 6.15kit/10.0kit rate:2.2s/it remaining:2:22:45 elapsed:4:11:09 postfix:- (276263:tqdm_logging.py:145)
04:42:00.157 [I] Progress on: 6.15kit/10.0kit rate:2.2s/it remaining:2:21:59 elapsed:4:11:20 postfix:- (276263:tqdm_logging.py:145)
04:42:11.281 [I] Progress on: 6.16kit/10.0kit rate:2.2s/it remaining:2:22:16 elapsed:4:11:31 postfix:- (276263:tqdm_logging.py:145)
04:42:22.405 [I] Progress on: 6.16kit/10.0kit rate:2.2s/it remaining:2:22:11 elapsed:4:11:42 postfix:- (276263:tqdm_logging.py:145)
04:42:33.524 [I] Progress on: 6.17kit/10.0kit rate:2.2s/it remaining:2:21:59 elapsed:4:11:53 postfix:- (276263:tqdm_logging.py:145)
04:42:44.649 [I] Progress on: 6.17kit/10.0kit rate:2.2s/it remaining:2:21:53 elapsed:4:12:05 postfix:- (276263:tqdm_logging.py:145)
04:42:55.827 [I] Progress on: 6.18kit/10.0kit rate:2.2s/it remaining:2:21:08 elapsed:4:12:16 postfix:- (276263:tqdm_logging.py:145)
04:43:06.950 [I] Progress on: 6.18kit/10.0kit rate:2.2s/it remaining:2:21:26 elapsed:4:12:27 postfix:- (276263:tqdm_logging.py:145)
04:43:18.065 [I] Progress on: 6.19kit/10.0kit rate:2.2s/it remaining:2:21:15 elapsed:4:12:38 postfix:- (276263:tqdm_logging.py:145)
04:43:29.192 [I] Progress on: 6.19kit/10.0kit rate:2.2s/it remaining:2:21:02 elapsed:4:12:49 postfix:- (276263:tqdm_logging.py:145)
04:43:40.319 [I] Progress on: 6.20kit/10.0kit rate:2.2s/it remaining:2:20:56 elapsed:4:13:00 postfix:- (276263:tqdm_logging.py:145)
04:43:51.507 [I] Progress on: 6.20kit/10.0kit rate:2.2s/it remaining:2:20:17 elapsed:4:13:11 postfix:- (276263:tqdm_logging.py:145)
04:44:02.628 [I] Progress on: 6.21kit/10.0kit rate:2.2s/it remaining:2:20:26 elapsed:4:13:23 postfix:- (276263:tqdm_logging.py:145)
04:44:13.758 [I] Progress on: 6.21kit/10.0kit rate:2.2s/it remaining:2:20:26 elapsed:4:13:34 postfix:- (276263:tqdm_logging.py:145)
04:44:24.874 [I] Progress on: 6.22kit/10.0kit rate:2.2s/it remaining:2:20:10 elapsed:4:13:45 postfix:- (276263:tqdm_logging.py:145)
04:44:35.994 [I] Progress on: 6.22kit/10.0kit rate:2.2s/it remaining:2:19:57 elapsed:4:13:56 postfix:- (276263:tqdm_logging.py:145)
04:44:47.190 [I] Progress on: 6.23kit/10.0kit rate:2.2s/it remaining:2:19:19 elapsed:4:14:07 postfix:- (276263:tqdm_logging.py:145)
04:44:58.316 [I] Progress on: 6.23kit/10.0kit rate:2.2s/it remaining:2:19:34 elapsed:4:14:18 postfix:- (276263:tqdm_logging.py:145)
04:45:09.441 [I] Progress on: 6.24kit/10.0kit rate:2.2s/it remaining:2:19:29 elapsed:4:14:29 postfix:- (276263:tqdm_logging.py:145)
04:45:20.569 [I] Progress on: 6.24kit/10.0kit rate:2.2s/it remaining:2:19:20 elapsed:4:14:41 postfix:- (276263:tqdm_logging.py:145)
04:45:31.681 [I] Progress on: 6.25kit/10.0kit rate:2.2s/it remaining:2:19:01 elapsed:4:14:52 postfix:- (276263:tqdm_logging.py:145)
04:45:42.869 [I] Progress on: 6.25kit/10.0kit rate:2.2s/it remaining:2:18:26 elapsed:4:15:03 postfix:- (276263:tqdm_logging.py:145)
04:45:53.989 [I] Progress on: 6.26kit/10.0kit rate:2.2s/it remaining:2:18:32 elapsed:4:15:14 postfix:- (276263:tqdm_logging.py:145)
04:46:05.111 [I] Progress on: 6.26kit/10.0kit rate:2.2s/it remaining:2:18:25 elapsed:4:15:25 postfix:- (276263:tqdm_logging.py:145)
04:46:16.546 [I] Progress on: 6.27kit/10.0kit rate:2.2s/it remaining:2:19:27 elapsed:4:15:37 postfix:- (276263:tqdm_logging.py:145)
04:46:27.656 [I] Progress on: 6.27kit/10.0kit rate:2.2s/it remaining:2:18:12 elapsed:4:15:48 postfix:- (276263:tqdm_logging.py:145)
04:46:38.855 [I] Progress on: 6.28kit/10.0kit rate:2.2s/it remaining:2:17:38 elapsed:4:15:59 postfix:- (276263:tqdm_logging.py:145)
04:46:49.975 [I] Progress on: 6.28kit/10.0kit rate:2.2s/it remaining:2:17:41 elapsed:4:16:10 postfix:- (276263:tqdm_logging.py:145)
04:47:01.093 [I] Progress on: 6.29kit/10.0kit rate:2.2s/it remaining:2:17:28 elapsed:4:16:21 postfix:- (276263:tqdm_logging.py:145)
04:47:12.217 [I] Progress on: 6.29kit/10.0kit rate:2.2s/it remaining:2:17:15 elapsed:4:16:32 postfix:- (276263:tqdm_logging.py:145)
04:47:23.347 [I] Progress on: 6.30kit/10.0kit rate:2.2s/it remaining:2:17:11 elapsed:4:16:43 postfix:- (276263:tqdm_logging.py:145)
04:47:34.553 [I] Progress on: 6.30kit/10.0kit rate:2.2s/it remaining:2:16:44 elapsed:4:16:55 postfix:- (276263:tqdm_logging.py:145)
04:47:45.673 [I] Progress on: 6.31kit/10.0kit rate:2.2s/it remaining:2:16:52 elapsed:4:17:06 postfix:- (276263:tqdm_logging.py:145)
04:47:56.799 [I] Progress on: 6.31kit/10.0kit rate:2.2s/it remaining:2:16:34 elapsed:4:17:17 postfix:- (276263:tqdm_logging.py:145)
04:48:07.918 [I] Progress on: 6.32kit/10.0kit rate:2.2s/it remaining:2:16:27 elapsed:4:17:28 postfix:- (276263:tqdm_logging.py:145)
04:48:19.042 [I] Progress on: 6.32kit/10.0kit rate:2.2s/it remaining:2:16:13 elapsed:4:17:39 postfix:- (276263:tqdm_logging.py:145)
04:48:30.233 [I] Progress on: 6.33kit/10.0kit rate:2.2s/it remaining:2:15:41 elapsed:4:17:50 postfix:- (276263:tqdm_logging.py:145)
04:48:41.357 [I] Progress on: 6.33kit/10.0kit rate:2.2s/it remaining:2:15:54 elapsed:4:18:01 postfix:- (276263:tqdm_logging.py:145)
04:48:52.476 [I] Progress on: 6.34kit/10.0kit rate:2.2s/it remaining:2:15:44 elapsed:4:18:12 postfix:- (276263:tqdm_logging.py:145)
04:49:03.596 [I] Progress on: 6.34kit/10.0kit rate:2.2s/it remaining:2:15:27 elapsed:4:18:24 postfix:- (276263:tqdm_logging.py:145)
04:49:14.721 [I] Progress on: 6.35kit/10.0kit rate:2.2s/it remaining:2:15:14 elapsed:4:18:35 postfix:- (276263:tqdm_logging.py:145)
04:49:25.915 [I] Progress on: 6.35kit/10.0kit rate:2.2s/it remaining:2:14:49 elapsed:4:18:46 postfix:- (276263:tqdm_logging.py:145)
04:49:37.034 [I] Progress on: 6.36kit/10.0kit rate:2.2s/it remaining:2:14:38 elapsed:4:18:57 postfix:- (276263:tqdm_logging.py:145)
04:49:48.158 [I] Progress on: 6.36kit/10.0kit rate:2.2s/it remaining:2:14:44 elapsed:4:19:08 postfix:- (276263:tqdm_logging.py:145)
04:49:59.273 [I] Progress on: 6.37kit/10.0kit rate:2.2s/it remaining:2:14:30 elapsed:4:19:19 postfix:- (276263:tqdm_logging.py:145)
04:50:10.394 [I] Progress on: 6.37kit/10.0kit rate:2.2s/it remaining:2:14:18 elapsed:4:19:30 postfix:- (276263:tqdm_logging.py:145)
04:50:21.584 [I] Progress on: 6.38kit/10.0kit rate:2.2s/it remaining:2:13:47 elapsed:4:19:42 postfix:- (276263:tqdm_logging.py:145)
04:50:32.708 [I] Progress on: 6.38kit/10.0kit rate:2.2s/it remaining:2:13:59 elapsed:4:19:53 postfix:- (276263:tqdm_logging.py:145)
04:50:43.828 [I] Progress on: 6.39kit/10.0kit rate:2.2s/it remaining:2:13:50 elapsed:4:20:04 postfix:- (276263:tqdm_logging.py:145)
04:50:54.950 [I] Progress on: 6.39kit/10.0kit rate:2.2s/it remaining:2:13:45 elapsed:4:20:15 postfix:- (276263:tqdm_logging.py:145)
04:51:06.066 [I] Progress on: 6.40kit/10.0kit rate:2.2s/it remaining:2:13:27 elapsed:4:20:26 postfix:- (276263:tqdm_logging.py:145)
04:51:17.247 [I] Progress on: 6.40kit/10.0kit rate:2.2s/it remaining:2:12:44 elapsed:4:20:37 postfix:- (276263:tqdm_logging.py:145)
04:51:28.377 [I] Progress on: 6.41kit/10.0kit rate:2.2s/it remaining:2:13:00 elapsed:4:20:48 postfix:- (276263:tqdm_logging.py:145)
04:51:39.498 [I] Progress on: 6.41kit/10.0kit rate:2.2s/it remaining:2:12:55 elapsed:4:20:59 postfix:- (276263:tqdm_logging.py:145)
04:51:50.613 [I] Progress on: 6.42kit/10.0kit rate:2.2s/it remaining:2:12:43 elapsed:4:21:11 postfix:- (276263:tqdm_logging.py:145)
04:52:01.735 [I] Progress on: 6.42kit/10.0kit rate:2.2s/it remaining:2:12:35 elapsed:4:21:22 postfix:- (276263:tqdm_logging.py:145)
04:52:12.916 [I] Progress on: 6.43kit/10.0kit rate:2.2s/it remaining:2:11:54 elapsed:4:21:33 postfix:- (276263:tqdm_logging.py:145)
04:52:24.037 [I] Progress on: 6.43kit/10.0kit rate:2.2s/it remaining:2:12:07 elapsed:4:21:44 postfix:- (276263:tqdm_logging.py:145)
04:52:35.157 [I] Progress on: 6.44kit/10.0kit rate:2.2s/it remaining:2:11:54 elapsed:4:21:55 postfix:- (276263:tqdm_logging.py:145)
04:52:46.280 [I] Progress on: 6.44kit/10.0kit rate:2.2s/it remaining:2:11:47 elapsed:4:22:06 postfix:- (276263:tqdm_logging.py:145)
04:52:57.408 [I] Progress on: 6.45kit/10.0kit rate:2.2s/it remaining:2:11:43 elapsed:4:22:17 postfix:- (276263:tqdm_logging.py:145)
04:53:08.579 [I] Progress on: 6.45kit/10.0kit rate:2.2s/it remaining:2:10:54 elapsed:4:22:29 postfix:- (276263:tqdm_logging.py:145)
04:53:19.712 [I] Progress on: 6.46kit/10.0kit rate:2.2s/it remaining:2:11:13 elapsed:4:22:40 postfix:- (276263:tqdm_logging.py:145)
04:53:30.841 [I] Progress on: 6.46kit/10.0kit rate:2.2s/it remaining:2:11:09 elapsed:4:22:51 postfix:- (276263:tqdm_logging.py:145)
04:53:41.962 [I] Progress on: 6.47kit/10.0kit rate:2.2s/it remaining:2:10:56 elapsed:4:23:02 postfix:- (276263:tqdm_logging.py:145)
04:53:53.075 [I] Progress on: 6.47kit/10.0kit rate:2.2s/it remaining:2:10:38 elapsed:4:23:13 postfix:- (276263:tqdm_logging.py:145)
04:54:04.267 [I] Progress on: 6.48kit/10.0kit rate:2.2s/it remaining:2:10:07 elapsed:4:23:24 postfix:- (276263:tqdm_logging.py:145)
04:54:15.402 [I] Progress on: 6.48kit/10.0kit rate:2.2s/it remaining:2:10:30 elapsed:4:23:35 postfix:- (276263:tqdm_logging.py:145)
04:54:26.507 [I] Progress on: 6.49kit/10.0kit rate:2.2s/it remaining:2:10:04 elapsed:4:23:46 postfix:- (276263:tqdm_logging.py:145)
04:54:37.622 [I] Progress on: 6.49kit/10.0kit rate:2.2s/it remaining:2:09:56 elapsed:4:23:58 postfix:- (276263:tqdm_logging.py:145)
04:54:48.751 [I] Progress on: 6.50kit/10.0kit rate:2.2s/it remaining:2:09:54 elapsed:4:24:09 postfix:- (276263:tqdm_logging.py:145)
04:54:59.932 [I] Progress on: 6.50kit/10.0kit rate:2.2s/it remaining:2:09:10 elapsed:4:24:20 postfix:- (276263:tqdm_logging.py:145)
04:55:11.061 [I] Progress on: 6.51kit/10.0kit rate:2.2s/it remaining:2:09:25 elapsed:4:24:31 postfix:- (276263:tqdm_logging.py:145)
04:55:22.183 [I] Progress on: 6.51kit/10.0kit rate:2.2s/it remaining:2:09:17 elapsed:4:24:42 postfix:- (276263:tqdm_logging.py:145)
04:55:33.312 [I] Progress on: 6.52kit/10.0kit rate:2.2s/it remaining:2:09:09 elapsed:4:24:53 postfix:- (276263:tqdm_logging.py:145)
04:55:44.433 [I] Progress on: 6.52kit/10.0kit rate:2.2s/it remaining:2:08:57 elapsed:4:25:04 postfix:- (276263:tqdm_logging.py:145)
04:55:55.626 [I] Progress on: 6.53kit/10.0kit rate:2.2s/it remaining:2:08:31 elapsed:4:25:16 postfix:- (276263:tqdm_logging.py:145)
04:56:06.728 [I] Progress on: 6.53kit/10.0kit rate:2.2s/it remaining:2:08:20 elapsed:4:25:27 postfix:- (276263:tqdm_logging.py:145)
04:56:17.856 [I] Progress on: 6.54kit/10.0kit rate:2.2s/it remaining:2:08:23 elapsed:4:25:38 postfix:- (276263:tqdm_logging.py:145)
04:56:28.982 [I] Progress on: 6.54kit/10.0kit rate:2.2s/it remaining:2:08:19 elapsed:4:25:49 postfix:- (276263:tqdm_logging.py:145)
04:56:40.095 [I] Progress on: 6.55kit/10.0kit rate:2.2s/it remaining:2:07:59 elapsed:4:26:00 postfix:- (276263:tqdm_logging.py:145)
04:56:51.271 [I] Progress on: 6.55kit/10.0kit rate:2.2s/it remaining:2:07:15 elapsed:4:26:11 postfix:- (276263:tqdm_logging.py:145)
04:57:02.399 [I] Progress on: 6.56kit/10.0kit rate:2.2s/it remaining:2:07:34 elapsed:4:26:22 postfix:- (276263:tqdm_logging.py:145)
04:57:13.512 [I] Progress on: 6.56kit/10.0kit rate:2.2s/it remaining:2:07:20 elapsed:4:26:33 postfix:- (276263:tqdm_logging.py:145)
04:57:24.631 [I] Progress on: 6.57kit/10.0kit rate:2.2s/it remaining:2:07:11 elapsed:4:26:45 postfix:- (276263:tqdm_logging.py:145)
04:57:35.756 [I] Progress on: 6.57kit/10.0kit rate:2.2s/it remaining:2:07:00 elapsed:4:26:56 postfix:- (276263:tqdm_logging.py:145)
04:57:46.945 [I] Progress on: 6.58kit/10.0kit rate:2.2s/it remaining:2:06:21 elapsed:4:27:07 postfix:- (276263:tqdm_logging.py:145)
04:57:58.076 [I] Progress on: 6.58kit/10.0kit rate:2.2s/it remaining:2:06:37 elapsed:4:27:18 postfix:- (276263:tqdm_logging.py:145)
04:58:09.199 [I] Progress on: 6.59kit/10.0kit rate:2.2s/it remaining:2:06:31 elapsed:4:27:29 postfix:- (276263:tqdm_logging.py:145)
04:58:20.318 [I] Progress on: 6.59kit/10.0kit rate:2.2s/it remaining:2:06:18 elapsed:4:27:40 postfix:- (276263:tqdm_logging.py:145)
04:58:31.439 [I] Progress on: 6.60kit/10.0kit rate:2.2s/it remaining:2:06:06 elapsed:4:27:51 postfix:- (276263:tqdm_logging.py:145)
04:58:42.628 [I] Progress on: 6.60kit/10.0kit rate:2.2s/it remaining:2:05:28 elapsed:4:28:03 postfix:- (276263:tqdm_logging.py:145)
04:58:53.749 [I] Progress on: 6.61kit/10.0kit rate:2.2s/it remaining:2:05:41 elapsed:4:28:14 postfix:- (276263:tqdm_logging.py:145)
04:59:04.865 [I] Progress on: 6.61kit/10.0kit rate:2.2s/it remaining:2:05:25 elapsed:4:28:25 postfix:- (276263:tqdm_logging.py:145)
04:59:15.980 [I] Progress on: 6.62kit/10.0kit rate:2.2s/it remaining:2:05:15 elapsed:4:28:36 postfix:- (276263:tqdm_logging.py:145)
04:59:27.108 [I] Progress on: 6.62kit/10.0kit rate:2.2s/it remaining:2:05:15 elapsed:4:28:47 postfix:- (276263:tqdm_logging.py:145)
04:59:38.294 [I] Progress on: 6.63kit/10.0kit rate:2.2s/it remaining:2:04:34 elapsed:4:28:58 postfix:- (276263:tqdm_logging.py:145)
04:59:49.413 [I] Progress on: 6.63kit/10.0kit rate:2.2s/it remaining:2:04:42 elapsed:4:29:09 postfix:- (276263:tqdm_logging.py:145)
05:00:00.537 [I] Progress on: 6.64kit/10.0kit rate:2.2s/it remaining:2:04:34 elapsed:4:29:21 postfix:- (276263:tqdm_logging.py:145)
05:00:11.652 [I] Progress on: 6.64kit/10.0kit rate:2.2s/it remaining:2:04:19 elapsed:4:29:32 postfix:- (276263:tqdm_logging.py:145)
05:00:22.776 [I] Progress on: 6.65kit/10.0kit rate:2.2s/it remaining:2:04:15 elapsed:4:29:43 postfix:- (276263:tqdm_logging.py:145)
05:00:33.968 [I] Progress on: 6.65kit/10.0kit rate:2.2s/it remaining:2:03:43 elapsed:4:29:54 postfix:- (276263:tqdm_logging.py:145)
05:00:45.085 [I] Progress on: 6.66kit/10.0kit rate:2.2s/it remaining:2:03:50 elapsed:4:30:05 postfix:- (276263:tqdm_logging.py:145)
05:00:56.195 [I] Progress on: 6.66kit/10.0kit rate:2.2s/it remaining:2:03:33 elapsed:4:30:16 postfix:- (276263:tqdm_logging.py:145)
05:01:07.311 [I] Progress on: 6.67kit/10.0kit rate:2.2s/it remaining:2:03:18 elapsed:4:30:27 postfix:- (276263:tqdm_logging.py:145)
05:01:18.436 [I] Progress on: 6.67kit/10.0kit rate:2.2s/it remaining:2:03:14 elapsed:4:30:38 postfix:- (276263:tqdm_logging.py:145)
05:01:29.623 [I] Progress on: 6.68kit/10.0kit rate:2.2s/it remaining:2:02:48 elapsed:4:30:50 postfix:- (276263:tqdm_logging.py:145)
05:01:40.737 [I] Progress on: 6.68kit/10.0kit rate:2.2s/it remaining:2:02:52 elapsed:4:31:01 postfix:- (276263:tqdm_logging.py:145)
05:01:51.873 [I] Progress on: 6.69kit/10.0kit rate:2.2s/it remaining:2:02:54 elapsed:4:31:12 postfix:- (276263:tqdm_logging.py:145)
05:02:02.981 [I] Progress on: 6.69kit/10.0kit rate:2.2s/it remaining:2:02:32 elapsed:4:31:23 postfix:- (276263:tqdm_logging.py:145)
05:02:14.110 [I] Progress on: 6.70kit/10.0kit rate:2.2s/it remaining:2:02:28 elapsed:4:31:34 postfix:- (276263:tqdm_logging.py:145)
05:02:25.298 [I] Progress on: 6.70kit/10.0kit rate:2.2s/it remaining:2:01:46 elapsed:4:31:45 postfix:- (276263:tqdm_logging.py:145)
05:02:36.428 [I] Progress on: 6.71kit/10.0kit rate:2.2s/it remaining:2:02:01 elapsed:4:31:56 postfix:- (276263:tqdm_logging.py:145)
05:02:47.546 [I] Progress on: 6.71kit/10.0kit rate:2.2s/it remaining:2:01:52 elapsed:4:32:08 postfix:- (276263:tqdm_logging.py:145)
05:02:58.659 [I] Progress on: 6.72kit/10.0kit rate:2.2s/it remaining:2:01:36 elapsed:4:32:19 postfix:- (276263:tqdm_logging.py:145)
05:03:09.777 [I] Progress on: 6.72kit/10.0kit rate:2.2s/it remaining:2:01:20 elapsed:4:32:30 postfix:- (276263:tqdm_logging.py:145)

Step 4500: grad_norm=0.3616, loss=0.0341, param_norm=1379.4967, vision_param_norm=1258.3770
Step 4525: grad_norm=0.3797, loss=0.0347, param_norm=1379.5078, vision_param_norm=1258.3785
Step 4550: grad_norm=0.3700, loss=0.0346, param_norm=1379.5183, vision_param_norm=1258.3802
Step 4575: grad_norm=0.3741, loss=0.0352, param_norm=1379.5280, vision_param_norm=1258.3809
Step 4600: grad_norm=0.3570, loss=0.0324, param_norm=1379.5388, vision_param_norm=1258.3822
Step 4625: grad_norm=0.3738, loss=0.0348, param_norm=1379.5491, vision_param_norm=1258.3834
Step 4650: grad_norm=0.3864, loss=0.0326, param_norm=1379.5588, vision_param_norm=1258.3848
Step 4675: grad_norm=0.3991, loss=0.0331, param_norm=1379.5691, vision_param_norm=1258.3865
Step 4700: grad_norm=0.3415, loss=0.0313, param_norm=1379.5779, vision_param_norm=1258.3881
Step 4725: grad_norm=0.3420, loss=0.0325, param_norm=1379.5875, vision_param_norm=1258.3890
Step 4750: grad_norm=0.3423, loss=0.0312, param_norm=1379.5979, vision_param_norm=1258.3904
Step 4775: grad_norm=0.3587, loss=0.0311, param_norm=1379.6078, vision_param_norm=1258.3917
Step 4800: grad_norm=0.3300, loss=0.0310, param_norm=1379.6172, vision_param_norm=1258.3925
Step 4825: grad_norm=0.3502, loss=0.0303, param_norm=1379.6273, vision_param_norm=1258.3940
Step 4850: grad_norm=0.3478, loss=0.0334, param_norm=1379.6376, vision_param_norm=1258.3959
Step 4875: grad_norm=0.3535, loss=0.0329, param_norm=1379.6470, vision_param_norm=1258.3978
Step 4900: grad_norm=0.3428, loss=0.0343, param_norm=1379.6567, vision_param_norm=1258.3984
Step 4925: grad_norm=0.3229, loss=0.0321, param_norm=1379.6658, vision_param_norm=1258.4000
Step 4950: grad_norm=0.3577, loss=0.0365, param_norm=1379.6749, vision_param_norm=1258.4004
Step 4975: grad_norm=0.3814, loss=0.0351, param_norm=1379.6844, vision_param_norm=1258.4017
Step 5000: grad_norm=0.3659, loss=0.0323, param_norm=1379.6958, vision_param_norm=1258.4032
Step 5025: grad_norm=0.3507, loss=0.0324, param_norm=1379.7068, vision_param_norm=1258.4043
Step 5050: grad_norm=0.3890, loss=0.0325, param_norm=1379.7162, vision_param_norm=1258.4056
Step 5075: grad_norm=0.3527, loss=0.0331, param_norm=1379.7256, vision_param_norm=1258.4065
Step 5100: grad_norm=0.3543, loss=0.0312, param_norm=1379.7350, vision_param_norm=1258.4080
Step 5125: grad_norm=0.3528, loss=0.0331, param_norm=1379.7445, vision_param_norm=1258.4095
Step 5150: grad_norm=0.4119, loss=0.0348, param_norm=1379.7542, vision_param_norm=1258.4110
Step 5175: grad_norm=0.3764, loss=0.0347, param_norm=1379.7640, vision_param_norm=1258.4119
Step 5200: grad_norm=0.3699, loss=0.0350, param_norm=1379.7765, vision_param_norm=1258.4135
Step 5225: grad_norm=0.3531, loss=0.0328, param_norm=1379.7870, vision_param_norm=1258.4146
Step 5250: grad_norm=0.3685, loss=0.0333, param_norm=1379.7960, vision_param_norm=1258.4158
Step 5275: grad_norm=0.3756, loss=0.0328, param_norm=1379.8060, vision_param_norm=1258.4171
Step 5300: grad_norm=0.3892, loss=0.0358, param_norm=1379.8171, vision_param_norm=1258.4183
Step 5325: grad_norm=0.3423, loss=0.0335, param_norm=1379.8293, vision_param_norm=1258.4202
Step 5350: grad_norm=0.3577, loss=0.0329, param_norm=1379.8390, vision_param_norm=1258.4215
Step 5375: grad_norm=0.3629, loss=0.0323, param_norm=1379.8478, vision_param_norm=1258.4219
Step 5400: grad_norm=0.3138, loss=0.0302, param_norm=1379.8573, vision_param_norm=1258.4232
Step 5425: grad_norm=0.3542, loss=0.0318, param_norm=1379.8660, vision_param_norm=1258.4241
Step 5450: grad_norm=0.3967, loss=0.0353, param_norm=1379.8763, vision_param_norm=1258.4255
Step 5475: grad_norm=0.3660, loss=0.0318, param_norm=1379.8875, vision_param_norm=1258.4275
Step 5500: grad_norm=0.3456, loss=0.0321, param_norm=1379.8976, vision_param_norm=1258.4291
Step 5525: grad_norm=0.3785, loss=0.0318, param_norm=1379.9067, vision_param_norm=1258.4302
Step 5550: grad_norm=0.3615, loss=0.0323, param_norm=1379.9169, vision_param_norm=1258.4314
Step 5575: grad_norm=0.3712, loss=0.0320, param_norm=1379.9266, vision_param_norm=1258.4330
Step 5600: grad_norm=0.3461, loss=0.0324, param_norm=1379.9359, vision_param_norm=1258.4333
Step 5625: grad_norm=0.3794, loss=0.0341, param_norm=1379.9454, vision_param_norm=1258.4347
Step 5650: grad_norm=0.3241, loss=0.0319, param_norm=1379.9556, vision_param_norm=1258.4353
Step 5675: grad_norm=0.3574, loss=0.0332, param_norm=1379.9645, vision_param_norm=1258.4369
Step 5700: grad_norm=0.3277, loss=0.0311, param_norm=1379.9731, vision_param_norm=1258.4374
Step 5725: grad_norm=0.3829, loss=0.0335, param_norm=1379.9834, vision_param_norm=1258.4390
Step 5750: grad_norm=0.3842, loss=0.0339, param_norm=1379.9939, vision_param_norm=1258.4406
Step 5775: grad_norm=0.4027, loss=0.0337, param_norm=1380.0042, vision_param_norm=1258.4413
Step 5800: grad_norm=0.3428, loss=0.0306, param_norm=1380.0144, vision_param_norm=1258.4427
Step 5825: grad_norm=0.3585, loss=0.0341, param_norm=1380.0234, vision_param_norm=1258.4438
Step 5850: grad_norm=0.3831, loss=0.0332, param_norm=1380.0317, vision_param_norm=1258.4449
Step 5875: grad_norm=0.3426, loss=0.0325, param_norm=1380.0406, vision_param_norm=1258.4465
Step 5900: grad_norm=0.3520, loss=0.0328, param_norm=1380.0513, vision_param_norm=1258.4480
Step 5925: grad_norm=0.3498, loss=0.0312, param_norm=1380.0605, vision_param_norm=1258.4492
Step 5950: grad_norm=0.3658, loss=0.0344, param_norm=1380.0692, vision_param_norm=1258.4506
Step 5975: grad_norm=0.3488, loss=0.0314, param_norm=1380.0795, vision_param_norm=1258.4515
Step 6000: grad_norm=0.3371, loss=0.0307, param_norm=1380.0889, vision_param_norm=1258.4529
Step 6025: grad_norm=0.3787, loss=0.0335, param_norm=1380.0979, vision_param_norm=1258.4539
Step 6050: grad_norm=0.3174, loss=0.0291, param_norm=1380.1085, vision_param_norm=1258.4548
Step 6075: grad_norm=0.3222, loss=0.0271, param_norm=1380.1173, vision_param_norm=1258.4564
Step 6100: grad_norm=0.3834, loss=0.0319, param_norm=1380.1251, vision_param_norm=1258.4568
Step 6125: grad_norm=0.3781, loss=0.0339, param_norm=1380.1348, vision_param_norm=1258.4584
Step 6150: grad_norm=0.3655, loss=0.0340, param_norm=1380.1445, vision_param_norm=1258.4592
Step 6175: grad_norm=0.3167, loss=0.0320, param_norm=1380.1539, vision_param_norm=1258.4607
Step 6200: grad_norm=0.3311, loss=0.0308, param_norm=1380.1641, vision_param_norm=1258.4623
Step 6225: grad_norm=0.3439, loss=0.0310, param_norm=1380.1730, vision_param_norm=1258.4629
Step 6250: grad_norm=0.3669, loss=0.0336, param_norm=1380.1830, vision_param_norm=1258.4642
Step 6275: grad_norm=0.3658, loss=0.0325, param_norm=1380.1936, vision_param_norm=1258.4648
Step 6300: grad_norm=0.3444, loss=0.0308, param_norm=1380.2026, vision_param_norm=1258.4664
Step 6325: grad_norm=0.3659, loss=0.0304, param_norm=1380.2114, vision_param_norm=1258.4681
Step 6350: grad_norm=0.4118, loss=0.0336, param_norm=1380.2207, vision_param_norm=1258.4688
Step 6375: grad_norm=0.3467, loss=0.0313, param_norm=1380.2300, vision_param_norm=1258.4703
Step 6400: grad_norm=0.3222, loss=0.0315, param_norm=1380.2391, vision_param_norm=1258.4714
Step 6425: grad_norm=0.3337, loss=0.0311, param_norm=1380.2480, vision_param_norm=1258.4723
Step 6450: grad_norm=0.3531, loss=0.0319, param_norm=1380.2572, vision_param_norm=1258.4740
Step 6475: grad_norm=0.3418, loss=0.0307, param_norm=1380.2659, vision_param_norm=1258.4746
Step 6500: grad_norm=0.3370, loss=0.0319, param_norm=1380.2742, vision_param_norm=1258.4760
Step 6525: grad_norm=0.3467, loss=0.0317, param_norm=1380.2832, vision_param_norm=1258.4766
Step 6550: grad_norm=0.3236, loss=0.0302, param_norm=1380.2930, vision_param_norm=1258.4780
Step 6575: grad_norm=0.3053, loss=0.0304, param_norm=1380.3030, vision_param_norm=1258.4802
Step 6600: grad_norm=0.3400, loss=0.0300, param_norm=1380.3120, vision_param_norm=1258.4807
Step 6625: grad_norm=0.3387, loss=0.0300, param_norm=1380.3208, vision_param_norm=1258.4818
Step 6650: grad_norm=0.3571, loss=0.0325, param_norm=1380.3293, vision_param_norm=1258.4824
Step 6675: grad_norm=0.3214, loss=0.0302, param_norm=1380.3392, vision_param_norm=1258.4839
Step 6700: grad_norm=0.3454, loss=0.0311, param_norm=1380.3484, vision_param_norm=1258.4856
Step 6725: grad_norm=0.3855, loss=0.0324, param_norm=1380.3579, vision_param_norm=1258.486305:03:20.967 [I] Progress on: 6.73kit/10.0kit rate:2.2s/it remaining:2:00:58 elapsed:4:32:41 postfix:- (276263:tqdm_logging.py:145)
05:03:32.074 [I] Progress on: 6.73kit/10.0kit rate:2.2s/it remaining:2:00:59 elapsed:4:32:52 postfix:- (276263:tqdm_logging.py:145)
05:03:43.196 [I] Progress on: 6.74kit/10.0kit rate:2.2s/it remaining:2:00:52 elapsed:4:33:03 postfix:- (276263:tqdm_logging.py:145)
05:03:54.317 [I] Progress on: 6.74kit/10.0kit rate:2.2s/it remaining:2:00:39 elapsed:4:33:14 postfix:- (276263:tqdm_logging.py:145)
05:04:05.434 [I] Progress on: 6.75kit/10.0kit rate:2.2s/it remaining:2:00:27 elapsed:4:33:25 postfix:- (276263:tqdm_logging.py:145)
05:04:16.630 [I] Progress on: 6.75kit/10.0kit rate:2.2s/it remaining:1:59:59 elapsed:4:33:37 postfix:- (276263:tqdm_logging.py:145)
05:04:27.749 [I] Progress on: 6.76kit/10.0kit rate:2.2s/it remaining:2:00:07 elapsed:4:33:48 postfix:- (276263:tqdm_logging.py:145)
05:04:38.873 [I] Progress on: 6.76kit/10.0kit rate:2.2s/it remaining:2:00:00 elapsed:4:33:59 postfix:- (276263:tqdm_logging.py:145)
05:04:49.994 [I] Progress on: 6.77kit/10.0kit rate:2.2s/it remaining:1:59:47 elapsed:4:34:10 postfix:- (276263:tqdm_logging.py:145)
05:05:01.108 [I] Progress on: 6.77kit/10.0kit rate:2.2s/it remaining:1:59:32 elapsed:4:34:21 postfix:- (276263:tqdm_logging.py:145)
05:05:12.280 [I] Progress on: 6.78kit/10.0kit rate:2.2s/it remaining:1:58:52 elapsed:4:34:32 postfix:- (276263:tqdm_logging.py:145)
05:05:23.410 [I] Progress on: 6.78kit/10.0kit rate:2.2s/it remaining:1:59:11 elapsed:4:34:43 postfix:- (276263:tqdm_logging.py:145)
05:05:34.525 [I] Progress on: 6.79kit/10.0kit rate:2.2s/it remaining:1:58:55 elapsed:4:34:54 postfix:- (276263:tqdm_logging.py:145)
05:05:45.665 [I] Progress on: 6.79kit/10.0kit rate:2.2s/it remaining:1:59:04 elapsed:4:35:06 postfix:- (276263:tqdm_logging.py:145)
05:05:56.766 [I] Progress on: 6.80kit/10.0kit rate:2.2s/it remaining:1:58:35 elapsed:4:35:17 postfix:- (276263:tqdm_logging.py:145)
05:06:07.954 [I] Progress on: 6.80kit/10.0kit rate:2.2s/it remaining:1:58:00 elapsed:4:35:28 postfix:- (276263:tqdm_logging.py:145)
05:06:19.071 [I] Progress on: 6.81kit/10.0kit rate:2.2s/it remaining:1:58:09 elapsed:4:35:39 postfix:- (276263:tqdm_logging.py:145)
05:06:30.185 [I] Progress on: 6.81kit/10.0kit rate:2.2s/it remaining:1:57:59 elapsed:4:35:50 postfix:- (276263:tqdm_logging.py:145)
05:06:41.308 [I] Progress on: 6.82kit/10.0kit rate:2.2s/it remaining:1:57:56 elapsed:4:36:01 postfix:- (276263:tqdm_logging.py:145)
05:06:52.426 [I] Progress on: 6.82kit/10.0kit rate:2.2s/it remaining:1:57:41 elapsed:4:36:12 postfix:- (276263:tqdm_logging.py:145)
05:07:03.620 [I] Progress on: 6.83kit/10.0kit rate:2.2s/it remaining:1:57:04 elapsed:4:36:24 postfix:- (276263:tqdm_logging.py:145)
05:07:14.740 [I] Progress on: 6.83kit/10.0kit rate:2.2s/it remaining:1:57:14 elapsed:4:36:35 postfix:- (276263:tqdm_logging.py:145)
05:07:25.863 [I] Progress on: 6.84kit/10.0kit rate:2.2s/it remaining:1:57:13 elapsed:4:36:46 postfix:- (276263:tqdm_logging.py:145)
05:07:36.972 [I] Progress on: 6.84kit/10.0kit rate:2.2s/it remaining:1:56:53 elapsed:4:36:57 postfix:- (276263:tqdm_logging.py:145)
05:07:48.094 [I] Progress on: 6.85kit/10.0kit rate:2.2s/it remaining:1:56:47 elapsed:4:37:08 postfix:- (276263:tqdm_logging.py:145)
05:07:59.287 [I] Progress on: 6.85kit/10.0kit rate:2.2s/it remaining:1:56:15 elapsed:4:37:19 postfix:- (276263:tqdm_logging.py:145)
05:08:10.405 [I] Progress on: 6.86kit/10.0kit rate:2.2s/it remaining:1:56:18 elapsed:4:37:30 postfix:- (276263:tqdm_logging.py:145)
05:08:21.533 [I] Progress on: 6.86kit/10.0kit rate:2.2s/it remaining:1:56:18 elapsed:4:37:41 postfix:- (276263:tqdm_logging.py:145)
05:08:32.654 [I] Progress on: 6.87kit/10.0kit rate:2.2s/it remaining:1:56:06 elapsed:4:37:53 postfix:- (276263:tqdm_logging.py:145)
05:08:43.781 [I] Progress on: 6.87kit/10.0kit rate:2.2s/it remaining:1:56:01 elapsed:4:38:04 postfix:- (276263:tqdm_logging.py:145)
05:08:54.956 [I] Progress on: 6.88kit/10.0kit rate:2.2s/it remaining:1:55:20 elapsed:4:38:15 postfix:- (276263:tqdm_logging.py:145)
05:09:06.061 [I] Progress on: 6.88kit/10.0kit rate:2.2s/it remaining:1:55:18 elapsed:4:38:26 postfix:- (276263:tqdm_logging.py:145)
05:09:17.188 [I] Progress on: 6.89kit/10.0kit rate:2.2s/it remaining:1:55:18 elapsed:4:38:37 postfix:- (276263:tqdm_logging.py:145)
05:09:28.304 [I] Progress on: 6.89kit/10.0kit rate:2.2s/it remaining:1:55:04 elapsed:4:38:48 postfix:- (276263:tqdm_logging.py:145)
05:09:39.422 [I] Progress on: 6.90kit/10.0kit rate:2.2s/it remaining:1:54:52 elapsed:4:38:59 postfix:- (276263:tqdm_logging.py:145)
05:09:50.624 [I] Progress on: 6.90kit/10.0kit rate:2.2s/it remaining:1:54:32 elapsed:4:39:11 postfix:- (276263:tqdm_logging.py:145)
05:10:01.739 [I] Progress on: 6.91kit/10.0kit rate:2.2s/it remaining:1:54:36 elapsed:4:39:22 postfix:- (276263:tqdm_logging.py:145)
05:10:12.861 [I] Progress on: 6.91kit/10.0kit rate:2.2s/it remaining:1:54:25 elapsed:4:39:33 postfix:- (276263:tqdm_logging.py:145)
05:10:23.970 [I] Progress on: 6.92kit/10.0kit rate:2.2s/it remaining:1:54:05 elapsed:4:39:44 postfix:- (276263:tqdm_logging.py:145)
05:10:35.097 [I] Progress on: 6.92kit/10.0kit rate:2.2s/it remaining:1:54:04 elapsed:4:39:55 postfix:- (276263:tqdm_logging.py:145)
05:10:46.271 [I] Progress on: 6.93kit/10.0kit rate:2.2s/it remaining:1:53:21 elapsed:4:40:06 postfix:- (276263:tqdm_logging.py:145)
05:10:57.393 [I] Progress on: 6.93kit/10.0kit rate:2.2s/it remaining:1:53:31 elapsed:4:40:17 postfix:- (276263:tqdm_logging.py:145)
05:11:08.520 [I] Progress on: 6.94kit/10.0kit rate:2.2s/it remaining:1:53:31 elapsed:4:40:28 postfix:- (276263:tqdm_logging.py:145)
05:11:19.647 [I] Progress on: 6.94kit/10.0kit rate:2.2s/it remaining:1:53:20 elapsed:4:40:40 postfix:- (276263:tqdm_logging.py:145)
05:11:30.771 [I] Progress on: 6.95kit/10.0kit rate:2.2s/it remaining:1:53:17 elapsed:4:40:51 postfix:- (276263:tqdm_logging.py:145)
05:11:41.950 [I] Progress on: 6.95kit/10.0kit rate:2.2s/it remaining:1:52:32 elapsed:4:41:02 postfix:- (276263:tqdm_logging.py:145)
05:11:53.081 [I] Progress on: 6.96kit/10.0kit rate:2.2s/it remaining:1:52:46 elapsed:4:41:13 postfix:- (276263:tqdm_logging.py:145)
05:12:04.198 [I] Progress on: 6.96kit/10.0kit rate:2.2s/it remaining:1:52:32 elapsed:4:41:24 postfix:- (276263:tqdm_logging.py:145)
05:12:15.327 [I] Progress on: 6.97kit/10.0kit rate:2.2s/it remaining:1:52:26 elapsed:4:41:35 postfix:- (276263:tqdm_logging.py:145)
05:12:26.450 [I] Progress on: 6.97kit/10.0kit rate:2.2s/it remaining:1:52:16 elapsed:4:41:46 postfix:- (276263:tqdm_logging.py:145)
05:12:37.617 [I] Progress on: 6.98kit/10.0kit rate:2.2s/it remaining:1:51:25 elapsed:4:41:58 postfix:- (276263:tqdm_logging.py:145)
05:12:48.735 [I] Progress on: 6.98kit/10.0kit rate:2.2s/it remaining:1:51:40 elapsed:4:42:09 postfix:- (276263:tqdm_logging.py:145)
05:12:59.858 [I] Progress on: 6.99kit/10.0kit rate:2.2s/it remaining:1:51:35 elapsed:4:42:20 postfix:- (276263:tqdm_logging.py:145)
05:13:10.973 [I] Progress on: 6.99kit/10.0kit rate:2.2s/it remaining:1:51:20 elapsed:4:42:31 postfix:- (276263:tqdm_logging.py:145)
05:13:22.096 [I] Progress on: 7.00kit/10.0kit rate:2.2s/it remaining:1:51:08 elapsed:4:42:42 postfix:- (276263:tqdm_logging.py:145)
05:13:26.938 [I] [process=0][thread=MainThread][wait_until_finished] Initiating wait for Save Finalize thread. (276263:checkpoint_manager.py:1759)
05:13:26.938 [I] [process=0][thread=MainThread][step=6000][wait_until_finished] Waiting for Save Finalize thread (save_finalize) to complete. (276263:checkpoint_manager.py:1777)
05:13:26.938 [I] [process=0][thread=MainThread][step=6000][wait_until_finished] Done waiting for Save Finalize thread (save_finalize) running at step=6000. (276263:checkpoint_manager.py:1786)
05:13:26.938 [I] [process=0][thread=MainThread][step=6000][wait_until_finished] Resetting Save Finalize thread (save_finalize) running at step=6000, also errors if any. (276263:checkpoint_manager.py:1817)
05:13:26.938 [I] [process=0] Saving checkpoint at step 7000                                       (276263:checkpoint_manager.py:1286)
05:13:26.939 [I] [process=0] Started async saving checkpoint to /shared/.cache/retain/checkpoints/retain_repro_pretrain/paper_final_hparams/7000. (276263:async_checkpointer.py:358)
05:13:26.941 [I] [process=0][thread=MainThread] Skipping global process sync, barrier name: create_tmp_directory:pre (276263:multihost.py:293)
05:13:26.941 [I] Creating tmp directory /shared/.cache/retain/checkpoints/retain_repro_pretrain/paper_final_hparams/7000.orbax-checkpoint-tmp-24 (276263:atomicity.py:144)
05:13:26.942 [I] [process=0][thread=MainThread] Skipping global process sync, barrier name: create_tmp_directory:post (276263:multihost.py:293)
05:13:26.943 [I] [process=0][thread=MainThread] Skipping global process sync, barrier name: create_tmp_directory:pre (276263:multihost.py:293)
05:13:26.944 [I] Creating tmp directory /shared/.cache/retain/checkpoints/retain_repro_pretrain/paper_final_hparams/7000.orbax-checkpoint-tmp-24/assets.orbax-checkpoint-tmp-25 (276263:atomicity.py:144)
05:13:26.944 [I] Creating tmp directory /shared/.cache/retain/checkpoints/retain_repro_pretrain/paper_final_hparams/7000.orbax-checkpoint-tmp-24/params.orbax-checkpoint-tmp-26 (276263:atomicity.py:144)
05:13:26.944 [I] Creating tmp directory /shared/.cache/retain/checkpoints/retain_repro_pretrain/paper_final_hparams/7000.orbax-checkpoint-tmp-24/train_state.orbax-checkpoint-tmp-27 (276263:atomicity.py:144)
05:13:26.947 [I] [process=0][thread=MainThread] Skipping global process sync, barrier name: create_tmp_directory:post (276263:multihost.py:293)
05:13:26.967 [I] Transferring arrays to host memory with options: use_replica_parallel=False, enable_pinned_host_transfer=False (276263:replica_slices.py:419)
05:13:51.457 [I] Transferring arrays to host memory with options: use_replica_parallel=False, enable_pinned_host_transfer=False (276263:replica_slices.py:419)
05:13:51.471 [I] Array name: 'params.PaliGemma.llm.layers.mlp.gating_einsum.value', global shape: (18, 2, 2048, 16384), write shape: (18, 2, 2048, 16384), chosen chunk shape: (18, 2, 2048, 4096) (276263:tensorstore_utils.py:371)
05:13:51.476 [I] Array name: 'params.PaliGemma.llm.layers.mlp.linear.value', global shape: (18, 16384, 2048), write shape: (18, 16384, 2048), chosen chunk shape: (18, 8192, 2048) (276263:tensorstore_utils.py:371)
05:17:25.926 [I] Array name: 'params.PaliGemma.llm.layers.mlp.gating_einsum.value', global shape: (18, 2, 2048, 16384), write shape: (18, 2, 2048, 16384), chosen chunk shape: (18, 2, 2048, 4096) (276263:tensorstore_utils.py:371)
05:17:25.926 [I] [process=0] /jax/checkpoint/write/blocking_bytes_per_sec: 51.7 MiB/s (total bytes: 12.1 GiB) (time elapsed: 3 minutes) (per-host) (276263:base_pytree_checkpoint_handler.py:113)
05:17:25.927 [I] Array name: 'params.PaliGemma.llm.layers.mlp.linear.value', global shape: (18, 16384, 2048), write shape: (18, 16384, 2048), chosen chunk shape: (18, 8192, 2048) (276263:tensorstore_utils.py:371)
05:17:25.930 [I] [process=0] /jax/checkpoint/write/blocking_bytes_per_sec: 155.1 MiB/s (total bytes: 36.2 GiB) (time elapsed: 3 minutes) (per-host) (276263:base_pytree_checkpoint_handler.py:113)
05:17:25.933 [I] Array name: 'opt_state.1.0.mu.PaliGemma.llm.layers.mlp.gating_einsum.value', global shape: (18, 2, 2048, 16384), write shape: (18, 2, 2048, 16384), chosen chunk shape: (18, 2, 2048, 4096) (276263:tensorstore_utils.py:371)
05:17:25.936 [I] [process=0][thread=async_save] Background save thread started.                   (276263:async_checkpointer.py:121)
05:17:25.937 [I] Array name: 'opt_state.1.0.mu.PaliGemma.llm.layers.mlp.linear.value', global shape: (18, 16384, 2048), write shape: (18, 16384, 2048), chosen chunk shape: (18, 8192, 2048) (276263:tensorstore_utils.py:371)
05:17:25.946 [I] Array name: 'opt_state.1.0.nu.PaliGemma.llm.layers.mlp.gating_einsum.value', global shape: (18, 2, 2048, 16384), write shape: (18, 2, 2048, 16384), chosen chunk shape: (18, 2, 2048, 4096) (276263:tensorstore_utils.py:371)
05:17:25.946 [I] Array name: 'opt_state.1.0.nu.PaliGemma.llm.layers.mlp.linear.value', global shape: (18, 16384, 2048), write shape: (18, 16384, 2048), chosen chunk shape: (18, 8192, 2048) (276263:tensorstore_utils.py:371)
05:17:25.951 [I] Deleting Checkpoint[step=6000 | time=2026-08-20 04:36:14.420507+00:00 | is_locked=None]: (Reason: old checkpoint). (276263:checkpoint_manager.py:1748)
05:17:25.955 [I] [process=0][thread=MainThread] Skipping global process sync, barrier name: CheckpointManager:old_steps_to_remove (276263:multihost.py:293)
05:17:25.957 [I] [process=0][thread=MainThread][step=7000] Starting CheckpointManager Save Finalize thread=save_finalize (276263:checkpoint_manager.py:1328)
05:17:25.973 [I] [process=0][thread=save_finalize] Waiting for background save thread=async_save. (276263:async_checkpointer.py:231)
05:17:25.980 [I] {'step': 7000, 'event_type': 'save', 'directory': '/shared/.cache/retain/checkpoints/retain_repro_pretrain/paper_final_hparams', 'reached_preemption': False, 'preemption_received_at': None, 'synchronous': False, 'wait_for_prev_start_time': 1787202806.938076, 'wait_for_prev_duration_secs': 0.00027823448181152344, 'checkpointer_blocking_start_time': 1787202806.938739, 'checkpointer_blocking_duration_secs': 239.01299118995667, 'get_old_steps_start_time': 1787203045.9517982, 'get_old_steps_duration_secs': 0.0035686492919921875, 'checkpoint_manager_blocking_start_time': 1787202806.9379158, 'checkpoint_manager_blocking_duration_secs': 239.0422399044037} (276263:standard_logger.py:34)
05:17:25.981 [I] Progress on: 7.00kit/10.0kit rate:74.1s/it remaining:61:41:26 elapsed:4:46:46 postfix:- (276263:tqdm_logging.py:145)
05:17:26.041 [I] ChainedFuture completed 1/1 futures in 0.10 seconds.                             (276263:future.py:137)
05:17:26.042 [I] [process=0] /jax/checkpoint/write/bytes_per_sec: 51.7 MiB/s (total bytes: 12.1 GiB) (time elapsed: 3 minutes) (per-host) (276263:base_pytree_checkpoint_handler.py:113)
05:17:36.844 [I] Progress on: 7.01kit/10.0kit rate:14.3s/it remaining:11:52:08 elapsed:4:46:57 postfix:- (276263:tqdm_logging.py:145)
05:17:47.954 [I] Progress on: 7.01kit/10.0kit rate:4.2s/it remaining:3:31:33 elapsed:4:47:08 postfix:- (276263:tqdm_logging.py:145)
05:17:59.077 [I] Progress on: 7.02kit/10.0kit rate:2.6s/it remaining:2:07:32 elapsed:4:47:19 postfix:- (276263:tqdm_logging.py:145)
05:18:05.154 [I] ChainedFuture completed 1/1 futures in 39.11 seconds.                            (276263:future.py:137)
05:18:05.155 [I] [process=0] /jax/checkpoint/write/bytes_per_sec: 133.2 MiB/s (total bytes: 36.2 GiB) (time elapsed: 4 minutes) (per-host) (276263:base_pytree_checkpoint_handler.py:113)
05:18:05.158 [I] [process=0][thread=async_save] 3 Handler Commit operations completed.            (276263:async_checkpointer.py:131)
05:18:05.165 [I] [process=0][thread=async_save] Async Save Callback [1/3]: Finalizing Handler: <orbax.checkpoint._src.handlers.composite_checkpoint_handler.CompositeCheckpointHandler object at 0x7437d9693f90> on /shared/.cache/retain/checkpoints/retain_repro_pretrain/paper_final_hparams/7000.orbax-checkpoint-tmp-24 (276263:async_checkpointer.py:406)
05:18:05.165 [I] Renaming /shared/.cache/retain/checkpoints/retain_repro_pretrain/paper_final_hparams/7000.orbax-checkpoint-tmp-24/assets.orbax-checkpoint-tmp-25 to /shared/.cache/retain/checkpoints/retain_repro_pretrain/paper_final_hparams/7000.orbax-checkpoint-tmp-24/assets (276263:atomicity.py:287)
05:18:05.182 [I] Renaming /shared/.cache/retain/checkpoints/retain_repro_pretrain/paper_final_hparams/7000.orbax-checkpoint-tmp-24/train_state.orbax-checkpoint-tmp-27 to /shared/.cache/retain/checkpoints/retain_repro_pretrain/paper_final_hparams/7000.orbax-checkpoint-tmp-24/train_state (276263:atomicity.py:287)
05:18:05.301 [I] Renaming /shared/.cache/retain/checkpoints/retain_repro_pretrain/paper_final_hparams/7000.orbax-checkpoint-tmp-24/params.orbax-checkpoint-tmp-26 to /shared/.cache/retain/checkpoints/retain_repro_pretrain/paper_final_hparams/7000.orbax-checkpoint-tmp-24/params (276263:atomicity.py:287)
05:18:05.301 [I] [process=0][thread=async_save] Async Save Callback [2/3]: Running post_finalization_callback: None on /shared/.cache/retain/checkpoints/retain_repro_pretrain/paper_final_hparams/7000 (276263:async_checkpointer.py:416)
05:18:05.302 [I] [process=0][thread=async_save] Async Save Callback [3/3]: Finalizing checkpoint directory: /shared/.cache/retain/checkpoints/retain_repro_pretrain/paper_final_hparams/7000.orbax-checkpoint-tmp-24 (276263:async_checkpointer.py:426)
05:18:05.302 [I] Renaming /shared/.cache/retain/checkpoints/retain_repro_pretrain/paper_final_hparams/7000.orbax-checkpoint-tmp-24 to /shared/.cache/retain/checkpoints/retain_repro_pretrain/paper_final_hparams/7000 (276263:atomicity.py:287)
05:18:05.303 [I] [process=0][thread=async_save] Finished saving checkpoint (finalized tmp dir) to `/shared/.cache/retain/checkpoints/retain_repro_pretrain/paper_final_hparams/7000`. (276263:atomicity.py:548)
05:18:05.303 [I] [process=0][thread=async_save] Background save thread done.                      (276263:async_checkpointer.py:183)
05:18:05.303 [I] [process=0][thread=save_finalize] Done with waiting for background save thread=async_save. (276263:async_checkpointer.py:239)
05:18:05.304 [I] [process=0][thread=save_finalize] No errors found in background save thread=async_save. (276263:async_checkpointer.py:249)
05:18:06.995 [I] Deleted step 6000.                                                               (276263:deleter.py:114)
05:18:06.995 [I] [process=0][thread=save_finalize][step=7000] CheckpointManager Save Finalize is syncing with other hosts... (276263:checkpoint_manager.py:1890)
05:18:06.995 [I] [process=0][thread=save_finalize][step=7000] CheckpointManager Save Finalize is done on all hosts. (276263:checkpoint_manager.py:1905)
05:18:09.471 [I] Progress on: 7.02kit/10.0kit rate:2.5s/it remaining:2:04:27 elapsed:4:47:29 postfix:- (276263:tqdm_logging.py:145)
05:18:20.583 [I] Progress on: 7.03kit/10.0kit rate:2.3s/it remaining:1:52:34 elapsed:4:47:41 postfix:- (276263:tqdm_logging.py:145)
05:18:31.758 [I] Progress on: 7.03kit/10.0kit rate:2.2s/it remaining:1:50:11 elapsed:4:47:52 postfix:- (276263:tqdm_logging.py:145)
05:18:42.869 [I] Progress on: 7.04kit/10.0kit rate:2.2s/it remaining:1:49:53 elapsed:4:48:03 postfix:- (276263:tqdm_logging.py:145)
05:18:53.979 [I] Progress on: 7.04kit/10.0kit rate:2.2s/it remaining:1:49:36 elapsed:4:48:14 postfix:- (276263:tqdm_logging.py:145)
05:19:05.102 [I] Progress on: 7.04kit/10.0kit rate:2.2s/it remaining:1:49:29 elapsed:4:48:25 postfix:- (276263:tqdm_logging.py:145)
05:19:16.211 [I] Progress on: 7.05kit/10.0kit rate:2.2s/it remaining:1:49:17 elapsed:4:48:36 postfix:- (276263:tqdm_logging.py:145)
05:19:27.384 [I] Progress on: 7.05kit/10.0kit rate:2.2s/it remaining:1:48:49 elapsed:4:48:47 postfix:- (276263:tqdm_logging.py:145)
05:19:38.507 [I] Progress on: 7.06kit/10.0kit rate:2.2s/it remaining:1:48:54 elapsed:4:48:58 postfix:- (276263:tqdm_logging.py:145)
05:19:49.630 [I] Progress on: 7.07kit/10.0kit rate:2.2s/it remaining:1:48:50 elapsed:4:49:10 postfix:- (276263:tqdm_logging.py:145)
05:20:00.746 [I] Progress on: 7.07kit/10.0kit rate:2.2s/it remaining:1:48:37 elapsed:4:49:21 postfix:- (276263:tqdm_logging.py:145)
05:20:11.862 [I] Progress on: 7.08kit/10.0kit rate:2.2s/it remaining:1:48:28 elapsed:4:49:32 postfix:- (276263:tqdm_logging.py:145)
05:20:23.033 [I] Progress on: 7.08kit/10.0kit rate:2.2s/it remaining:1:47:56 elapsed:4:49:43 postfix:- (276263:tqdm_logging.py:145)
05:20:34.148 [I] Progress on: 7.08kit/10.0kit rate:2.2s/it remaining:1:47:56 elapsed:4:49:54 postfix:- (276263:tqdm_logging.py:145)
05:20:45.274 [I] Progress on: 7.09kit/10.0kit rate:2.2s/it remaining:1:47:51 elapsed:4:50:05 postfix:- (276263:tqdm_logging.py:145)
05:20:56.382 [I] Progress on: 7.09kit/10.0kit rate:2.2s/it remaining:1:47:33 elapsed:4:50:16 postfix:- (276263:tqdm_logging.py:145)
05:21:07.493 [I] Progress on: 7.10kit/10.0kit rate:2.2s/it remaining:1:47:17 elapsed:4:50:27 postfix:- (276263:tqdm_logging.py:145)
05:21:18.651 [I] Progress on: 7.11kit/10.0kit rate:2.2s/it remaining:1:46:53 elapsed:4:50:39 postfix:- (276263:tqdm_logging.py:145)
05:21:29.768 [I] Progress on: 7.11kit/10.0kit rate:2.2s/it remaining:1:46:57 elapsed:4:50:50 postfix:- (276263:tqdm_logging.py:145)
05:21:40.890 [I] Progress on: 7.12kit/10.0kit rate:2.2s/it remaining:1:46:49 elapsed:4:51:01 postfix:- (276263:tqdm_logging.py:145)
05:21:52.005 [I] Progress on: 7.12kit/10.0kit rate:2.2s/it remaining:1:46:39 elapsed:4:51:12 postfix:- (276263:tqdm_logging.py:145)
05:22:03.112 [I] Progress on: 7.12kit/10.0kit rate:2.2s/it remaining:1:46:26 elapsed:4:51:23 postfix:- (276263:tqdm_logging.py:145)
05:22:14.306 [I] Progress on: 7.13kit/10.0kit rate:2.2s/it remaining:1:46:10 elapsed:4:51:34 postfix:- (276263:tqdm_logging.py:145)
05:22:25.432 [I] Progress on: 7.13kit/10.0kit rate:2.2s/it remaining:1:46:18 elapsed:4:51:45 postfix:- (276263:tqdm_logging.py:145)
05:22:36.532 [I] Progress on: 7.14kit/10.0kit rate:2.2s/it remaining:1:45:54 elapsed:4:51:56 postfix:- (276263:tqdm_logging.py:145)
05:22:47.654 [I] Progress on: 7.14kit/10.0kit rate:2.2s/it remaining:1:45:48 elapsed:4:52:08 postfix:- (276263:tqdm_logging.py:145)
05:22:58.775 [I] Progress on: 7.15kit/10.0kit rate:2.2s/it remaining:1:45:43 elapsed:4:52:19 postfix:- (276263:tqdm_logging.py:145)
05:23:09.936 [I] Progress on: 7.16kit/10.0kit rate:2.2s/it remaining:1:45:05 elapsed:4:52:30 postfix:- (276263:tqdm_logging.py:145)
05:23:21.058 [I] Progress on: 7.16kit/10.0kit rate:2.2s/it remaining:1:45:14 elapsed:4:52:41 postfix:- (276263:tqdm_logging.py:145)
05:23:32.179 [I] Progress on: 7.17kit/10.0kit rate:2.2s/it remaining:1:45:06 elapsed:4:52:52 postfix:- (276263:tqdm_logging.py:145)
05:23:43.295 [I] Progress on: 7.17kit/10.0kit rate:2.2s/it remaining:1:44:53 elapsed:4:53:03 postfix:- (276263:tqdm_logging.py:145)
05:23:54.417 [I] Progress on: 7.17kit/10.0kit rate:2.2s/it remaining:1:44:45 elapsed:4:53:14 postfix:- (276263:tqdm_logging.py:145)
05:24:05.595 [I] Progress on: 7.18kit/10.0kit rate:2.2s/it remaining:1:44:12 elapsed:4:53:26 postfix:- (276263:tqdm_logging.py:145)
05:24:16.717 [I] Progress on: 7.18kit/10.0kit rate:2.2s/it remaining:1:44:17 elapsed:4:53:37 postfix:- (276263:tqdm_logging.py:145)
05:24:27.829 [I] Progress on: 7.19kit/10.0kit rate:2.2s/it remaining:1:44:05 elapsed:4:53:48 postfix:- (276263:tqdm_logging.py:145)
05:24:38.943 [I] Progress on: 7.20kit/10.0kit rate:2.2s/it remaining:1:43:53 elapsed:4:53:59 postfix:- (276263:tqdm_logging.py:145)
05:24:50.051 [I] Progress on: 7.20kit/10.0kit rate:2.2s/it remaining:1:43:34 elapsed:4:54:10 postfix:- (276263:tqdm_logging.py:145)
05:25:01.238 [I] Progress on: 7.21kit/10.0kit rate:2.2s/it remaining:1:43:11 elapsed:4:54:21 postfix:- (276263:tqdm_logging.py:145)
05:25:12.366 [I] Progress on: 7.21kit/10.0kit rate:2.2s/it remaining:1:43:24 elapsed:4:54:32 postfix:- (276263:tqdm_logging.py:145)
05:25:23.485 [I] Progress on: 7.21kit/10.0kit rate:2.2s/it remaining:1:43:15 elapsed:4:54:43 postfix:- (276263:tqdm_logging.py:145)
05:25:34.596 [I] Progress on: 7.22kit/10.0kit rate:2.2s/it remaining:1:42:59 elapsed:4:54:55 postfix:- (276263:tqdm_logging.py:145)
05:25:45.711 [I] Progress on: 7.22kit/10.0kit rate:2.2s/it remaining:1:42:49 elapsed:4:55:06 postfix:- (276263:tqdm_logging.py:145)
05:25:56.899 [I] Progress on: 7.23kit/10.0kit rate:2.2s/it remaining:1:42:25 elapsed:4:55:17 postfix:- (276263:tqdm_logging.py:145)
05:26:08.012 [I] Progress on: 7.24kit/10.0kit rate:2.2s/it remaining:1:42:18 elapsed:4:55:28 postfix:- (276263:tqdm_logging.py:145)
05:26:19.124 [I] Progress on: 7.24kit/10.0kit rate:2.2s/it remaining:1:42:11 elapsed:4:55:39 postfix:- (276263:tqdm_logging.py:145)
05:26:30.255 [I] Progress on: 7.25kit/10.0kit rate:2.2s/it remaining:1:42:10 elapsed:4:55:50 postfix:- (276263:tqdm_logging.py:145)
05:26:41.372 [I] Progress on: 7.25kit/10.0kit rate:2.2s/it remaining:1:41:56 elapsed:4:56:01 postfix:- (276263:tqdm_logging.py:145)
05:26:52.553 [I] Progress on: 7.25kit/10.0kit rate:2.2s/it remaining:1:41:30 elapsed:4:56:13 postfix:- (276263:tqdm_logging.py:145)
05:27:03.666 [I] Progress on: 7.26kit/10.0kit rate:2.2s/it remaining:1:41:27 elapsed:4:56:24 postfix:- (276263:tqdm_logging.py:145)
05:27:14.781 [I] Progress on: 7.26kit/10.0kit rate:2.2s/it remaining:1:41:21 elapsed:4:56:35 postfix:- (276263:tqdm_logging.py:145)
05:27:25.895 [I] Progress on: 7.27kit/10.0kit rate:2.2s/it remaining:1:41:08 elapsed:4:56:46 postfix:- (276263:tqdm_logging.py:145)
05:27:37.009 [I] Progress on: 7.28kit/10.0kit rate:2.2s/it remaining:1:40:55 elapsed:4:56:57 postfix:- (276263:tqdm_logging.py:145)
05:27:48.190 [I] Progress on: 7.28kit/10.0kit rate:2.2s/it remaining:1:40:32 elapsed:4:57:08 postfix:- (276263:tqdm_logging.py:145)
05:27:59.308 [I] Progress on: 7.29kit/10.0kit rate:2.2s/it remaining:1:40:35 elapsed:4:57:19 postfix:- (276263:tqdm_logging.py:145)
05:28:10.416 [I] Progress on: 7.29kit/10.0kit rate:2.2s/it remaining:1:40:18 elapsed:4:57:30 postfix:- (276263:tqdm_logging.py:145)
05:28:21.544 [I] Progress on: 7.29kit/10.0kit rate:2.2s/it remaining:1:40:18 elapsed:4:57:42 postfix:- (276263:tqdm_logging.py:145)
05:28:32.671 [I] Progress on: 7.30kit/10.0kit rate:2.2s/it remaining:1:40:11 elapsed:4:57:53 postfix:- (276263:tqdm_logging.py:145)
05:28:43.857 [I] Progress on: 7.30kit/10.0kit rate:2.2s/it remaining:1:39:42 elapsed:4:58:04 postfix:- (276263:tqdm_logging.py:145)
05:28:54.985 [I] Progress on: 7.31kit/10.0kit rate:2.2s/it remaining:1:39:48 elapsed:4:58:15 postfix:- (276263:tqdm_logging.py:145)
05:29:06.099 [I] Progress on: 7.32kit/10.0kit rate:2.2s/it remaining:1:39:32 elapsed:4:58:26 postfix:- (276263:tqdm_logging.py:145)
05:29:17.215 [I] Progress on: 7.32kit/10.0kit rate:2.2s/it remaining:1:39:19 elapsed:4:58:37 postfix:- (276263:tqdm_logging.py:145)
05:29:28.328 [I] Progress on: 7.33kit/10.0kit rate:2.2s/it remaining:1:39:05 elapsed:4:58:48 postfix:- (276263:tqdm_logging.py:145)
05:29:39.497 [I] Progress on: 7.33kit/10.0kit rate:2.2s/it remaining:1:38:37 elapsed:4:58:59 postfix:- (276263:tqdm_logging.py:145)
05:29:50.617 [I] Progress on: 7.33kit/10.0kit rate:2.2s/it remaining:1:38:42 elapsed:4:59:11 postfix:- (276263:tqdm_logging.py:145)
05:30:01.726 [I] Progress on: 7.34kit/10.0kit rate:2.2s/it remaining:1:38:26 elapsed:4:59:22 postfix:- (276263:tqdm_logging.py:145)
05:30:12.848 [I] Progress on: 7.34kit/10.0kit rate:2.2s/it remaining:1:38:22 elapsed:4:59:33 postfix:- (276263:tqdm_logging.py:145)
05:30:23.963 [I] Progress on: 7.35kit/10.0kit rate:2.2s/it remaining:1:38:11 elapsed:4:59:44 postfix:- (276263:tqdm_logging.py:145)
05:30:35.150 [I] Progress on: 7.36kit/10.0kit rate:2.2s/it remaining:1:37:51 elapsed:4:59:55 postfix:- (276263:tqdm_logging.py:145)
05:30:46.258 [I] Progress on: 7.36kit/10.0kit rate:2.2s/it remaining:1:37:45 elapsed:5:00:06 postfix:- (276263:tqdm_logging.py:145)
05:30:57.378 [I] Progress on: 7.37kit/10.0kit rate:2.2s/it remaining:1:37:42 elapsed:5:00:17 postfix:- (276263:tqdm_logging.py:145)
05:31:08.488 [I] Progress on: 7.37kit/10.0kit rate:2.2s/it remaining:1:37:25 elapsed:5:00:28 postfix:- (276263:tqdm_logging.py:145)
05:31:19.612 [I] Progress on: 7.38kit/10.0kit rate:2.2s/it remaining:1:37:18 elapsed:5:00:40 postfix:- (276263:tqdm_logging.py:145)
05:31:30.783 [I] Progress on: 7.38kit/10.0kit rate:2.2s/it remaining:1:36:48 elapsed:5:00:51 postfix:- (276263:tqdm_logging.py:145)
05:31:41.903 [I] Progress on: 7.38kit/10.0kit rate:2.2s/it remaining:1:36:46 elapsed:5:01:02 postfix:- (276263:tqdm_logging.py:145)
05:31:53.014 [I] Progress on: 7.39kit/10.0kit rate:2.2s/it remaining:1:36:37 elapsed:5:01:13 postfix:- (276263:tqdm_logging.py:145)
05:32:04.145 [I] Progress on: 7.39kit/10.0kit rate:2.2s/it remaining:1:36:38 elapsed:5:01:24 postfix:- (276263:tqdm_logging.py:145)
05:32:15.247 [I] Progress on: 7.40kit/10.0kit rate:2.2s/it remaining:1:36:20 elapsed:5:01:35 postfix:- (276263:tqdm_logging.py:145)
05:32:26.422 [I] Progress on: 7.41kit/10.0kit rate:2.2s/it remaining:1:35:54 elapsed:5:01:46 postfix:- (276263:tqdm_logging.py:145)
05:32:37.544 [I] Progress on: 7.41kit/10.0kit rate:2.2s/it remaining:1:36:00 elapsed:5:01:58 postfix:- (276263:tqdm_logging.py:145)
05:32:48.648 [I] Progress on: 7.42kit/10.0kit rate:2.2s/it remaining:1:35:37 elapsed:5:02:09 postfix:- (276263:tqdm_logging.py:145)
05:32:59.773 [I] Progress on: 7.42kit/10.0kit rate:2.2s/it remaining:1:35:37 elapsed:5:02:20 postfix:- (276263:tqdm_logging.py:145)
05:33:10.897 [I] Progress on: 7.42kit/10.0kit rate:2.2s/it remaining:1:35:30 elapsed:5:02:31 postfix:- (276263:tqdm_logging.py:145)
05:33:22.076 [I] Progress on: 7.43kit/10.0kit rate:2.2s/it remaining:1:35:03 elapsed:5:02:42 postfix:- (276263:tqdm_logging.py:145)
05:33:33.202 [I] Progress on: 7.43kit/10.0kit rate:2.2s/it remaining:1:35:06 elapsed:5:02:53 postfix:- (276263:tqdm_logging.py:145)
05:33:44.321 [I] Progress on: 7.44kit/10.0kit rate:2.2s/it remaining:1:34:54 elapsed:5:03:04 postfix:- (276263:tqdm_logging.py:145)
05:33:55.431 [I] Progress on: 7.45kit/10.0kit rate:2.2s/it remaining:1:34:36 elapsed:5:03:15 postfix:- (276263:tqdm_logging.py:145)
05:34:06.552 [I] Progress on: 7.45kit/10.0kit rate:2.2s/it remaining:1:34:30 elapsed:5:03:27 postfix:- (276263:tqdm_logging.py:145)
05:34:17.735 [I] Progress on: 7.46kit/10.0kit rate:2.2s/it remaining:1:34:08 elapsed:5:03:38 postfix:- (276263:tqdm_logging.py:145)
05:34:28.857 [I] Progress on: 7.46kit/10.0kit rate:2.2s/it remaining:1:34:09 elapsed:5:03:49 postfix:- (276263:tqdm_logging.py:145)
05:34:39.969 [I] Progress on: 7.46kit/10.0kit rate:2.2s/it remaining:1:33:51 elapsed:5:04:00 postfix:- (276263:tqdm_logging.py:145)
05:34:51.083 [I] Progress on: 7.47kit/10.0kit rate:2.2s/it remaining:1:33:40 elapsed:5:04:11 postfix:- (276263:tqdm_logging.py:145)
05:35:02.207 [I] Progress on: 7.47kit/10.0kit rate:2.2s/it remaining:1:33:33 elapsed:5:04:22 postfix:- (276263:tqdm_logging.py:145)
05:35:13.395 [I] Progress on: 7.48kit/10.0kit rate:2.2s/it remaining:1:33:12 elapsed:5:04:33 postfix:- (276263:tqdm_logging.py:145)
05:35:24.515 [I] Progress on: 7.49kit/10.0kit rate:2.2s/it remaining:1:33:14 elapsed:5:04:44 postfix:- (276263:tqdm_logging.py:145)
05:35:35.617 [I] Progress on: 7.49kit/10.0kit rate:2.2s/it remaining:1:32:57 elapsed:5:04:56 postfix:- (276263:tqdm_logging.py:145)
05:35:46.726 [I] Progress on: 7.50kit/10.0kit rate:2.2s/it remaining:1:32:43 elapsed:5:05:07 postfix:- (276263:tqdm_logging.py:145)
05:35:57.848 [I] Progress on: 7.50kit/10.0kit rate:2.2s/it remaining:1:32:38 elapsed:5:05:18 postfix:- (276263:tqdm_logging.py:145)
05:36:09.025 [I] Progress on: 7.50kit/10.0kit rate:2.2s/it remaining:1:32:17 elapsed:5:05:29 postfix:- (276263:tqdm_logging.py:145)
05:36:20.132 [I] Progress on: 7.51kit/10.0kit rate:2.2s/it remaining:1:32:10 elapsed:5:05:40 postfix:- (276263:tqdm_logging.py:145)
05:36:31.250 [I] Progress on: 7.51kit/10.0kit rate:2.2s/it remaining:1:32:06 elapsed:5:05:51 postfix:- (276263:tqdm_logging.py:145)
05:36:42.358 [I] Progress on: 7.52kit/10.0kit rate:2.2s/it remaining:1:31:47 elapsed:5:06:02 postfix:- (276263:tqdm_logging.py:145)
05:36:53.482 [I] Progress on: 7.53kit/10.0kit rate:2.2s/it remaining:1:31:41 elapsed:5:06:13 postfix:- (276263:tqdm_logging.py:145)
05:37:04.622 [I] Progress on: 7.53kit/10.0kit rate:2.2s/it remaining:1:31:06 elapsed:5:06:25 postfix:- (276263:tqdm_logging.py:145)
05:37:15.751 [I] Progress on: 7.54kit/10.0kit rate:2.2s/it remaining:1:31:19 elapsed:5:06:36 postfix:- (276263:tqdm_logging.py:145)
05:37:26.864 [I] Progress on: 7.54kit/10.0kit rate:2.2s/it remaining:1:31:07 elapsed:5:06:47 postfix:- (276263:tqdm_logging.py:145)
05:37:37.983 [I] Progress on: 7.54kit/10.0kit rate:2.2s/it remaining:1:31:00 elapsed:5:06:58 postfix:- (276263:tqdm_logging.py:145)
05:37:49.106 [I] Progress on: 7.55kit/10.0kit rate:2.2s/it remaining:1:30:51 elapsed:5:07:09 postfix:- (276263:tqdm_logging.py:145)
05:38:00.291 [I] Progress on: 7.55kit/10.0kit rate:2.2s/it remaining:1:30:26 elapsed:5:07:20 postfix:- (276263:tqdm_logging.py:145)
05:38:11.402 [I] Progress on: 7.56kit/10.0kit rate:2.2s/it remaining:1:30:18 elapsed:5:07:31 postfix:- (276263:tqdm_logging.py:145)
05:38:22.530 [I] Progress on: 7.57kit/10.0kit rate:2.2s/it remaining:1:30:21 elapsed:5:07:42 postfix:- (276263:tqdm_logging.py:145)
05:38:33.621 [I] Progress on: 7.57kit/10.0kit rate:2.2s/it remaining:1:29:50 elapsed:5:07:54 postfix:- (276263:tqdm_logging.py:145)
05:38:44.745 [I] Progress on: 7.58kit/10.0kit rate:2.2s/it remaining:1:29:49 elapsed:5:08:05 postfix:- (276263:tqdm_logging.py:145)
05:38:55.916 [I] Progress on: 7.58kit/10.0kit rate:2.2s/it remaining:1:29:20 elapsed:5:08:16 postfix:- (276263:tqdm_logging.py:145)
05:39:07.037 [I] Progress on: 7.58kit/10.0kit rate:2.2s/it remaining:1:29:24 elapsed:5:08:27 postfix:- (276263:tqdm_logging.py:145)
05:39:18.155 [I] Progress on: 7.59kit/10.0kit rate:2.2s/it remaining:1:29:12 elapsed:5:08:38 postfix:- (276263:tqdm_logging.py:145)
05:39:29.271 [I] Progress on: 7.59kit/10.0kit rate:2.2s/it remaining:1:29:03 elapsed:5:08:49 postfix:- (276263:tqdm_logging.py:145)
05:39:40.391 [I] Progress on: 7.60kit/10.0kit rate:2.2s/it remaining:1:28:57 elapsed:5:09:00 postfix:- (276263:tqdm_logging.py:145)
05:39:51.583 [I] Progress on: 7.61kit/10.0kit rate:2.2s/it remaining:1:28:33 elapsed:5:09:12 postfix:- (276263:tqdm_logging.py:145)
05:40:02.700 [I] Progress on: 7.61kit/10.0kit rate:2.2s/it remaining:1:28:30 elapsed:5:09:23 postfix:- (276263:tqdm_logging.py:145)
05:40:13.822 [I] Progress on: 7.62kit/10.0kit rate:2.2s/it remaining:1:28:22 elapsed:5:09:34 postfix:- (276263:tqdm_logging.py:145)
05:40:24.939 [I] Progress on: 7.62kit/10.0kit rate:2.2s/it remaining:1:28:09 elapsed:5:09:45 postfix:- (276263:tqdm_logging.py:145)
05:40:36.060 [I] Progress on: 7.62kit/10.0kit rate:2.2s/it remaining:1:28:02 elapsed:5:09:56 postfix:- (276263:tqdm_logging.py:145)
05:40:47.249 [I] Progress on: 7.63kit/10.0kit rate:2.2s/it remaining:1:27:39 elapsed:5:10:07 postfix:- (276263:tqdm_logging.py:145)
05:40:58.363 [I] Progress on: 7.63kit/10.0kit rate:2.2s/it remaining:1:27:32 elapsed:5:10:18 postfix:- (276263:tqdm_logging.py:145)
05:41:09.492 [I] Progress on: 7.64kit/10.0kit rate:2.2s/it remaining:1:27:34 elapsed:5:10:29 postfix:- (276263:tqdm_logging.py:145)
05:41:20.600 [I] Progress on: 7.64kit/10.0kit rate:2.2s/it remaining:1:27:15 elapsed:5:10:41 postfix:- (276263:tqdm_logging.py:145)
05:41:31.719 [I] Progress on: 7.65kit/10.0kit rate:2.2s/it remaining:1:27:07 elapsed:5:10:52 postfix:- (276263:tqdm_logging.py:145)
05:41:42.899 [I] Progress on: 7.66kit/10.0kit rate:2.2s/it remaining:1:26:38 elapsed:5:11:03 postfix:- (276263:tqdm_logging.py:145)
05:41:54.023 [I] Progress on: 7.66kit/10.0kit rate:2.2s/it remaining:1:26:41 elapsed:5:11:14 postfix:- (276263:tqdm_logging.py:145)
05:42:05.129 [I] Progress on: 7.67kit/10.0kit rate:2.2s/it remaining:1:26:29 elapsed:5:11:25 postfix:- (276263:tqdm_logging.py:145)
05:42:16.250 [I] Progress on: 7.67kit/10.0kit rate:2.2s/it remaining:1:26:24 elapsed:5:11:36 postfix:- (276263:tqdm_logging.py:145)
05:42:27.355 [I] Progress on: 7.67kit/10.0kit rate:2.2s/it remaining:1:26:06 elapsed:5:11:47 postfix:- (276263:tqdm_logging.py:145)
05:42:38.540 [I] Progress on: 7.68kit/10.0kit rate:2.2s/it remaining:1:25:46 elapsed:5:11:59 postfix:- (276263:tqdm_logging.py:145)
05:42:49.657 [I] Progress on: 7.68kit/10.0kit rate:2.2s/it remaining:1:25:43 elapsed:5:12:10 postfix:- (276263:tqdm_logging.py:145)
05:43:00.775 [I] Progress on: 7.69kit/10.0kit rate:2.2s/it remaining:1:25:36 elapsed:5:12:21 postfix:- (276263:tqdm_logging.py:145)
05:43:11.896 [I] Progress on: 7.70kit/10.0kit rate:2.2s/it remaining:1:25:27 elapsed:5:12:32 postfix:- (276263:tqdm_logging.py:145)
05:43:23.009 [I] Progress on: 7.70kit/10.0kit rate:2.2s/it remaining:1:25:10 elapsed:5:12:43 postfix:- (276263:tqdm_logging.py:145)
05:43:34.184 [I] Progress on: 7.71kit/10.0kit rate:2.2s/it remaining:1:24:47 elapsed:5:12:54 postfix:- (276263:tqdm_logging.py:145)
05:43:45.304 [I] Progress on: 7.71kit/10.0kit rate:2.2s/it remaining:1:24:48 elapsed:5:13:05 postfix:- (276263:tqdm_logging.py:145)
05:43:56.417 [I] Progress on: 7.71kit/10.0kit rate:2.2s/it remaining:1:24:36 elapsed:5:13:16 postfix:- (276263:tqdm_logging.py:145)
05:44:07.537 [I] Progress on: 7.72kit/10.0kit rate:2.2s/it remaining:1:24:28 elapsed:5:13:28 postfix:- (276263:tqdm_logging.py:145)
05:44:18.652 [I] Progress on: 7.72kit/10.0kit rate:2.2s/it remaining:1:24:19 elapsed:5:13:39 postfix:- (276263:tqdm_logging.py:145)
05:44:29.829 [I] Progress on: 7.73kit/10.0kit rate:2.2s/it remaining:1:23:53 elapsed:5:13:50 postfix:- (276263:tqdm_logging.py:145)
05:44:40.945 [I] Progress on: 7.74kit/10.0kit rate:2.2s/it remaining:1:23:51 elapsed:5:14:01 postfix:- (276263:tqdm_logging.py:145)
05:44:52.057 [I] Progress on: 7.74kit/10.0kit rate:2.2s/it remaining:1:23:41 elapsed:5:14:12 postfix:- (276263:tqdm_logging.py:145)
05:45:03.167 [I] Progress on: 7.75kit/10.0kit rate:2.2s/it remaining:1:23:26 elapsed:5:14:23 postfix:- (276263:tqdm_logging.py:145)
05:45:14.296 [I] Progress on: 7.75kit/10.0kit rate:2.2s/it remaining:1:23:25 elapsed:5:14:34 postfix:- (276263:tqdm_logging.py:145)
05:45:25.496 [I] Progress on: 7.75kit/10.0kit rate:2.2s/it remaining:1:23:05 elapsed:5:14:45 postfix:- (276263:tqdm_logging.py:145)
05:45:36.617 [I] Progress on: 7.76kit/10.0kit rate:2.2s/it remaining:1:23:04 elapsed:5:14:57 postfix:- (276263:tqdm_logging.py:145)
05:45:47.724 [I] Progress on: 7.76kit/10.0kit rate:2.2s/it remaining:1:22:47 elapsed:5:15:08 postfix:- (276263:tqdm_logging.py:145)
05:45:58.848 [I] Progress on: 7.77kit/10.0kit rate:2.2s/it remaining:1:22:41 elapsed:5:15:19 postfix:- (276263:tqdm_logging.py:145)
05:46:09.969 [I] Progress on: 7.78kit/10.0kit rate:2.2s/it remaining:1:22:30 elapsed:5:15:30 postfix:- (276263:tqdm_logging.py:145)
05:46:21.129 [I] Progress on: 7.78kit/10.0kit rate:2.2s/it remaining:1:22:02 elapsed:5:15:41 postfix:- (276263:tqdm_logging.py:145)
05:46:32.251 [I] Progress on: 7.79kit/10.0kit rate:2.2s/it remaining:1:22:04 elapsed:5:15:52 postfix:- (276263:tqdm_logging.py:145)
05:46:43.374 [I] Progress on: 7.79kit/10.0kit rate:2.2s/it remaining:1:21:57 elapsed:5:16:03 postfix:- (276263:tqdm_logging.py:145)
05:46:54.502 [I] Progress on: 7.79kit/10.0kit rate:2.2s/it remaining:1:21:47 elapsed:5:16:14 postfix:- (276263:tqdm_logging.py:145)
05:47:05.622 [I] Progress on: 7.80kit/10.0kit rate:2.2s/it remaining:1:21:35 elapsed:5:16:26 postfix:- (276263:tqdm_logging.py:145)
05:47:16.800 [I] Progress on: 7.80kit/10.0kit rate:2.2s/it remaining:1:21:09 elapsed:5:16:37 postfix:- (276263:tqdm_logging.py:145)
05:47:27.923 [I] Progress on: 7.81kit/10.0kit rate:2.2s/it remaining:1:21:10 elapsed:5:16:48 postfix:- (276263:tqdm_logging.py:145)
05:47:39.043 [I] Progress on: 7.82kit/10.0kit rate:2.2s/it remaining:1:20:57 elapsed:5:16:59 postfix:- (276263:tqdm_logging.py:145)
05:47:50.168 [I] Progress on: 7.82kit/10.0kit rate:2.2s/it remaining:1:20:48 elapsed:5:17:10 postfix:- (276263:tqdm_logging.py:145)
05:48:01.288 [I] Progress on: 7.83kit/10.0kit rate:2.2s/it remaining:1:20:40 elapsed:5:17:21 postfix:- (276263:tqdm_logging.py:145)
05:48:12.455 [I] Progress on: 7.83kit/10.0kit rate:2.2s/it remaining:1:20:10 elapsed:5:17:32 postfix:- (276263:tqdm_logging.py:145)
05:48:23.568 [I] Progress on: 7.83kit/10.0kit rate:2.2s/it remaining:1:20:09 elapsed:5:17:44 postfix:- (276263:tqdm_logging.py:145)
05:48:34.701 [I] Progress on: 7.84kit/10.0kit rate:2.2s/it remaining:1:20:07 elapsed:5:17:55 postfix:- (276263:tqdm_logging.py:145)
05:48:45.820 [I] Progress on: 7.84kit/10.0kit rate:2.2s/it remaining:1:19:52 elapsed:5:18:06 postfix:- (276263:tqdm_logging.py:145)
05:48:56.938 [I] Progress on: 7.85kit/10.0kit rate:2.2s/it remaining:1:19:38 elapsed:5:18:17 postfix:- (276263:tqdm_logging.py:145)
05:49:08.126 [I] Progress on: 7.86kit/10.0kit rate:2.2s/it remaining:1:19:18 elapsed:5:18:28 postfix:- (276263:tqdm_logging.py:145)
05:49:19.254 [I] Progress on: 7.86kit/10.0kit rate:2.2s/it remaining:1:19:20 elapsed:5:18:39 postfix:- (276263:tqdm_logging.py:145)
05:49:30.359 [I] Progress on: 7.87kit/10.0kit rate:2.2s/it remaining:1:19:02 elapsed:5:18:50 postfix:- (276263:tqdm_logging.py:145)
05:49:41.479 [I] Progress on: 7.87kit/10.0kit rate:2.2s/it remaining:1:18:55 elapsed:5:19:01 postfix:- (276263:tqdm_logging.py:145)
05:49:52.592 [I] Progress on: 7.88kit/10.0kit rate:2.2s/it remaining:1:18:41 elapsed:5:19:13 postfix:- (276263:tqdm_logging.py:145)
05:50:03.781 [I] Progress on: 7.88kit/10.0kit rate:2.2s/it remaining:1:18:25 elapsed:5:19:24 postfix:- (276263:tqdm_logging.py:145)
05:50:14.897 [I] Progress on: 7.88kit/10.0kit rate:2.2s/it remaining:1:18:19 elapsed:5:19:35 postfix:- (276263:tqdm_logging.py:145)
05:50:26.019 [I] Progress on: 7.89kit/10.0kit rate:2.2s/it remaining:1:18:13 elapsed:5:19:46 postfix:- (276263:tqdm_logging.py:145)
05:50:37.133 [I] Progress on: 7.89kit/10.0kit rate:2.2s/it remaining:1:17:56 elapsed:5:19:57 postfix:- (276263:tqdm_logging.py:145)
05:50:48.263 [I] Progress on: 7.90kit/10.0kit rate:2.2s/it remaining:1:17:54 elapsed:5:20:08 postfix:- (276263:tqdm_logging.py:145)
05:50:59.432 [I] Progress on: 7.91kit/10.0kit rate:2.2s/it remaining:1:17:26 elapsed:5:20:19 postfix:- (276263:tqdm_logging.py:145)
05:51:10.556 [I] Progress on: 7.91kit/10.0kit rate:2.2s/it remaining:1:17:28 elapsed:5:20:31 postfix:- (276263:tqdm_logging.py:145)
05:51:21.673 [I] Progress on: 7.92kit/10.0kit rate:2.2s/it remaining:1:17:16 elapsed:5:20:42 postfix:- (276263:tqdm_logging.py:145)
05:51:32.791 [I] Progress on: 7.92kit/10.0kit rate:2.2s/it remaining:1:17:04 elapsed:5:20:53 postfix:- (276263:tqdm_logging.py:145)
05:51:43.918 [I] Progress on: 7.92kit/10.0kit rate:2.2s/it remaining:1:16:55 elapsed:5:21:04 postfix:- (276263:tqdm_logging.py:145)
05:51:55.100 [I] Progress on: 7.93kit/10.0kit rate:2.2s/it remaining:1:16:32 elapsed:5:21:15 postfix:- (276263:tqdm_logging.py:145)
05:52:06.224 [I] Progress on: 7.93kit/10.0kit rate:2.2s/it remaining:1:16:29 elapsed:5:21:26 postfix:- (276263:tqdm_logging.py:145)
05:52:17.359 [I] Progress on: 7.94kit/10.0kit rate:2.2s/it remaining:1:16:24 elapsed:5:21:37 postfix:- (276263:tqdm_logging.py:145)
05:52:28.467 [I] Progress on: 7.95kit/10.0kit rate:2.2s/it remaining:1:16:10 elapsed:5:21:48 postfix:- (276263:tqdm_logging.py:145)
05:52:39.579 [I] Progress on: 7.95kit/10.0kit rate:2.2s/it remaining:1:15:56 elapsed:5:22:00 postfix:- (276263:tqdm_logging.py:145)
05:52:50.776 [I] Progress on: 7.96kit/10.0kit rate:2.2s/it remaining:1:15:38 elapsed:5:22:11 postfix:- (276263:tqdm_logging.py:145)
05:53:01.898 [I] Progress on: 7.96kit/10.0kit rate:2.2s/it remaining:1:15:37 elapsed:5:22:22 postfix:- (276263:tqdm_logging.py:145)
05:53:13.019 [I] Progress on: 7.96kit/10.0kit rate:2.2s/it remaining:1:15:29 elapsed:5:22:33 postfix:- (276263:tqdm_logging.py:145)
05:53:24.139 [I] Progress on: 7.97kit/10.0kit rate:2.2s/it remaining:1:15:14 elapsed:5:22:44 postfix:- (276263:tqdm_logging.py:145)
05:53:35.255 [I] Progress on: 7.97kit/10.0kit rate:2.2s/it remaining:1:15:00 elapsed:5:22:55 postfix:- (276263:tqdm_logging.py:145)
05:53:46.434 [I] Progress on: 7.98kit/10.0kit rate:2.2s/it remaining:1:14:33 elapsed:5:23:06 postfix:- (276263:tqdm_logging.py:145)
05:53:57.565 [I] Progress on: 7.99kit/10.0kit rate:2.2s/it remaining:1:14:43 elapsed:5:23:18 postfix:- (276263:tqdm_logging.py:145)
05:54:08.682 [I] Progress on: 7.99kit/10.0kit rate:2.2s/it remaining:1:14:30 elapsed:5:23:29 postfix:- (276263:tqdm_logging.py:145)
05:54:19.796 [I] Progress on: 8.00kit/10.0kit rate:2.2s/it remaining:1:14:16 elapsed:5:23:40 postfix:- (276263:tqdm_logging.py:145)
05:54:30.920 [I] Progress on: 8.00kit/10.0kit rate:2.2s/it remaining:1:14:10 elapsed:5:23:51 postfix:- (276263:tqdm_logging.py:145)
05:54:33.527 [I] [process=0][thread=MainThread][wait_until_finished] Initiating wait for Save Finalize thread. (276263:checkpoint_manager.py:1759)
05:54:33.527 [I] [process=0][thread=MainThread][step=7000][wait_until_finished] Waiting for Save Finalize thread (save_finalize) to complete. (276263:checkpoint_manager.py:1777)
05:54:33.527 [I] [process=0][thread=MainThread][step=7000][wait_until_finished] Done waiting for Save Finalize thread (save_finalize) running at step=7000. (276263:checkpoint_manager.py:1786)
05:54:33.527 [I] [process=0][thread=MainThread][step=7000][wait_until_finished] Resetting Save Finalize thread (save_finalize) running at step=7000, also errors if any. (276263:checkpoint_manager.py:1817)
05:54:33.528 [I] [process=0] Saving checkpoint at step 8000                                       (276263:checkpoint_manager.py:1286)
05:54:33.528 [I] [process=0] Started async saving checkpoint to /shared/.cache/retain/checkpoints/retain_repro_pretrain/paper_final_hparams/8000. (276263:async_checkpointer.py:358)
05:54:33.530 [I] [process=0][thread=MainThread] Skipping global process sync, barrier name: create_tmp_directory:pre (276263:multihost.py:293)
05:54:33.530 [I] Creating tmp directory /shared/.cache/retain/checkpoints/retain_repro_pretrain/paper_final_hparams/8000.orbax-checkpoint-tmp-28 (276263:atomicity.py:144)
05:54:33.531 [I] [process=0][thread=MainThread] Skipping global process sync, barrier name: create_tmp_directory:post (276263:multihost.py:293)
05:54:33.531 [I] [process=0][thread=MainThread] Skipping global process sync, barrier name: create_tmp_directory:pre (276263:multihost.py:293)
05:54:33.532 [I] Creating tmp directory /shared/.cache/retain/checkpoints/retain_repro_pretrain/paper_final_hparams/8000.orbax-checkpoint-tmp-28/assets.orbax-checkpoint-tmp-29 (276263:atomicity.py:144)
05:54:33.533 [I] Creating tmp directory /shared/.cache/retain/checkpoints/retain_repro_pretrain/paper_final_hparams/8000.orbax-checkpoint-tmp-28/params.orbax-checkpoint-tmp-30 (276263:atomicity.py:144)
05:54:33.533 [I] Creating tmp directory /shared/.cache/retain/checkpoints/retain_repro_pretrain/paper_final_hparams/8000.orbax-checkpoint-tmp-28/train_state.orbax-checkpoint-tmp-31 (276263:atomicity.py:144)
05:54:33.536 [I] [process=0][thread=MainThread] Skipping global process sync, barrier name: create_tmp_directory:post (276263:multihost.py:293)
05:54:33.554 [I] Transferring arrays to host memory with options: use_replica_parallel=False, enable_pinned_host_transfer=False (276263:replica_slices.py:419)
05:55:04.087 [I] Transferring arrays to host memory with options: use_replica_parallel=False, enable_pinned_host_transfer=False (276263:replica_slices.py:419)
05:55:04.101 [I] Array name: 'params.PaliGemma.llm.layers.mlp.gating_einsum.value', global shape: (18, 2, 2048, 16384), write shape: (18, 2, 2048, 16384), chosen chunk shape: (18, 2, 2048, 4096) (276263:tensorstore_utils.py:371)
05:55:04.104 [I] Array name: 'params.PaliGemma.llm.layers.mlp.linear.value', global shape: (18, 16384, 2048), write shape: (18, 16384, 2048), chosen chunk shape: (18, 8192, 2048) (276263:tensorstore_utils.py:371)
06:00:51.303 [I] [process=0] /jax/checkpoint/write/blocking_bytes_per_sec: 32.7 MiB/s (total bytes: 12.1 GiB) (time elapsed: 6 minutes) (per-host) (276263:base_pytree_checkpoint_handler.py:113)
06:00:51.307 [I] Array name: 'params.PaliGemma.llm.layers.mlp.gating_einsum.value', global shape: (18, 2, 2048, 16384), write shape: (18, 2, 2048, 16384), chosen chunk shape: (18, 2, 2048, 4096) (276263:tensorstore_utils.py:371)
06:00:51.308 [I] Array name: 'params.PaliGemma.llm.layers.mlp.linear.value', global shape: (18, 16384, 2048), write shape: (18, 16384, 2048), chosen chunk shape: (18, 8192, 2048) (276263:tensorstore_utils.py:371)
06:00:51.308 [I] [process=0] /jax/checkpoint/write/blocking_bytes_per_sec: 98.1 MiB/s (total bytes: 36.2 GiB) (time elapsed: 6 minutes) (per-host) (276263:base_pytree_checkpoint_handler.py:113)
06:00:51.311 [I] Array name: 'opt_state.1.0.mu.PaliGemma.llm.layers.mlp.gating_einsum.value', global shape: (18, 2, 2048, 16384), write shape: (18, 2, 2048, 16384), chosen chunk shape: (18, 2, 2048, 4096) (276263:tensorstore_utils.py:371)
06:00:51.315 [I] [process=0][thread=async_save] Background save thread started.                   (276263:async_checkpointer.py:121)
06:00:51.315 [I] Array name: 'opt_state.1.0.mu.PaliGemma.llm.layers.mlp.linear.value', global shape: (18, 16384, 2048), write shape: (18, 16384, 2048), chosen chunk shape: (18, 8192, 2048) (276263:tensorstore_utils.py:371)
06:00:51.323 [I] Array name: 'opt_state.1.0.nu.PaliGemma.llm.layers.mlp.gating_einsum.value', global shape: (18, 2, 2048, 16384), write shape: (18, 2, 2048, 16384), chosen chunk shape: (18, 2, 2048, 4096) (276263:tensorstore_utils.py:371)
06:00:51.323 [I] Array name: 'opt_state.1.0.nu.PaliGemma.llm.layers.mlp.linear.value', global shape: (18, 16384, 2048), write shape: (18, 16384, 2048), chosen chunk shape: (18, 8192, 2048) (276263:tensorstore_utils.py:371)
06:00:51.327 [I] Deleting Checkpoint[step=7000 | time=2026-08-20 05:17:25.951770+00:00 | is_locked=None]: (Reason: old checkpoint). (276263:checkpoint_manager.py:1748)
06:00:51.327 [I] [process=0][thread=MainThread] Skipping global process sync, barrier name: CheckpointManager:old_steps_to_remove (276263:multihost.py:293)
06:00:51.329 [I] [process=0][thread=MainThread][step=8000] Starting CheckpointManager Save Finalize thread=save_finalize (276263:checkpoint_manager.py:1328)
06:00:51.332 [I] [process=0][thread=save_finalize] Waiting for background save thread=async_save. (276263:async_checkpointer.py:231)
06:00:51.333 [I] {'step': 8000, 'event_type': 'save', 'directory': '/shared/.cache/retain/checkpoints/retain_repro_pretrain/paper_final_hparams', 'reached_preemption': False, 'preemption_received_at': None, 'synchronous': False, 'wait_for_prev_start_time': 1787205273.5276394, 'wait_for_prev_duration_secs': 0.0002970695495605469, 'checkpointer_blocking_start_time': 1787205273.5283804, 'checkpointer_blocking_duration_secs': 377.7991738319397, 'get_old_steps_start_time': 1787205651.3276396, 'get_old_steps_duration_secs': 0.0002932548522949219, 'checkpoint_manager_blocking_start_time': 1787205273.5274825, 'checkpoint_manager_blocking_duration_secs': 377.80554819107056} (276263:standard_logger.py:34)
06:00:51.334 [I] Progress on: 8.00kit/10.0kit rate:115.7s/it remaining:64:14:07 elapsed:5:30:11 postfix:- (276263:tqdm_logging.py:145)
06:00:51.340 [I] ChainedFuture completed 1/1 futures in 0.02 seconds.                             (276263:future.py:137)
06:00:51.341 [I] [process=0] /jax/checkpoint/write/bytes_per_sec: 32.7 MiB/s (total bytes: 12.1 GiB) (time elapsed: 6 minutes) (per-host) (276263:base_pytree_checkpoint_handler.py:113)
06:01:02.365 [I] Progress on: 8.01kit/10.0kit rate:21.3s/it remaining:11:48:27 elapsed:5:30:22 postfix:- (276263:tqdm_logging.py:145)
06:01:13.448 [I] Progress on: 8.01kit/10.0kit rate:5.4s/it remaining:2:59:44 elapsed:5:30:33 postfix:- (276263:tqdm_logging.py:145)
06:02:08.860 [I] ChainedFuture completed 1/1 futures in 77.52 seconds.                            (276263:future.py:137)
06:02:08.863 [I] [process=0] /jax/checkpoint/write/bytes_per_sec: 81.4 MiB/s (total bytes: 36.2 GiB) (time elapsed: 7 minutes) (per-host) (276263:base_pytree_checkpoint_handler.py:113)
06:02:08.864 [I] [process=0][thread=async_save] 3 Handler Commit operations completed.            (276263:async_checkpointer.py:131)
06:02:08.867 [I] [process=0][thread=async_save] Async Save Callback [1/3]: Finalizing Handler: <orbax.checkpoint._src.handlers.composite_checkpoint_handler.CompositeCheckpointHandler object at 0x7437d9693f90> on /shared/.cache/retain/checkpoints/retain_repro_pretrain/paper_final_hparams/8000.orbax-checkpoint-tmp-28 (276263:async_checkpointer.py:406)
06:02:08.868 [I] Renaming /shared/.cache/retain/checkpoints/retain_repro_pretrain/paper_final_hparams/8000.orbax-checkpoint-tmp-28/assets.orbax-checkpoint-tmp-29 to /shared/.cache/retain/checkpoints/retain_repro_pretrain/paper_final_hparams/8000.orbax-checkpoint-tmp-28/assets (276263:atomicity.py:287)
06:02:08.897 [I] Renaming /shared/.cache/retain/checkpoints/retain_repro_pretrain/paper_final_hparams/8000.orbax-checkpoint-tmp-28/train_state.orbax-checkpoint-tmp-31 to /shared/.cache/retain/checkpoints/retain_repro_pretrain/paper_final_hparams/8000.orbax-checkpoint-tmp-28/train_state (276263:atomicity.py:287)
06:02:09.050 [I] Renaming /shared/.cache/retain/checkpoints/retain_repro_pretrain/paper_final_hparams/8000.orbax-checkpoint-tmp-28/params.orbax-checkpoint-tmp-30 to /shared/.cache/retain/checkpoints/retain_repro_pretrain/paper_final_hparams/8000.orbax-checkpoint-tmp-28/params (276263:atomicity.py:287)
06:02:09.051 [I] [process=0][thread=async_save] Async Save Callback [2/3]: Running post_finalization_callback: None on /shared/.cache/retain/checkpoints/retain_repro_pretrain/paper_final_hparams/8000 (276263:async_checkpointer.py:416)
06:02:09.051 [I] [process=0][thread=async_save] Async Save Callback [3/3]: Finalizing checkpoint directory: /shared/.cache/retain/checkpoints/retain_repro_pretrain/paper_final_hparams/8000.orbax-checkpoint-tmp-28 (276263:async_checkpointer.py:426)
06:02:09.051 [I] Renaming /shared/.cache/retain/checkpoints/retain_repro_pretrain/paper_final_hparams/8000.orbax-checkpoint-tmp-28 to /shared/.cache/retain/checkpoints/retain_repro_pretrain/paper_final_hparams/8000 (276263:atomicity.py:287)
06:02:09.053 [I] [process=0][thread=async_save] Finished saving checkpoint (finalized tmp dir) to `/shared/.cache/retain/checkpoints/retain_repro_pretrain/paper_final_hparams/8000`. (276263:atomicity.py:548)
06:02:09.053 [I] [process=0][thread=async_save] Background save thread done.                      (276263:async_checkpointer.py:183)
06:02:09.053 [I] [process=0][thread=save_finalize] Done with waiting for background save thread=async_save. (276263:async_checkpointer.py:239)
06:02:09.053 [I] [process=0][thread=save_finalize] No errors found in background save thread=async_save. (276263:async_checkpointer.py:249)
06:02:09.175 [I] Progress on: 8.01kit/10.0kit rate:18.0s/it remaining:9:56:50 elapsed:5:31:29 postfix:- (276263:tqdm_logging.py:145)
06:02:10.840 [I] Deleted step 7000.                                                               (276263:deleter.py:114)
06:02:10.844 [I] [process=0][thread=save_finalize][step=8000] CheckpointManager Save Finalize is syncing with other hosts... (276263:checkpoint_manager.py:1890)
06:02:10.845 [I] [process=0][thread=save_finalize][step=8000] CheckpointManager Save Finalize is done on all hosts. (276263:checkpoint_manager.py:1905)
06:02:20.082 [I] Progress on: 8.02kit/10.0kit rate:4.9s/it remaining:2:40:28 elapsed:5:31:40 postfix:- (276263:tqdm_logging.py:145)
06:02:31.194 [I] Progress on: 8.02kit/10.0kit rate:2.7s/it remaining:1:27:45 elapsed:5:31:51 postfix:- (276263:tqdm_logging.py:145)
06:02:42.376 [I] Progress on: 8.03kit/10.0kit rate:2.3s/it remaining:1:15:17 elapsed:5:32:02 postfix:- (276263:tqdm_logging.py:145)
06:02:53.492 [I] Progress on: 8.03kit/10.0kit rate:2.2s/it remaining:1:13:14 elapsed:5:32:13 postfix:- (276263:tqdm_logging.py:145)
06:03:04.611 [I] Progress on: 8.04kit/10.0kit rate:2.2s/it remaining:1:12:44 elapsed:5:32:25 postfix:- (276263:tqdm_logging.py:145)
06:03:15.724 [I] Progress on: 8.04kit/10.0kit rate:2.2s/it remaining:1:12:25 elapsed:5:32:36 postfix:- (276263:tqdm_logging.py:145)
06:03:26.849 [I] Progress on: 8.05kit/10.0kit rate:2.2s/it remaining:1:12:17 elapsed:5:32:47 postfix:- (276263:tqdm_logging.py:145)
06:03:38.037 [I] Progress on: 8.05kit/10.0kit rate:2.2s/it remaining:1:11:53 elapsed:5:32:58 postfix:- (276263:tqdm_logging.py:145)
06:03:49.158 [I] Progress on: 8.06kit/10.0kit rate:2.2s/it remaining:1:11:55 elapsed:5:33:09 postfix:- (276263:tqdm_logging.py:145)
06:04:00.271 [I] Progress on: 8.06kit/10.0kit rate:2.2s/it remaining:1:11:39 elapsed:5:33:20 postfix:- (276263:tqdm_logging.py:145)
06:04:11.390 [I] Progress on: 8.07kit/10.0kit rate:2.2s/it remaining:1:11:31 elapsed:5:33:31 postfix:- (276263:tqdm_logging.py:145)
06:04:22.512 [I] Progress on: 8.07kit/10.0kit rate:2.2s/it remaining:1:11:23 elapsed:5:33:42 postfix:- (276263:tqdm_logging.py:145)
06:04:33.689 [I] Progress on: 8.08kit/10.0kit rate:2.2s/it remaining:1:10:53 elapsed:5:33:54 postfix:- (276263:tqdm_logging.py:145)
06:04:44.812 [I] Progress on: 8.08kit/10.0kit rate:2.2s/it remaining:1:10:56 elapsed:5:34:05 postfix:- (276263:tqdm_logging.py:145)
06:04:55.937 [I] Progress on: 8.09kit/10.0kit rate:2.2s/it remaining:1:10:50 elapsed:5:34:16 postfix:- (276263:tqdm_logging.py:145)
06:05:07.059 [I] Progress on: 8.09kit/10.0kit rate:2.2s/it remaining:1:10:40 elapsed:5:34:27 postfix:- (276263:tqdm_logging.py:145)
06:05:18.192 [I] Progress on: 8.10kit/10.0kit rate:2.2s/it remaining:1:10:34 elapsed:5:34:38 postfix:- (276263:tqdm_logging.py:145)
06:05:29.381 [I] Progress on: 8.10kit/10.0kit rate:2.2s/it remaining:1:10:03 elapsed:5:34:49 postfix:- (276263:tqdm_logging.py:145)
06:05:40.510 [I] Progress on: 8.11kit/10.0kit rate:2.2s/it remaining:1:10:09 elapsed:5:35:00 postfix:- (276263:tqdm_logging.py:145)
06:05:51.626 [I] Progress on: 8.11kit/10.0kit rate:2.2s/it remaining:1:09:55 elapsed:5:35:12 postfix:- (276263:tqdm_logging.py:145)
06:06:02.749 [I] Progress on: 8.12kit/10.0kit rate:2.2s/it remaining:1:09:47 elapsed:5:35:23 postfix:- (276263:tqdm_logging.py:145)
06:06:13.863 [I] Progress on: 8.12kit/10.0kit rate:2.2s/it remaining:1:09:31 elapsed:5:35:34 postfix:- (276263:tqdm_logging.py:145)
06:06:25.056 [I] Progress on: 8.13kit/10.0kit rate:2.2s/it remaining:1:09:09 elapsed:5:35:45 postfix:- (276263:tqdm_logging.py:145)
06:06:36.179 [I] Progress on: 8.13kit/10.0kit rate:2.2s/it remaining:1:09:09 elapsed:5:35:56 postfix:- (276263:tqdm_logging.py:145)
06:06:47.297 [I] Progress on: 8.14kit/10.0kit rate:2.2s/it remaining:1:08:57 elapsed:5:36:07 postfix:- (276263:tqdm_logging.py:145)
06:06:58.406 [I] Progress on: 8.14kit/10.0kit rate:2.2s/it remaining:1:08:43 elapsed:5:36:18 postfix:- (276263:tqdm_logging.py:145)
06:07:09.541 [I] Progress on: 8.15kit/10.0kit rate:2.2s/it remaining:1:08:40 elapsed:5:36:30 postfix:- (276263:tqdm_logging.py:145)
06:07:20.721 [I] Progress on: 8.15kit/10.0kit rate:2.2s/it remaining:1:08:10 elapsed:5:36:41 postfix:- (276263:tqdm_logging.py:145)
06:07:31.839 [I] Progress on: 8.16kit/10.0kit rate:2.2s/it remaining:1:08:11 elapsed:5:36:52 postfix:- (276263:tqdm_logging.py:145)
06:07:42.972 [I] Progress on: 8.16kit/10.0kit rate:2.2s/it remaining:1:08:07 elapsed:5:37:03 postfix:- (276263:tqdm_logging.py:145)
06:07:54.080 [I] Progress on: 8.17kit/10.0kit rate:2.2s/it remaining:1:07:47 elapsed:5:37:14 postfix:- (276263:tqdm_logging.py:145)
06:08:05.203 [I] Progress on: 8.17kit/10.0kit rate:2.2s/it remaining:1:07:39 elapsed:5:37:25 postfix:- (276263:tqdm_logging.py:145)
06:08:16.612 [I] Progress on: 8.18kit/10.0kit rate:2.2s/it remaining:1:07:57 elapsed:5:37:37 postfix:- (276263:tqdm_logging.py:145)
06:08:27.740 [I] Progress on: 8.18kit/10.0kit rate:2.2s/it remaining:1:07:28 elapsed:5:37:48 postfix:- (276263:tqdm_logging.py:145)
06:08:38.851 [I] Progress on: 8.19kit/10.0kit rate:2.2s/it remaining:1:07:03 elapsed:5:37:59 postfix:- (276263:tqdm_logging.py:145)
06:08:49.977 [I] Progress on: 8.19kit/10.0kit rate:2.2s/it remaining:1:06:57 elapsed:5:38:10 postfix:- (276263:tqdm_logging.py:145)
06:09:01.099 [I] Progress on: 8.20kit/10.0kit rate:2.2s/it remaining:1:06:46 elapsed:5:38:21 postfix:- (276263:tqdm_logging.py:145)
06:09:12.271 [I] Progress on: 8.20kit/10.0kit rate:2.2s/it remaining:1:06:17 elapsed:5:38:32 postfix:- (276263:tqdm_logging.py:145)
06:09:23.393 [I] Progress on: 8.21kit/10.0kit rate:2.2s/it remaining:1:06:19 elapsed:5:38:43 postfix:- (276263:tqdm_logging.py:145)
06:09:34.526 [I] Progress on: 8.21kit/10.0kit rate:2.2s/it remaining:1:06:13 elapsed:5:38:54 postfix:- (276263:tqdm_logging.py:145)
06:09:45.637 [I] Progress on: 8.22kit/10.0kit rate:2.2s/it remaining:1:05:58 elapsed:5:39:06 postfix:- (276263:tqdm_logging.py:145)
06:09:56.763 [I] Progress on: 8.22kit/10.0kit rate:2.2s/it remaining:1:05:48 elapsed:5:39:17 postfix:- (276263:tqdm_logging.py:145)
06:10:07.957 [I] Progress on: 8.23kit/10.0kit rate:2.2s/it remaining:1:05:27 elapsed:5:39:28 postfix:- (276263:tqdm_logging.py:145)
06:10:19.065 [I] Progress on: 8.23kit/10.0kit rate:2.2s/it remaining:1:05:20 elapsed:5:39:39 postfix:- (276263:tqdm_logging.py:145)
06:10:30.192 [I] Progress on: 8.24kit/10.0kit rate:2.2s/it remaining:1:05:14 elapsed:5:39:50 postfix:- (276263:tqdm_logging.py:145)
06:10:41.314 [I] Progress on: 8.24kit/10.0kit rate:2.2s/it remaining:1:05:05 elapsed:5:40:01 postfix:- (276263:tqdm_logging.py:145)
06:10:52.435 [I] Progress on: 8.25kit/10.0kit rate:2.2s/it remaining:1:04:54 elapsed:5:40:12 postfix:- (276263:tqdm_logging.py:145)
06:11:03.631 [I] Progress on: 8.25kit/10.0kit rate:2.2s/it remaining:1:04:30 elapsed:5:40:24 postfix:- (276263:tqdm_logging.py:145)
06:11:14.750 [I] Progress on: 8.26kit/10.0kit rate:2.2s/it remaining:1:04:29 elapsed:5:40:35 postfix:- (276263:tqdm_logging.py:145)
06:11:25.885 [I] Progress on: 8.26kit/10.0kit rate:2.2s/it remaining:1:04:27 elapsed:5:40:46 postfix:- (276263:tqdm_logging.py:145)
06:11:37.005 [I] Progress on: 8.27kit/10.0kit rate:2.2s/it remaining:1:04:13 elapsed:5:40:57 postfix:- (276263:tqdm_logging.py:145)
06:11:48.134 [I] Progress on: 8.27kit/10.0kit rate:2.2s/it remaining:1:04:01 elapsed:5:41:08 postfix:- (276263:tqdm_logging.py:145)
06:11:59.326 [I] Progress on: 8.28kit/10.0kit rate:2.2s/it remaining:1:03:38 elapsed:5:41:19 postfix:- (276263:tqdm_logging.py:145)
06:12:10.447 [I] Progress on: 8.28kit/10.0kit rate:2.2s/it remaining:1:03:32 elapsed:5:41:30 postfix:- (276263:tqdm_logging.py:145)
06:12:21.565 [I] Progress on: 8.29kit/10.0kit rate:2.2s/it remaining:1:03:20 elapsed:5:41:42 postfix:- (276263:tqdm_logging.py:145)
06:12:32.689 [I] Progress on: 8.29kit/10.0kit rate:2.2s/it remaining:1:03:13 elapsed:5:41:53 postfix:- (276263:tqdm_logging.py:145)
06:12:43.821 [I] Progress on: 8.30kit/10.0kit rate:2.2s/it remaining:1:03:08 elapsed:5:42:04 postfix:- (276263:tqdm_logging.py:145)
06:12:55.019 [I] Progress on: 8.30kit/10.0kit rate:2.2s/it remaining:1:02:43 elapsed:5:42:15 postfix:- (276263:tqdm_logging.py:145)
06:13:06.141 [I] Progress on: 8.31kit/10.0kit rate:2.2s/it remaining:1:02:41 elapsed:5:42:26 postfix:- (276263:tqdm_logging.py:145)
06:13:17.262 [I] Progress on: 8.31kit/10.0kit rate:2.2s/it remaining:1:02:31 elapsed:5:42:37 postfix:- (276263:tqdm_logging.py:145)
06:13:28.388 [I] Progress on: 8.32kit/10.0kit rate:2.2s/it remaining:1:02:20 elapsed:5:42:48 postfix:- (276263:tqdm_logging.py:145)
06:13:39.519 [I] Progress on: 8.32kit/10.0kit rate:2.2s/it remaining:1:02:12 elapsed:5:42:59 postfix:- (276263:tqdm_logging.py:145)
06:13:50.702 [I] Progress on: 8.33kit/10.0kit rate:2.2s/it remaining:1:01:45 elapsed:5:43:11 postfix:- (276263:tqdm_logging.py:145)
06:14:01.836 [I] Progress on: 8.33kit/10.0kit rate:2.2s/it remaining:1:01:48 elapsed:5:43:22 postfix:- (276263:tqdm_logging.py:145)
06:14:12.956 [I] Progress on: 8.34kit/10.0kit rate:2.2s/it remaining:1:01:36 elapsed:5:43:33 postfix:- (276263:tqdm_logging.py:145)
06:14:24.077 [I] Progress on: 8.34kit/10.0kit rate:2.2s/it remaining:1:01:27 elapsed:5:43:44 postfix:- (276263:tqdm_logging.py:145)
06:14:35.196 [I] Progress on: 8.35kit/10.0kit rate:2.2s/it remaining:1:01:14 elapsed:5:43:55 postfix:- (276263:tqdm_logging.py:145)
06:14:46.385 [I] Progress on: 8.35kit/10.0kit rate:2.2s/it remaining:1:00:50 elapsed:5:44:06 postfix:- (276263:tqdm_logging.py:145)
06:14:57.500 [I] Progress on: 8.36kit/10.0kit rate:2.2s/it remaining:1:00:47 elapsed:5:44:17 postfix:- (276263:tqdm_logging.py:145)
06:15:08.617 [I] Progress on: 8.36kit/10.0kit rate:2.2s/it remaining:1:00:36 elapsed:5:44:29 postfix:- (276263:tqdm_logging.py:145)
06:15:19.736 [I] Progress on: 8.37kit/10.0kit rate:2.2s/it remaining:1:00:26 elapsed:5:44:40 postfix:- (276263:tqdm_logging.py:145)
06:15:30.868 [I] Progress on: 8.37kit/10.0kit rate:2.2s/it remaining:1:00:19 elapsed:5:44:51 postfix:- (276263:tqdm_logging.py:145)
06:15:42.055 [I] Progress on: 8.38kit/10.0kit rate:2.2s/it remaining:59:54 elapsed:5:45:02 postfix:- (276263:tqdm_logging.py:145)
06:15:53.177 [I] Progress on: 8.38kit/10.0kit rate:2.2s/it remaining:59:51 elapsed:5:45:13 postfix:- (276263:tqdm_logging.py:145)
06:16:04.296 [I] Progress on: 8.39kit/10.0kit rate:2.2s/it remaining:59:41 elapsed:5:45:24 postfix:- (276263:tqdm_logging.py:145)
06:16:15.421 [I] Progress on: 8.39kit/10.0kit rate:2.2s/it remaining:59:31 elapsed:5:45:35 postfix:- (276263:tqdm_logging.py:145)
06:16:26.557 [I] Progress on: 8.40kit/10.0kit rate:2.2s/it remaining:59:26 elapsed:5:45:47 postfix:- (276263:tqdm_logging.py:145)
06:16:37.736 [I] Progress on: 8.40kit/10.0kit rate:2.2s/it remaining:58:56 elapsed:5:45:58 postfix:- (276263:tqdm_logging.py:145)
06:16:48.853 [I] Progress on: 8.41kit/10.0kit rate:2.2s/it remaining:58:54 elapsed:5:46:09 postfix:- (276263:tqdm_logging.py:145)
06:16:59.981 [I] Progress on: 8.41kit/10.0kit rate:2.2s/it remaining:58:46 elapsed:5:46:20 postfix:- (276263:tqdm_logging.py:145)
06:17:11.106 [I] Progress on: 8.42kit/10.0kit rate:2.2s/it remaining:58:36 elapsed:5:46:31 postfix:- (276263:tqdm_logging.py:145)
06:17:22.226 [I] Progress on: 8.42kit/10.0kit rate:2.2s/it remaining:58:24 elapsed:5:46:42 postfix:- (276263:tqdm_logging.py:145)
06:17:33.419 [I] Progress on: 8.43kit/10.0kit rate:2.2s/it remaining:58:04 elapsed:5:46:53 postfix:- (276263:tqdm_logging.py:145)
06:17:44.537 [I] Progress on: 8.43kit/10.0kit rate:2.2s/it remaining:57:59 elapsed:5:47:05 postfix:- (276263:tqdm_logging.py:145)
06:17:55.663 [I] Progress on: 8.44kit/10.0kit rate:2.2s/it remaining:57:51 elapsed:5:47:16 postfix:- (276263:tqdm_logging.py:145)
06:18:06.784 [I] Progress on: 8.44kit/10.0kit rate:2.2s/it remaining:57:39 elapsed:5:47:27 postfix:- (276263:tqdm_logging.py:145)
06:18:17.918 [I] Progress on: 8.45kit/10.0kit rate:2.2s/it remaining:57:36 elapsed:5:47:38 postfix:- (276263:tqdm_logging.py:145)
06:18:29.093 [I] Progress on: 8.45kit/10.0kit rate:2.2s/it remaining:57:07 elapsed:5:47:49 postfix:- (276263:tqdm_logging.py:145)
06:18:40.216 [I] Progress on: 8.46kit/10.0kit rate:2.2s/it remaining:57:07 elapsed:5:48:00 postfix:- (276263:tqdm_logging.py:145)
06:18:51.334 [I] Progress on: 8.46kit/10.0kit rate:2.2s/it remaining:56:57 elapsed:5:48:11 postfix:- (276263:tqdm_logging.py:145)
06:19:02.461 [I] Progress on: 8.47kit/10.0kit rate:2.2s/it remaining:56:47 elapsed:5:48:22 postfix:- (276263:tqdm_logging.py:145)
06:19:13.573 [I] Progress on: 8.47kit/10.0kit rate:2.2s/it remaining:56:31 elapsed:5:48:34 postfix:- (276263:tqdm_logging.py:145)
06:19:24.766 [I] Progress on: 8.48kit/10.0kit rate:2.2s/it remaining:56:10 elapsed:5:48:45 postfix:- (276263:tqdm_logging.py:145)
06:19:35.899 [I] Progress on: 8.48kit/10.0kit rate:2.2s/it remaining:56:14 elapsed:5:48:56 postfix:- (276263:tqdm_logging.py:145)
06:19:47.016 [I] Progress on: 8.49kit/10.0kit rate:2.2s/it remaining:55:58 elapsed:5:49:07 postfix:- (276263:tqdm_logging.py:145)
06:19:58.138 [I] Progress on: 8.49kit/10.0kit rate:2.2s/it remaining:55:48 elapsed:5:49:18 postfix:- (276263:tqdm_logging.py:145)
06:20:09.257 [I] Progress on: 8.50kit/10.0kit rate:2.2s/it remaining:55:37 elapsed:5:49:29 postfix:- (276263:tqdm_logging.py:145)
06:20:20.448 [I] Progress on: 8.50kit/10.0kit rate:2.2s/it remaining:55:18 elapsed:5:49:40 postfix:- (276263:tqdm_logging.py:145)
06:20:31.560 [I] Progress on: 8.51kit/10.0kit rate:2.2s/it remaining:55:14 elapsed:5:49:52 postfix:- (276263:tqdm_logging.py:145)
06:20:42.685 [I] Progress on: 8.51kit/10.0kit rate:2.2s/it remaining:55:05 elapsed:5:50:03 postfix:- (276263:tqdm_logging.py:145)
06:20:53.800 [I] Progress on: 8.52kit/10.0kit rate:2.2s/it remaining:54:52 elapsed:5:50:14 postfix:- (276263:tqdm_logging.py:145)
06:21:04.933 [I] Progress on: 8.52kit/10.0kit rate:2.2s/it remaining:54:47 elapsed:5:50:25 postfix:- (276263:tqdm_logging.py:145)
06:21:16.109 [I] Progress on: 8.53kit/10.0kit rate:2.2s/it remaining:54:18 elapsed:5:50:36 postfix:- (276263:tqdm_logging.py:145)
06:21:27.231 [I] Progress on: 8.53kit/10.0kit rate:2.2s/it remaining:54:17 elapsed:5:50:47 postfix:- (276263:tqdm_logging.py:145)
06:21:38.356 [I] Progress on: 8.54kit/10.0kit rate:2.2s/it remaining:54:07 elapsed:5:50:58 postfix:- (276263:tqdm_logging.py:145)
06:21:49.481 [I] Progress on: 8.54kit/10.0kit rate:2.2s/it remaining:53:57 elapsed:5:51:09 postfix:- (276263:tqdm_logging.py:145)
06:22:00.600 [I] Progress on: 8.55kit/10.0kit rate:2.2s/it remaining:53:46 elapsed:5:51:21 postfix:- (276263:tqdm_logging.py:145)
06:22:11.787 [I] Progress on: 8.55kit/10.0kit rate:2.2s/it remaining:53:26 elapsed:5:51:32 postfix:- (276263:tqdm_logging.py:145)
06:22:22.921 [I] Progress on: 8.56kit/10.0kit rate:2.2s/it remaining:53:28 elapsed:5:51:43 postfix:- (276263:tqdm_logging.py:145)
06:22:34.037 [I] Progress on: 8.56kit/10.0kit rate:2.2s/it remaining:53:13 elapsed:5:51:54 postfix:- (276263:tqdm_logging.py:145)
06:22:45.159 [I] Progress on: 8.57kit/10.0kit rate:2.2s/it remaining:53:02 elapsed:5:52:05 postfix:- (276263:tqdm_logging.py:145)
06:22:56.286 [I] Progress on: 8.57kit/10.0kit rate:2.2s/it remaining:52:51 elapsed:5:52:16 postfix:- (276263:tqdm_logging.py:145)
06:23:07.458 [I] Progress on: 8.58kit/10.0kit rate:2.2s/it remaining:52:24 elapsed:5:52:27 postfix:- (276263:tqdm_logging.py:145)
06:23:18.608 [I] Progress on: 8.58kit/10.0kit rate:2.2s/it remaining:52:35 elapsed:5:52:39 postfix:- (276263:tqdm_logging.py:145)
06:23:29.714 [I] Progress on: 8.59kit/10.0kit rate:2.2s/it remaining:52:18 elapsed:5:52:50 postfix:- (276263:tqdm_logging.py:145)
06:23:40.841 [I] Progress on: 8.59kit/10.0kit rate:2.2s/it remaining:52:07 elapsed:5:53:01 postfix:- (276263:tqdm_logging.py:145)
06:23:51.970 [I] Progress on: 8.60kit/10.0kit rate:2.2s/it remaining:51:58 elapsed:5:53:12 postfix:- (276263:tqdm_logging.py:145)
06:24:03.157 [I] Progress on: 8.60kit/10.0kit rate:2.2s/it remaining:51:36 elapsed:5:53:23 postfix:- (276263:tqdm_logging.py:145)
06:24:14.281 [I] Progress on: 8.61kit/10.0kit rate:2.2s/it remaining:51:33 elapsed:5:53:34 postfix:- (276263:tqdm_logging.py:145)
06:24:25.399 [I] Progress on: 8.61kit/10.0kit rate:2.2s/it remaining:51:21 elapsed:5:53:45 postfix:- (276263:tqdm_logging.py:145)
06:24:36.524 [I] Progress on: 8.62kit/10.0kit rate:2.2s/it remaining:51:08 elapsed:5:53:56 postfix:- (276263:tqdm_logging.py:145)
06:24:47.643 [I] Progress on: 8.62kit/10.0kit rate:2.2s/it remaining:50:59 elapsed:5:54:08 postfix:- (276263:tqdm_logging.py:145)
06:24:58.856 [I] Progress on: 8.63kit/10.0kit rate:2.2s/it remaining:50:44 elapsed:5:54:19 postfix:- (276263:tqdm_logging.py:145)
06:25:09.974 [I] Progress on: 8.63kit/10.0kit rate:2.2s/it remaining:50:38 elapsed:5:54:30 postfix:- (276263:tqdm_logging.py:145)
06:25:21.102 [I] Progress on: 8.64kit/10.0kit rate:2.2s/it remaining:50:28 elapsed:5:54:41 postfix:- (276263:tqdm_logging.py:145)
06:25:32.228 [I] Progress on: 8.64kit/10.0kit rate:2.2s/it remaining:50:18 elapsed:5:54:52 postfix:- (276263:tqdm_logging.py:145)
06:25:43.349 [I] Progress on: 8.65kit/10.0kit rate:2.2s/it remaining:50:06 elapsed:5:55:03 postfix:- (276263:tqdm_logging.py:145)
06:25:54.541 [I] Progress on: 8.65kit/10.0kit rate:2.2s/it remaining:49:47 elapsed:5:55:15 postfix:- (276263:tqdm_logging.py:145)
06:26:05.660 [I] Progress on: 8.66kit/10.0kit rate:2.2s/it remaining:49:42 elapsed:5:55:26 postfix:- (276263:tqdm_logging.py:145)
06:26:16.783 [I] Progress on: 8.66kit/10.0kit rate:2.2s/it remaining:49:30 elapsed:5:55:37 postfix:- (276263:tqdm_logging.py:145)
06:26:27.904 [I] Progress on: 8.67kit/10.0kit rate:2.2s/it remaining:49:18 elapsed:5:55:48 postfix:- (276263:tqdm_logging.py:145)
06:26:39.025 [I] Progress on: 8.67kit/10.0kit rate:2.2s/it remaining:49:05 elapsed:5:55:59 postfix:- (276263:tqdm_logging.py:145)
06:26:50.209 [I] Progress on: 8.68kit/10.0kit rate:2.2s/it remaining:48:45 elapsed:5:56:10 postfix:- (276263:tqdm_logging.py:145)
06:27:01.330 [I] Progress on: 8.68kit/10.0kit rate:2.2s/it remaining:48:42 elapsed:5:56:21 postfix:- (276263:tqdm_logging.py:145)
06:27:12.465 [I] Progress on: 8.69kit/10.0kit rate:2.2s/it remaining:48:37 elapsed:5:56:32 postfix:- (276263:tqdm_logging.py:145)
06:27:23.601 [I] Progress on: 8.69kit/10.0kit rate:2.2s/it remaining:48:27 elapsed:5:56:44 postfix:- (276263:tqdm_logging.py:145)
06:27:34.728 [I] Progress on: 8.70kit/10.0kit rate:2.2s/it remaining:48:15 elapsed:5:56:55 postfix:- (276263:tqdm_logging.py:145)
06:27:45.918 [I] Progress on: 8.70kit/10.0kit rate:2.2s/it remaining:47:54 elapsed:5:57:06 postfix:- (276263:tqdm_logging.py:145)
06:27:57.033 [I] Progress on: 8.71kit/10.0kit rate:2.2s/it remaining:47:49 elapsed:5:57:17 postfix:- (276263:tqdm_logging.py:145)
06:28:08.160 [I] Progress on: 8.71kit/10.0kit rate:2.2s/it remaining:47:40 elapsed:5:57:28 postfix:- (276263:tqdm_logging.py:145)
06:28:19.283 [I] Progress on: 8.72kit/10.0kit rate:2.2s/it remaining:47:28 elapsed:5:57:39 postfix:- (276263:tqdm_logging.py:145)
06:28:30.408 [I] Progress on: 8.72kit/10.0kit rate:2.2s/it remaining:47:16 elapsed:5:57:50 postfix:- (276263:tqdm_logging.py:145)
06:28:41.613 [I] Progress on: 8.73kit/10.0kit rate:2.2s/it remaining:47:02 elapsed:5:58:02 postfix:- (276263:tqdm_logging.py:145)
06:28:52.724 [I] Progress on: 8.73kit/10.0kit rate:2.2s/it remaining:46:53 elapsed:5:58:13 postfix:- (276263:tqdm_logging.py:145)
06:29:03.852 [I] Progress on: 8.74kit/10.0kit rate:2.2s/it remaining:46:46 elapsed:5:58:24 postfix:- (276263:tqdm_logging.py:145)
06:29:14.971 [I] Progress on: 8.74kit/10.0kit rate:2.2s/it remaining:46:33 elapsed:5:58:35 postfix:- (276263:tqdm_logging.py:145)
06:29:26.098 [I] Progress on: 8.75kit/10.0kit rate:2.2s/it remaining:46:23 elapsed:5:58:46 postfix:- (276263:tqdm_logging.py:145)
06:29:37.275 [I] Progress on: 8.75kit/10.0kit rate:2.2s/it remaining:46:01 elapsed:5:58:57 postfix:- (276263:tqdm_logging.py:145)
06:29:48.395 [I] Progress on: 8.76kit/10.0kit rate:2.2s/it remaining:45:59 elapsed:5:59:08 postfix:- (276263:tqdm_logging.py:145)
06:29:59.511 [I] Progress on: 8.76kit/10.0kit rate:2.2s/it remaining:45:47 elapsed:5:59:19 postfix:- (276263:tqdm_logging.py:145)
06:30:10.632 [I] Progress on: 8.77kit/10.0kit rate:2.2s/it remaining:45:36 elapsed:5:59:31 postfix:- (276263:tqdm_logging.py:145)
06:30:21.762 [I] Progress on: 8.77kit/10.0kit rate:2.2s/it remaining:45:26 elapsed:5:59:42 postfix:- (276263:tqdm_logging.py:145)
06:30:32.951 [I] Progress on: 8.78kit/10.0kit rate:2.2s/it remaining:45:06 elapsed:5:59:53 postfix:- (276263:tqdm_logging.py:145)
06:30:44.083 [I] Progress on: 8.78kit/10.0kit rate:2.2s/it remaining:45:03 elapsed:6:00:04 postfix:- (276263:tqdm_logging.py:145)
06:30:55.204 [I] Progress on: 8.79kit/10.0kit rate:2.2s/it remaining:44:55 elapsed:6:00:15 postfix:- (276263:tqdm_logging.py:145)
06:31:06.324 [I] Progress on: 8.79kit/10.0kit rate:2.2s/it remaining:44:42 elapsed:6:00:26 postfix:- (276263:tqdm_logging.py:145)
06:31:17.444 [I] Progress on: 8.80kit/10.0kit rate:2.2s/it remaining:44:30 elapsed:6:00:37 postfix:- (276263:tqdm_logging.py:145)
06:31:28.629 [I] Progress on: 8.80kit/10.0kit rate:2.2s/it remaining:44:12 elapsed:6:00:49 postfix:- (276263:tqdm_logging.py:145)
06:31:39.747 [I] Progress on: 8.81kit/10.0kit rate:2.2s/it remaining:44:07 elapsed:6:01:00 postfix:- (276263:tqdm_logging.py:145)
06:31:50.866 [I] Progress on: 8.81kit/10.0kit rate:2.2s/it remaining:43:57 elapsed:6:01:11 postfix:- (276263:tqdm_logging.py:145)
06:32:01.983 [I] Progress on: 8.82kit/10.0kit rate:2.2s/it remaining:43:45 elapsed:6:01:22 postfix:- (276263:tqdm_logging.py:145)
06:32:13.099 [I] Progress on: 8.82kit/10.0kit rate:2.2s/it remaining:43:33 elapsed:6:01:33 postfix:- (276263:tqdm_logging.py:145)
06:32:24.288 [I] Progress on: 8.83kit/10.0kit rate:2.2s/it remaining:43:14 elapsed:6:01:44 postfix:- (276263:tqdm_logging.py:145)
06:32:35.422 [I] Progress on: 8.83kit/10.0kit rate:2.2s/it remaining:43:15 elapsed:6:01:55 postfix:- (276263:tqdm_logging.py:145)
06:32:46.522 [I] Progress on: 8.84kit/10.0kit rate:2.2s/it remaining:42:57 elapsed:6:02:06 postfix:- (276263:tqdm_logging.py:145)
06:32:57.658 [I] Progress on: 8.84kit/10.0kit rate:2.2s/it remaining:42:53 elapsed:6:02:18 postfix:- (276263:tqdm_logging.py:145)
06:33:08.785 [I] Progress on: 8.85kit/10.0kit rate:2.2s/it remaining:42:40 elapsed:6:02:29 postfix:- (276263:tqdm_logging.py:145)
06:33:19.962 [I] Progress on: 8.85kit/10.0kit rate:2.2s/it remaining:42:20 elapsed:6:02:40 postfix:- (276263:tqdm_logging.py:145)
06:33:31.081 [I] Progress on: 8.86kit/10.0kit rate:2.2s/it remaining:42:16 elapsed:6:02:51 postfix:- (276263:tqdm_logging.py:145)
06:33:42.195 [I] Progress on: 8.86kit/10.0kit rate:2.2s/it remaining:42:03 elapsed:6:03:02 postfix:- (276263:tqdm_logging.py:145)
06:33:53.316 [I] Progress on: 8.87kit/10.0kit rate:2.2s/it remaining:41:55 elapsed:6:03:13 postfix:- (276263:tqdm_logging.py:145)
06:34:04.440 [I] Progress on: 8.87kit/10.0kit rate:2.2s/it remaining:41:46 elapsed:6:03:24 postfix:- (276263:tqdm_logging.py:145)
06:34:15.639 [I] Progress on: 8.88kit/10.0kit rate:2.2s/it remaining:41:29 elapsed:6:03:36 postfix:- (276263:tqdm_logging.py:145)
06:34:26.747 [I] Progress on: 8.88kit/10.0kit rate:2.2s/it remaining:41:19 elapsed:6:03:47 postfix:- (276263:tqdm_logging.py:145)
06:34:37.875 [I] Progress on: 8.89kit/10.0kit rate:2.2s/it remaining:41:10 elapsed:6:03:58 postfix:- (276263:tqdm_logging.py:145)
06:34:48.981 [I] Progress on: 8.89kit/10.0kit rate:2.2s/it remaining:40:56 elapsed:6:04:09 postfix:- (276263:tqdm_logging.py:145)
06:35:00.107 [I] Progress on: 8.90kit/10.0kit rate:2.2s/it remaining:40:48 elapsed:6:04:20 postfix:- (276263:tqdm_logging.py:145)
06:35:11.294 [I] Progress on: 8.90kit/10.0kit rate:2.2s/it remaining:40:29 elapsed:6:04:31 postfix:- (276263:tqdm_logging.py:145)
06:35:22.413 [I] Progress on: 8.91kit/10.0kit rate:2.2s/it remaining:40:24 elapsed:6:04:42 postfix:- (276263:tqdm_logging.py:145)
06:35:33.531 [I] Progress on: 8.91kit/10.0kit rate:2.2s/it remaining:40:12 elapsed:6:04:53 postfix:- (276263:tqdm_logging.py:145)
06:35:44.654 [I] Progress on: 8.92kit/10.0kit rate:2.2s/it remaining:40:03 elapsed:6:05:05 postfix:- (276263:tqdm_logging.py:145)
06:35:55.775 [I] Progress on: 8.92kit/10.0kit rate:2.2s/it remaining:39:54 elapsed:6:05:16 postfix:- (276263:tqdm_logging.py:145)
06:36:06.947 [I] Progress on: 8.93kit/10.0kit rate:2.2s/it remaining:39:32 elapsed:6:05:27 postfix:- (276263:tqdm_logging.py:145)
06:36:18.062 [I] Progress on: 8.93kit/10.0kit rate:2.2s/it remaining:39:27 elapsed:6:05:38 postfix:- (276263:tqdm_logging.py:145)
06:36:29.194 [I] Progress on: 8.94kit/10.0kit rate:2.2s/it remaining:39:21 elapsed:6:05:49 postfix:- (276263:tqdm_logging.py:145)
06:36:40.306 [I] Progress on: 8.94kit/10.0kit rate:2.2s/it remaining:39:07 elapsed:6:06:00 postfix:- (276263:tqdm_logging.py:145)
06:36:51.426 [I] Progress on: 8.95kit/10.0kit rate:2.2s/it remaining:38:56 elapsed:6:06:11 postfix:- (276263:tqdm_logging.py:145)
06:37:02.616 [I] Progress on: 8.95kit/10.0kit rate:2.2s/it remaining:38:39 elapsed:6:06:23 postfix:- (276263:tqdm_logging.py:145)
06:37:13.733 [I] Progress on: 8.96kit/10.0kit rate:2.2s/it remaining:38:33 elapsed:6:06:34 postfix:- (276263:tqdm_logging.py:145)
06:37:24.855 [I] Progress on: 8.96kit/10.0kit rate:2.2s/it remaining:38:23 elapsed:6:06:45 postfix:- (276263:tqdm_logging.py:145)
06:37:35.972 [I] Progress on: 8.97kit/10.0kit rate:2.2s/it remaining:38:12 elapsed:6:06:56 postfix:- (276263:tqdm_logging.py:145)
06:37:47.092 [I] Progress on: 8.97kit/10.0kit rate:2.2s/it remaining:38:02 elapsed:6:07:07 postfix:- (276263:tqdm_logging.py:145)

Step 6750: grad_norm=0.3261, loss=0.0311, param_norm=1380.3668, vision_param_norm=1258.4878
Step 6775: grad_norm=0.3292, loss=0.0321, param_norm=1380.3770, vision_param_norm=1258.4895
Step 6800: grad_norm=0.3387, loss=0.0312, param_norm=1380.3862, vision_param_norm=1258.4902
Step 6825: grad_norm=0.3447, loss=0.0301, param_norm=1380.3953, vision_param_norm=1258.4917
Step 6850: grad_norm=0.3306, loss=0.0311, param_norm=1380.4036, vision_param_norm=1258.4930
Step 6875: grad_norm=0.3445, loss=0.0304, param_norm=1380.4109, vision_param_norm=1258.4939
Step 6900: grad_norm=0.3425, loss=0.0310, param_norm=1380.4198, vision_param_norm=1258.4949
Step 6925: grad_norm=0.3514, loss=0.0325, param_norm=1380.4287, vision_param_norm=1258.4958
Step 6950: grad_norm=0.3650, loss=0.0314, param_norm=1380.4395, vision_param_norm=1258.4974
Step 6975: grad_norm=0.3572, loss=0.0294, param_norm=1380.4492, vision_param_norm=1258.4980
Step 7000: grad_norm=0.2886, loss=0.0290, param_norm=1380.4578, vision_param_norm=1258.4994
Step 7025: grad_norm=0.3334, loss=0.0320, param_norm=1380.4670, vision_param_norm=1258.5000
Step 7050: grad_norm=0.3219, loss=0.0317, param_norm=1380.4760, vision_param_norm=1258.5016
Step 7075: grad_norm=0.3482, loss=0.0302, param_norm=1380.4856, vision_param_norm=1258.5034
Step 7100: grad_norm=0.3940, loss=0.0337, param_norm=1380.4949, vision_param_norm=1258.5044
Step 7125: grad_norm=0.3440, loss=0.0312, param_norm=1380.5050, vision_param_norm=1258.5066
Step 7150: grad_norm=0.3224, loss=0.0306, param_norm=1380.5123, vision_param_norm=1258.5077
Step 7175: grad_norm=0.3961, loss=0.0335, param_norm=1380.5198, vision_param_norm=1258.5084
Step 7200: grad_norm=0.3386, loss=0.0311, param_norm=1380.5275, vision_param_norm=1258.5094
Step 7225: grad_norm=0.3277, loss=0.0319, param_norm=1380.5345, vision_param_norm=1258.5101
Step 7250: grad_norm=0.3349, loss=0.0304, param_norm=1380.5430, vision_param_norm=1258.5115
Step 7275: grad_norm=0.3285, loss=0.0303, param_norm=1380.5516, vision_param_norm=1258.5129
Step 7300: grad_norm=0.3476, loss=0.0289, param_norm=1380.5610, vision_param_norm=1258.5145
Step 7325: grad_norm=0.3542, loss=0.0335, param_norm=1380.5708, vision_param_norm=1258.5156
Step 7350: grad_norm=0.3713, loss=0.0312, param_norm=1380.5789, vision_param_norm=1258.5170
Step 7375: grad_norm=0.3508, loss=0.0305, param_norm=1380.5862, vision_param_norm=1258.5176
Step 7400: grad_norm=0.3294, loss=0.0298, param_norm=1380.5957, vision_param_norm=1258.5189
Step 7425: grad_norm=0.3493, loss=0.0316, param_norm=1380.6050, vision_param_norm=1258.5195
Step 7450: grad_norm=0.3464, loss=0.0297, param_norm=1380.6138, vision_param_norm=1258.5209
Step 7475: grad_norm=0.3309, loss=0.0320, param_norm=1380.6224, vision_param_norm=1258.5219
Step 7500: grad_norm=0.3238, loss=0.0315, param_norm=1380.6318, vision_param_norm=1258.5232
Step 7525: grad_norm=0.3628, loss=0.0308, param_norm=1380.6406, vision_param_norm=1258.5242
Step 7550: grad_norm=0.3752, loss=0.0322, param_norm=1380.6492, vision_param_norm=1258.5251
Step 7575: grad_norm=0.3196, loss=0.0302, param_norm=1380.6575, vision_param_norm=1258.5267
Step 7600: grad_norm=0.3212, loss=0.0306, param_norm=1380.6659, vision_param_norm=1258.5273
Step 7625: grad_norm=0.3534, loss=0.0287, param_norm=1380.6746, vision_param_norm=1258.5287
Step 7650: grad_norm=0.3520, loss=0.0323, param_norm=1380.6832, vision_param_norm=1258.5305
Step 7675: grad_norm=0.3898, loss=0.0328, param_norm=1380.6921, vision_param_norm=1258.5312
Step 7700: grad_norm=0.3546, loss=0.0311, param_norm=1380.7009, vision_param_norm=1258.5326
Step 7725: grad_norm=0.3268, loss=0.0298, param_norm=1380.7089, vision_param_norm=1258.5330
Step 7750: grad_norm=0.3209, loss=0.0309, param_norm=1380.7179, vision_param_norm=1258.5332
Step 7775: grad_norm=0.3352, loss=0.0312, param_norm=1380.7255, vision_param_norm=1258.5345
Step 7800: grad_norm=0.3639, loss=0.0314, param_norm=1380.7334, vision_param_norm=1258.5352
Step 7825: grad_norm=0.3215, loss=0.0309, param_norm=1380.7417, vision_param_norm=1258.5365
Step 7850: grad_norm=0.3293, loss=0.0291, param_norm=1380.7505, vision_param_norm=1258.5376
Step 7875: grad_norm=0.3068, loss=0.0286, param_norm=1380.7590, vision_param_norm=1258.5389
Step 7900: grad_norm=0.3356, loss=0.0304, param_norm=1380.7670, vision_param_norm=1258.5404
Step 7925: grad_norm=0.3117, loss=0.0287, param_norm=1380.7750, vision_param_norm=1258.5413
Step 7950: grad_norm=0.3111, loss=0.0305, param_norm=1380.7832, vision_param_norm=1258.5424
Step 7975: grad_norm=0.3286, loss=0.0300, param_norm=1380.7921, vision_param_norm=1258.5428
Step 8000: grad_norm=0.3672, loss=0.0302, param_norm=1380.8003, vision_param_norm=1258.5443
Step 8025: grad_norm=0.3304, loss=0.0304, param_norm=1380.8091, vision_param_norm=1258.5454
Step 8050: grad_norm=0.3649, loss=0.0302, param_norm=1380.8175, vision_param_norm=1258.5466
Step 8075: grad_norm=0.3415, loss=0.0317, param_norm=1380.8258, vision_param_norm=1258.5477
Step 8100: grad_norm=0.3070, loss=0.0308, param_norm=1380.8340, vision_param_norm=1258.5487
Step 8125: grad_norm=0.3203, loss=0.0305, param_norm=1380.8425, vision_param_norm=1258.5504
Step 8150: grad_norm=0.3173, loss=0.0297, param_norm=1380.8500, vision_param_norm=1258.5509
Step 8175: grad_norm=0.3358, loss=0.0284, param_norm=1380.8572, vision_param_norm=1258.5521
Step 8200: grad_norm=0.3117, loss=0.0303, param_norm=1380.8641, vision_param_norm=1258.5526
Step 8225: grad_norm=0.3030, loss=0.0290, param_norm=1380.8722, vision_param_norm=1258.5538
Step 8250: grad_norm=0.3595, loss=0.0309, param_norm=1380.8816, vision_param_norm=1258.5547
Step 8275: grad_norm=0.3311, loss=0.0296, param_norm=1380.8904, vision_param_norm=1258.5560
Step 8300: grad_norm=0.3384, loss=0.0301, param_norm=1380.8986, vision_param_norm=1258.5566
Step 8325: grad_norm=0.3231, loss=0.0294, param_norm=1380.9070, vision_param_norm=1258.5582
Step 8350: grad_norm=0.3140, loss=0.0282, param_norm=1380.9149, vision_param_norm=1258.5599
Step 8375: grad_norm=0.3114, loss=0.0308, param_norm=1380.9221, vision_param_norm=1258.5604
Step 8400: grad_norm=0.3156, loss=0.0307, param_norm=1380.9286, vision_param_norm=1258.5605
Step 8425: grad_norm=0.3187, loss=0.0283, param_norm=1380.9377, vision_param_norm=1258.5623
Step 8450: grad_norm=0.3193, loss=0.0289, param_norm=1380.9456, vision_param_norm=1258.5637
Step 8475: grad_norm=0.3897, loss=0.0331, param_norm=1380.9540, vision_param_norm=1258.5643
Step 8500: grad_norm=0.3531, loss=0.0291, param_norm=1380.9634, vision_param_norm=1258.5656
Step 8525: grad_norm=0.3625, loss=0.0307, param_norm=1380.9705, vision_param_norm=1258.5662
Step 8550: grad_norm=0.3079, loss=0.0294, param_norm=1380.9784, vision_param_norm=1258.5676
Step 8575: grad_norm=0.3289, loss=0.0305, param_norm=1380.9873, vision_param_norm=1258.5682
Step 8600: grad_norm=0.3507, loss=0.0318, param_norm=1380.9938, vision_param_norm=1258.5687
Step 8625: grad_norm=0.3827, loss=0.0315, param_norm=1381.0016, vision_param_norm=1258.5699
Step 8650: grad_norm=0.3265, loss=0.0295, param_norm=1381.0090, vision_param_norm=1258.5712
Step 8675: grad_norm=0.3301, loss=0.0312, param_norm=1381.0175, vision_param_norm=1258.5720
Step 8700: grad_norm=0.3258, loss=0.0288, param_norm=1381.0259, vision_param_norm=1258.5736
Step 8725: grad_norm=0.3292, loss=0.0304, param_norm=1381.0332, vision_param_norm=1258.5740
Step 8750: grad_norm=0.2878, loss=0.0280, param_norm=1381.0421, vision_param_norm=1258.5753
Step 8775: grad_norm=0.3277, loss=0.0297, param_norm=1381.0503, vision_param_norm=1258.5759
Step 8800: grad_norm=0.3104, loss=0.0275, param_norm=1381.0577, vision_param_norm=1258.5773
Step 8825: grad_norm=0.3774, loss=0.0299, param_norm=1381.0659, vision_param_norm=1258.5780
Step 8850: grad_norm=0.3295, loss=0.0300, param_norm=1381.0731, vision_param_norm=1258.5795
Step 8875: grad_norm=0.3078, loss=0.0302, param_norm=1381.0808, vision_param_norm=1258.5801
Step 8900: grad_norm=0.3161, loss=0.0283, param_norm=1381.0873, vision_param_norm=1258.5814
Step 8925: grad_norm=0.3126, loss=0.0298, param_norm=1381.0945, vision_param_norm=1258.5818
Step 8950: grad_norm=0.3137, loss=0.0279, param_norm=1381.1012, vision_param_norm=1258.5823
Step 8975: grad_norm=0.3019, loss=0.0286, param_norm=1381.1089, vision_param_norm=1258.583506:37:58.282 [I] Progress on: 8.98kit/10.0kit rate:2.2s/it remaining:37:41 elapsed:6:07:18 postfix:- (276263:tqdm_logging.py:145)
06:38:09.426 [I] Progress on: 8.98kit/10.0kit rate:2.2s/it remaining:37:42 elapsed:6:07:29 postfix:- (276263:tqdm_logging.py:145)
06:38:20.529 [I] Progress on: 8.99kit/10.0kit rate:2.2s/it remaining:37:26 elapsed:6:07:40 postfix:- (276263:tqdm_logging.py:145)
06:38:31.662 [I] Progress on: 8.99kit/10.0kit rate:2.2s/it remaining:37:19 elapsed:6:07:52 postfix:- (276263:tqdm_logging.py:145)
06:38:42.766 [I] Progress on: 9.00kit/10.0kit rate:2.2s/it remaining:37:03 elapsed:6:08:03 postfix:- (276263:tqdm_logging.py:145)
06:38:47.601 [I] [process=0][thread=MainThread][wait_until_finished] Initiating wait for Save Finalize thread. (276263:checkpoint_manager.py:1759)
06:38:47.601 [I] [process=0][thread=MainThread][step=8000][wait_until_finished] Waiting for Save Finalize thread (save_finalize) to complete. (276263:checkpoint_manager.py:1777)
06:38:47.601 [I] [process=0][thread=MainThread][step=8000][wait_until_finished] Done waiting for Save Finalize thread (save_finalize) running at step=8000. (276263:checkpoint_manager.py:1786)
06:38:47.601 [I] [process=0][thread=MainThread][step=8000][wait_until_finished] Resetting Save Finalize thread (save_finalize) running at step=8000, also errors if any. (276263:checkpoint_manager.py:1817)
06:38:47.602 [I] [process=0] Saving checkpoint at step 9000                                       (276263:checkpoint_manager.py:1286)
06:38:47.602 [I] [process=0] Started async saving checkpoint to /shared/.cache/retain/checkpoints/retain_repro_pretrain/paper_final_hparams/9000. (276263:async_checkpointer.py:358)
06:38:47.604 [I] [process=0][thread=MainThread] Skipping global process sync, barrier name: create_tmp_directory:pre (276263:multihost.py:293)
06:38:47.604 [I] Creating tmp directory /shared/.cache/retain/checkpoints/retain_repro_pretrain/paper_final_hparams/9000.orbax-checkpoint-tmp-32 (276263:atomicity.py:144)
06:38:47.605 [I] [process=0][thread=MainThread] Skipping global process sync, barrier name: create_tmp_directory:post (276263:multihost.py:293)
06:38:47.606 [I] [process=0][thread=MainThread] Skipping global process sync, barrier name: create_tmp_directory:pre (276263:multihost.py:293)
06:38:47.607 [I] Creating tmp directory /shared/.cache/retain/checkpoints/retain_repro_pretrain/paper_final_hparams/9000.orbax-checkpoint-tmp-32/assets.orbax-checkpoint-tmp-33 (276263:atomicity.py:144)
06:38:47.607 [I] Creating tmp directory /shared/.cache/retain/checkpoints/retain_repro_pretrain/paper_final_hparams/9000.orbax-checkpoint-tmp-32/params.orbax-checkpoint-tmp-34 (276263:atomicity.py:144)
06:38:47.607 [I] Creating tmp directory /shared/.cache/retain/checkpoints/retain_repro_pretrain/paper_final_hparams/9000.orbax-checkpoint-tmp-32/train_state.orbax-checkpoint-tmp-35 (276263:atomicity.py:144)
06:38:47.609 [I] [process=0][thread=MainThread] Skipping global process sync, barrier name: create_tmp_directory:post (276263:multihost.py:293)
06:38:47.633 [I] Transferring arrays to host memory with options: use_replica_parallel=False, enable_pinned_host_transfer=False (276263:replica_slices.py:419)
06:38:51.391 [I] Transferring arrays to host memory with options: use_replica_parallel=False, enable_pinned_host_transfer=False (276263:replica_slices.py:419)
06:38:51.396 [I] Array name: 'params.PaliGemma.llm.layers.mlp.gating_einsum.value', global shape: (18, 2, 2048, 16384), write shape: (18, 2, 2048, 16384), chosen chunk shape: (18, 2, 2048, 4096) (276263:tensorstore_utils.py:371)
06:38:51.403 [I] Array name: 'params.PaliGemma.llm.layers.mlp.linear.value', global shape: (18, 16384, 2048), write shape: (18, 16384, 2048), chosen chunk shape: (18, 8192, 2048) (276263:tensorstore_utils.py:371)
2026-08-20 08:13:53.352068: E external/local_xla/xla/stream_executor/cuda/cuda_fft.cc:477] Unable to register cuFFT factory: Attempting to register factory for plugin cuFFT when one has already been registered
WARNING: All log messages before absl::InitializeLog() is called are written to STDERR
E0000 00:00:1787213633.447354  303051 cuda_dnn.cc:8310] Unable to register cuDNN factory: Attempting to register factory for plugin cuDNN when one has already been registered
E0000 00:00:1787213633.471957  303051 cuda_blas.cc:1418] Unable to register cuBLAS factory: Attempting to register factory for plugin cuBLAS when one has already been registered
W0000 00:00:1787213636.454113  303051 gpu_device.cc:2433] TensorFlow was not built with CUDA kernel binaries compatible with compute capability 12.0. CUDA kernels will be jit-compiled from PTX, which could take 30 minutes or longer.
08:13:57.337 [I] Running on: lhy-1                                                                (303051:train.py:302)
INFO:2026-08-20 08:13:57,446:jax._src.xla_bridge:752: Unable to initialize backend 'tpu': INTERNAL: Failed to open libtpu.so: libtpu.so: cannot open shared object file: No such file or directory
08:13:57.446 [I] Unable to initialize backend 'tpu': INTERNAL: Failed to open libtpu.so: libtpu.so: cannot open shared object file: No such file or directory (303051:xla_bridge.py:752)
08:14:00.052 [I] Created BasePyTreeCheckpointHandler: pytree_metadata_options=PyTreeMetadataOptions(support_rich_types=False), array_metadata_store=None (303051:base_pytree_checkpoint_handler.py:332)
08:14:00.053 [I] Created BasePyTreeCheckpointHandler: pytree_metadata_options=PyTreeMetadataOptions(support_rich_types=False), array_metadata_store=None (303051:base_pytree_checkpoint_handler.py:332)
08:14:00.053 [I] [thread=MainThread] Failed to get flag value for EXPERIMENTAL_ORBAX_USE_DISTRIBUTED_PROCESS_ID. (303051:multihost.py:375)
08:14:00.053 [I] [process=0][thread=MainThread] CheckpointManager init: checkpointers=None, item_names=None, item_handlers={'assets': <openpi.training.checkpoints.CallbackHandler object at 0x7e43d428a210>, 'train_state': <orbax.checkpoint._src.handlers.pytree_checkpoint_handler.PyTreeCheckpointHandler object at 0x7e43d428a050>, 'params': <orbax.checkpoint._src.handlers.pytree_checkpoint_handler.PyTreeCheckpointHandler object at 0x7e45f9790c10>}, handler_registry=None (303051:checkpoint_manager.py:622)
08:14:00.053 [I] Deferred registration for item: "assets". Adding handler `<openpi.training.checkpoints.CallbackHandler object at 0x7e43d428a210>` for item "assets" and save args `<class 'openpi.training.checkpoints.CallbackSave'>` and restore args `<class 'openpi.training.checkpoints.CallbackRestore'>` to `_handler_registry`. (303051:composite_checkpoint_handler.py:239)
08:14:00.054 [I] Deferred registration for item: "train_state". Adding handler `<orbax.checkpoint._src.handlers.pytree_checkpoint_handler.PyTreeCheckpointHandler object at 0x7e43d428a050>` for item "train_state" and save args `<class 'orbax.checkpoint._src.handlers.pytree_checkpoint_handler.PyTreeSaveArgs'>` and restore args `<class 'orbax.checkpoint._src.handlers.pytree_checkpoint_handler.PyTreeRestoreArgs'>` to `_handler_registry`. (303051:composite_checkpoint_handler.py:239)
08:14:00.054 [I] Deferred registration for item: "params". Adding handler `<orbax.checkpoint._src.handlers.pytree_checkpoint_handler.PyTreeCheckpointHandler object at 0x7e45f9790c10>` for item "params" and save args `<class 'orbax.checkpoint._src.handlers.pytree_checkpoint_handler.PyTreeSaveArgs'>` and restore args `<class 'orbax.checkpoint._src.handlers.pytree_checkpoint_handler.PyTreeRestoreArgs'>` to `_handler_registry`. (303051:composite_checkpoint_handler.py:239)
08:14:00.054 [I] Deferred registration for item: "metrics". Adding handler `<orbax.checkpoint._src.handlers.json_checkpoint_handler.JsonCheckpointHandler object at 0x7e43d595d0d0>` for item "metrics" and save args `<class 'orbax.checkpoint._src.handlers.json_checkpoint_handler.JsonSaveArgs'>` and restore args `<class 'orbax.checkpoint._src.handlers.json_checkpoint_handler.JsonRestoreArgs'>` to `_handler_registry`. (303051:composite_checkpoint_handler.py:239)
08:14:00.054 [I] Initialized registry DefaultCheckpointHandlerRegistry({('assets', <class 'openpi.training.checkpoints.CallbackSave'>): <openpi.training.checkpoints.CallbackHandler object at 0x7e43d428a210>, ('assets', <class 'openpi.training.checkpoints.CallbackRestore'>): <openpi.training.checkpoints.CallbackHandler object at 0x7e43d428a210>, ('train_state', <class 'orbax.checkpoint._src.handlers.pytree_checkpoint_handler.PyTreeSaveArgs'>): <orbax.checkpoint._src.handlers.pytree_checkpoint_handler.PyTreeCheckpointHandler object at 0x7e43d428a050>, ('train_state', <class 'orbax.checkpoint._src.handlers.pytree_checkpoint_handler.PyTreeRestoreArgs'>): <orbax.checkpoint._src.handlers.pytree_checkpoint_handler.PyTreeCheckpointHandler object at 0x7e43d428a050>, ('params', <class 'orbax.checkpoint._src.handlers.pytree_checkpoint_handler.PyTreeSaveArgs'>): <orbax.checkpoint._src.handlers.pytree_checkpoint_handler.PyTreeCheckpointHandler object at 0x7e45f9790c10>, ('params', <class 'orbax.checkpoint._src.handlers.pytree_checkpoint_handler.PyTreeRestoreArgs'>): <orbax.checkpoint._src.handlers.pytree_checkpoint_handler.PyTreeCheckpointHandler object at 0x7e45f9790c10>, ('metrics', <class 'orbax.checkpoint._src.handlers.json_checkpoint_handler.JsonSaveArgs'>): <orbax.checkpoint._src.handlers.json_checkpoint_handler.JsonCheckpointHandler object at 0x7e43d595d0d0>, ('metrics', <class 'orbax.checkpoint._src.handlers.json_checkpoint_handler.JsonRestoreArgs'>): <orbax.checkpoint._src.handlers.json_checkpoint_handler.JsonCheckpointHandler object at 0x7e43d595d0d0>}). (303051:composite_checkpoint_handler.py:508)
08:14:00.054 [I] orbax-checkpoint version: 0.11.1                                                 (303051:abstract_checkpointer.py:35)
08:14:00.054 [I] [process=0][thread=MainThread] Using barrier_sync_fn: <function get_barrier_sync_fn.<locals>.<lambda> at 0x7e43cdf7ca40> timeout: 7200 secs and primary_host=0 for async checkpoint writes (303051:async_checkpointer.py:80)
08:14:00.058 [I] Read Metadata={'item_handlers': {'assets': 'openpi.training.checkpoints.CallbackHandler', 'params': 'orbax.checkpoint._src.handlers.pytree_checkpoint_handler.PyTreeCheckpointHandler', 'train_state': 'orbax.checkpoint._src.handlers.pytree_checkpoint_handler.PyTreeCheckpointHandler'}, 'metrics': {}, 'performance_metrics': {}, 'init_timestamp_nsecs': 1787205273531452115, 'commit_timestamp_nsecs': 1787205729051690605, 'custom': {}} from /shared/.cache/retain/checkpoints/retain_repro_pretrain/paper_final_hparams/8000/_CHECKPOINT_METADATA (303051:checkpoint.py:225)
08:14:00.058 [I] Found 1 checkpoint steps in /shared/.cache/retain/checkpoints/retain_repro_pretrain/paper_final_hparams (303051:checkpoint_manager.py:1528)
08:14:00.058 [I] Saving root metadata                                                             (303051:checkpoint_manager.py:1569)
08:14:00.058 [I] [process=0][thread=MainThread] Skipping global process sync, barrier name: CheckpointManager:save_metadata (303051:multihost.py:293)
08:14:00.058 [I] [process=0][thread=MainThread] CheckpointManager created,  primary_host=0, CheckpointManagerOptions=CheckpointManagerOptions(save_interval_steps=1, max_to_keep=1, keep_time_interval=None, keep_period=None, should_keep_fn=None, best_fn=None, best_mode='max', keep_checkpoints_without_metrics=True, step_prefix=None, step_format_fixed_length=None, step_name_format=None, create=False, cleanup_tmp_directories=False, save_on_steps=frozenset(), single_host_load_and_broadcast=False, todelete_subdir=None, enable_background_delete=False, read_only=False, enable_async_checkpointing=True, async_options=AsyncOptions(timeout_secs=7200, barrier_sync_fn=None, post_finalization_callback=None, create_directories_asynchronously=False), multiprocessing_options=MultiprocessingOptions(primary_host=0, active_processes=None, barrier_sync_key_prefix=None), should_save_fn=None, file_options=FileOptions(path_permission_mode=None), save_root_metadata=True, temporary_path_class=None, save_decision_policy=None), root_directory=/shared/.cache/retain/checkpoints/retain_repro_pretrain/paper_final_hparams: <orbax.checkpoint.checkpoint_manager.CheckpointManager object at 0x7e43d4ee6c90> (303051:checkpoint_manager.py:797)
08:14:00.156 [I] Loaded norm stats from assets/pi0_libero_pretrain                                (303051:config.py:197)
08:14:00.227 [I] Loaded norm stats from assets/pi0_libero_pretrain                                (303051:config.py:197)
08:14:00.291 [I] Loaded norm stats from assets/pi0_libero_pretrain                                (303051:config.py:197)
08:14:00.365 [I] Loaded norm stats from assets/pi0_libero_pretrain                                (303051:config.py:197)
08:14:00.441 [I] Loaded norm stats from assets/pi0_libero_pretrain                                (303051:config.py:197)
08:14:00.621 [I] Load dataset info from /shared/.cache/retain/libero/datasets/libero_goal_reduced/1.0.0 (303051:dataset_info.py:707)
08:14:00.631 [I] Creating a tf.data.Dataset reading 16 files located in folders: /shared/.cache/retain/libero/datasets/libero_goal_reduced/1.0.0. (303051:reader.py:262)
08:14:00.707 [I] Constructing tf.data.Dataset libero_goal_reduced for split all, from /shared/.cache/retain/libero/datasets/libero_goal_reduced/1.0.0 (303051:logging_logger.py:49)
08:14:01.072 [I] Creating a tf.data.Dataset reading 16 files located in folders: /shared/.cache/retain/libero/datasets/libero_goal_reduced/1.0.0. (303051:reader.py:262)
08:14:01.101 [I] Constructing tf.data.Dataset libero_goal_reduced for split train, from /shared/.cache/retain/libero/datasets/libero_goal_reduced/1.0.0 (303051:logging_logger.py:49)
THIS DATASET HAS NUM_TRAJECTORIES 349  AND NUM_TRANSITIONS 39799
08:14:01.161 [I] Load dataset info from /shared/.cache/retain/libero/datasets/libero_object_reduced/1.0.0 (303051:dataset_info.py:707)
08:14:01.167 [I] Creating a tf.data.Dataset reading 32 files located in folders: /shared/.cache/retain/libero/datasets/libero_object_reduced/1.0.0. (303051:reader.py:262)
08:14:01.191 [I] Constructing tf.data.Dataset libero_object_reduced for split all, from /shared/.cache/retain/libero/datasets/libero_object_reduced/1.0.0 (303051:logging_logger.py:49)
08:14:01.253 [I] Creating a tf.data.Dataset reading 32 files located in folders: /shared/.cache/retain/libero/datasets/libero_object_reduced/1.0.0. (303051:reader.py:262)
08:14:01.278 [I] Constructing tf.data.Dataset libero_object_reduced for split train, from /shared/.cache/retain/libero/datasets/libero_object_reduced/1.0.0 (303051:logging_logger.py:49)
THIS DATASET HAS NUM_TRAJECTORIES 365  AND NUM_TRANSITIONS 53739
08:14:01.340 [I] Load dataset info from /shared/.cache/retain/libero/datasets/libero_spatial_reduced/1.0.0 (303051:dataset_info.py:707)
08:14:01.346 [I] Creating a tf.data.Dataset reading 16 files located in folders: /shared/.cache/retain/libero/datasets/libero_spatial_reduced/1.0.0. (303051:reader.py:262)
08:14:01.370 [I] Constructing tf.data.Dataset libero_spatial_reduced for split all, from /shared/.cache/retain/libero/datasets/libero_spatial_reduced/1.0.0 (303051:logging_logger.py:49)
08:14:01.427 [I] Creating a tf.data.Dataset reading 16 files located in folders: /shared/.cache/retain/libero/datasets/libero_spatial_reduced/1.0.0. (303051:reader.py:262)
08:14:01.452 [I] Constructing tf.data.Dataset libero_spatial_reduced for split train, from /shared/.cache/retain/libero/datasets/libero_spatial_reduced/1.0.0 (303051:logging_logger.py:49)
THIS DATASET HAS NUM_TRAJECTORIES 343  AND NUM_TRANSITIONS 42391
08:14:01.510 [I] Load dataset info from /shared/.cache/retain/libero/datasets/libero_90_flipped/1.0.0 (303051:dataset_info.py:707)
08:14:01.527 [I] Creating a tf.data.Dataset reading 256 files located in folders: /shared/.cache/retain/libero/datasets/libero_90_flipped/1.0.0. (303051:reader.py:262)
08:14:01.558 [I] Constructing tf.data.Dataset libero_90_flipped for split all, from /shared/.cache/retain/libero/datasets/libero_90_flipped/1.0.0 (303051:logging_logger.py:49)
08:14:01.635 [I] Creating a tf.data.Dataset reading 256 files located in folders: /shared/.cache/retain/libero/datasets/libero_90_flipped/1.0.0. (303051:reader.py:262)
08:14:01.664 [I] Constructing tf.data.Dataset libero_90_flipped for split train, from /shared/.cache/retain/libero/datasets/libero_90_flipped/1.0.0 (303051:logging_logger.py:49)
THIS DATASET HAS NUM_TRAJECTORIES 3917  AND NUM_TRANSITIONS 567494

######################################################################################
# Loading the following 4 datasets (incl. sampling weight):                         #
# libero_goal_reduced: =====================================================0.070376 #
# libero_object_reduced: ===================================================0.090581 #
# libero_spatial_reduced: ==================================================0.071630 #
# libero_90_flipped: =======================================================0.767413 #
######################################################################################

08:14:01.741 [I] Load dataset info from /shared/.cache/retain/libero/datasets/libero_goal_reduced/1.0.0 (303051:dataset_info.py:707)
08:14:01.746 [I] Creating a tf.data.Dataset reading 16 files located in folders: /shared/.cache/retain/libero/datasets/libero_goal_reduced/1.0.0. (303051:reader.py:262)
08:14:01.771 [I] Constructing tf.data.Dataset libero_goal_reduced for split train, from /shared/.cache/retain/libero/datasets/libero_goal_reduced/1.0.0 (303051:logging_logger.py:49)
08:14:02.395 [W] future_action_window_size > 0 but no absolute_action_mask was provided. Assuming all actions are relative for the purpose of making neutral actions. (303051:function_wrappers.py:112)
08:14:03.560 [W] No resize_size was provided for image_secondary. This will result in 1x1 padding images, which may cause errors if you mix padding and non-padding images. (303051:api.py:460)
08:14:03.565 [W] No resize_size was provided for image_wrist. This will result in 1x1 padding images, which may cause errors if you mix padding and non-padding images. (303051:api.py:460)
08:14:03.569 [W] No resize_size was provided for image_primary. This will result in 1x1 padding images, which may cause errors if you mix padding and non-padding images. (303051:api.py:460)
08:14:03.586 [I] Load dataset info from /shared/.cache/retain/libero/datasets/libero_object_reduced/1.0.0 (303051:dataset_info.py:707)
08:14:03.592 [I] Creating a tf.data.Dataset reading 32 files located in folders: /shared/.cache/retain/libero/datasets/libero_object_reduced/1.0.0. (303051:reader.py:262)
08:14:03.616 [I] Constructing tf.data.Dataset libero_object_reduced for split train, from /shared/.cache/retain/libero/datasets/libero_object_reduced/1.0.0 (303051:logging_logger.py:49)
08:14:03.703 [W] future_action_window_size > 0 but no absolute_action_mask was provided. Assuming all actions are relative for the purpose of making neutral actions. (303051:function_wrappers.py:112)
08:14:03.736 [W] No resize_size was provided for image_secondary. This will result in 1x1 padding images, which may cause errors if you mix padding and non-padding images. (303051:api.py:460)
08:14:03.740 [W] No resize_size was provided for image_wrist. This will result in 1x1 padding images, which may cause errors if you mix padding and non-padding images. (303051:api.py:460)
08:14:03.743 [W] No resize_size was provided for image_primary. This will result in 1x1 padding images, which may cause errors if you mix padding and non-padding images. (303051:api.py:460)
08:14:03.760 [I] Load dataset info from /shared/.cache/retain/libero/datasets/libero_spatial_reduced/1.0.0 (303051:dataset_info.py:707)
08:14:03.765 [I] Creating a tf.data.Dataset reading 16 files located in folders: /shared/.cache/retain/libero/datasets/libero_spatial_reduced/1.0.0. (303051:reader.py:262)
08:14:03.789 [I] Constructing tf.data.Dataset libero_spatial_reduced for split train, from /shared/.cache/retain/libero/datasets/libero_spatial_reduced/1.0.0 (303051:logging_logger.py:49)
08:14:03.878 [W] future_action_window_size > 0 but no absolute_action_mask was provided. Assuming all actions are relative for the purpose of making neutral actions. (303051:function_wrappers.py:112)
08:14:03.910 [W] No resize_size was provided for image_secondary. This will result in 1x1 padding images, which may cause errors if you mix padding and non-padding images. (303051:api.py:460)
08:14:03.913 [W] No resize_size was provided for image_wrist. This will result in 1x1 padding images, which may cause errors if you mix padding and non-padding images. (303051:api.py:460)
08:14:03.917 [W] No resize_size was provided for image_primary. This will result in 1x1 padding images, which may cause errors if you mix padding and non-padding images. (303051:api.py:460)
08:14:03.933 [I] Load dataset info from /shared/.cache/retain/libero/datasets/libero_90_flipped/1.0.0 (303051:dataset_info.py:707)
08:14:03.947 [I] Creating a tf.data.Dataset reading 256 files located in folders: /shared/.cache/retain/libero/datasets/libero_90_flipped/1.0.0. (303051:reader.py:262)
08:14:03.978 [I] Constructing tf.data.Dataset libero_90_flipped for split train, from /shared/.cache/retain/libero/datasets/libero_90_flipped/1.0.0 (303051:logging_logger.py:49)
08:14:04.082 [W] future_action_window_size > 0 but no absolute_action_mask was provided. Assuming all actions are relative for the purpose of making neutral actions. (303051:function_wrappers.py:112)
08:14:04.114 [W] No resize_size was provided for image_secondary. This will result in 1x1 padding images, which may cause errors if you mix padding and non-padding images. (303051:api.py:460)
08:14:04.119 [W] No resize_size was provided for image_wrist. This will result in 1x1 padding images, which may cause errors if you mix padding and non-padding images. (303051:api.py:460)
08:14:04.122 [W] No resize_size was provided for image_primary. This will result in 1x1 padding images, which may cause errors if you mix padding and non-padding images. (303051:api.py:460)
norm_stats are  {'state': NormStats(mean=array([-0.07459474,  0.01886539,  0.89401907,  3.00154734, -0.11657909,
       -0.09116436,  0.02634243, -0.02669393,  0.        ,  0.        ,
        0.        ,  0.        ,  0.        ,  0.        ,  0.        ,
        0.        ,  0.        ,  0.        ,  0.        ,  0.        ,
        0.        ,  0.        ,  0.        ,  0.        ,  0.        ,
        0.        ,  0.        ,  0.        ,  0.        ,  0.        ,
        0.        ,  0.        ]), std=array([0.11267885, 0.14551789, 0.30485129, 0.38380396, 0.88596892,
       0.30852371, 0.0146244 , 0.01449694, 0.        , 0.        ,
       0.        , 0.        , 0.        , 0.        , 0.        ,
       0.        , 0.        , 0.        , 0.        , 0.        ,
       0.        , 0.        , 0.        , 0.        , 0.        ,
       0.        , 0.        , 0.        , 0.        , 0.        ,
       0.        , 0.        ]), q01=array([-4.04978513e-01, -2.75643894e-01,  1.03451522e-01,  1.45384380e+00,
       -2.69716187e+00, -1.19477866e+00,  1.64143040e-03, -4.00380769e-02,
        0.00000000e+00,  0.00000000e+00,  0.00000000e+00,  0.00000000e+00,
        0.00000000e+00,  0.00000000e+00,  0.00000000e+00,  0.00000000e+00,
        0.00000000e+00,  0.00000000e+00,  0.00000000e+00,  0.00000000e+00,
        0.00000000e+00,  0.00000000e+00,  0.00000000e+00,  0.00000000e+00,
        0.00000000e+00,  0.00000000e+00,  0.00000000e+00,  0.00000000e+00,
        0.00000000e+00,  0.00000000e+00,  0.00000000e+00,  0.00000000e+00]), q99=array([ 1.25709046e-01,  3.27069047e-01,  1.25547892e+00,  3.66470913e+00,
        2.30573786e+00,  5.80337930e-01,  4.02928781e-02, -1.70643236e-03,
        0.00000000e+00,  0.00000000e+00,  0.00000000e+00,  0.00000000e+00,
        0.00000000e+00,  0.00000000e+00,  0.00000000e+00,  0.00000000e+00,
        0.00000000e+00,  0.00000000e+00,  0.00000000e+00,  0.00000000e+00,
        0.00000000e+00,  0.00000000e+00,  0.00000000e+00,  0.00000000e+00,
        0.00000000e+00,  0.00000000e+00,  0.00000000e+00,  0.00000000e+00,
        0.00000000e+00,  0.00000000e+00,  0.00000000e+00,  0.00000000e+00])), 'actions': NormStats(mean=array([ 0.13082495,  0.03510264, -0.99502772, -2.99781322,  0.11946776,
        0.08388595, -0.0420391 ,  0.        ,  0.        ,  0.        ,
        0.        ,  0.        ,  0.        ,  0.        ,  0.        ,
        0.        ,  0.        ,  0.        ,  0.        ,  0.        ,
        0.        ,  0.        ,  0.        ,  0.        ,  0.        ,
        0.        ,  0.        ,  0.        ,  0.        ,  0.        ,
        0.        ,  0.        ]), std=array([0.34118709, 0.37048841, 0.53519309, 0.3816036 , 0.88830632,
       0.3197473 , 0.99911594, 0.        , 0.        , 0.        ,
       0.        , 0.        , 0.        , 0.        , 0.        ,
       0.        , 0.        , 0.        , 0.        , 0.        ,
       0.        , 0.        , 0.        , 0.        , 0.        ,
       0.        , 0.        , 0.        , 0.        , 0.        ,
       0.        , 0.        ]), q01=array([-0.62691881, -0.85612705, -1.98400122, -3.60055661, -2.32860803,
       -0.6173897 , -1.        ,  0.        ,  0.        ,  0.        ,
        0.        ,  0.        ,  0.        ,  0.        ,  0.        ,
        0.        ,  0.        ,  0.        ,  0.        ,  0.        ,
        0.        ,  0.        ,  0.        ,  0.        ,  0.        ,
        0.        ,  0.        ,  0.        ,  0.        ,  0.        ,
        0.        ,  0.        ]), q99=array([ 1.01273111,  0.8795515 ,  0.40937937, -1.45586381,  2.69826558,
        1.15884968,  0.9996    ,  0.        ,  0.        ,  0.        ,
        0.        ,  0.        ,  0.        ,  0.        ,  0.        ,
        0.        ,  0.        ,  0.        ,  0.        ,  0.        ,
        0.        ,  0.        ,  0.        ,  0.        ,  0.        ,
        0.        ,  0.        ,  0.        ,  0.        ,  0.        ,
        0.        ,  0.        ]))}
 🧟‍♂️🧟‍♂️🧟‍♂️🧟‍♂️ Dataloader Exhuasted/First Epoch: creating a new iterator over the dataloader. 🧟‍♂️🧟‍♂️🧟‍♂️🧟‍♂️
08:14:10.839 [I] Initialized data loader:
[0].images['base_0_rgb']: (16, 224, 224, 3)@float32
[0].images['left_wrist_0_rgb']: (16, 224, 224, 3)@float32
[0].images['right_wrist_0_rgb']: (16, 224, 224, 3)@float32
[0].image_masks['base_0_rgb']: (16,)@bool
[0].image_masks['left_wrist_0_rgb']: (16,)@bool
[0].image_masks['right_wrist_0_rgb']: (16,)@bool
[0].state: (16, 32)@float32
[0].tokenized_prompt: (16, 48)@int32
[0].tokenized_prompt_mask: (16, 48)@bool
[1]: (16, 50, 32)@float32 (303051:train.py:342)
wandb: WARNING Data passed to `wandb.Image` should consist of values in the range [0, 255], image data will be normalized to this range, but behavior will be removed in a future version of wandb.
08:14:11.119 [I] LR Schedule Config: CosineDecaySchedule(warmup_steps=1000, peak_lr=2.5e-05, decay_steps=30000, decay_lr=2.5e-06) (303051:train.py:91)
08:14:11.119 [I] Optimizer Config: AdamW(b1=0.9, b2=0.95, eps=1e-08, weight_decay=1e-10, clip_gradient_norm=1.0) (303051:train.py:92)
08:14:18.095 [I] Initialized train state:
['PaliGemma']['img']['Transformer']['encoder_norm']['bias'].value: (1152,)@float32
['PaliGemma']['img']['Transformer']['encoder_norm']['scale'].value: (1152,)@float32
['PaliGemma']['img']['Transformer']['encoderblock']['LayerNorm_0']['bias'].value: (27, 1152)@float32
['PaliGemma']['img']['Transformer']['encoderblock']['LayerNorm_0']['scale'].value: (27, 1152)@float32
['PaliGemma']['img']['Transformer']['encoderblock']['LayerNorm_1']['bias'].value: (27, 1152)@float32
['PaliGemma']['img']['Transformer']['encoderblock']['LayerNorm_1']['scale'].value: (27, 1152)@float32
['PaliGemma']['img']['Transformer']['encoderblock']['MlpBlock_0']['Dense_0']['bias'].value: (27, 4304)@float32
['PaliGemma']['img']['Transformer']['encoderblock']['MlpBlock_0']['Dense_0']['kernel'].value: (27, 1152, 4304)@float32
['PaliGemma']['img']['Transformer']['encoderblock']['MlpBlock_0']['Dense_1']['bias'].value: (27, 1152)@float32
['PaliGemma']['img']['Transformer']['encoderblock']['MlpBlock_0']['Dense_1']['kernel'].value: (27, 4304, 1152)@float32
['PaliGemma']['img']['Transformer']['encoderblock']['MultiHeadDotProductAttention_0']['key']['bias'].value: (27, 16, 72)@float32
['PaliGemma']['img']['Transformer']['encoderblock']['MultiHeadDotProductAttention_0']['key']['kernel'].value: (27, 1152, 16, 72)@float32
['PaliGemma']['img']['Transformer']['encoderblock']['MultiHeadDotProductAttention_0']['out']['bias'].value: (27, 1152)@float32
['PaliGemma']['img']['Transformer']['encoderblock']['MultiHeadDotProductAttention_0']['out']['kernel'].value: (27, 16, 72, 1152)@float32
['PaliGemma']['img']['Transformer']['encoderblock']['MultiHeadDotProductAttention_0']['query']['bias'].value: (27, 16, 72)@float32
['PaliGemma']['img']['Transformer']['encoderblock']['MultiHeadDotProductAttention_0']['query']['kernel'].value: (27, 1152, 16, 72)@float32
['PaliGemma']['img']['Transformer']['encoderblock']['MultiHeadDotProductAttention_0']['value']['bias'].value: (27, 16, 72)@float32
['PaliGemma']['img']['Transformer']['encoderblock']['MultiHeadDotProductAttention_0']['value']['kernel'].value: (27, 1152, 16, 72)@float32
['PaliGemma']['img']['embedding']['bias'].value: (1152,)@float32
['PaliGemma']['img']['embedding']['kernel'].value: (14, 14, 3, 1152)@float32
['PaliGemma']['img']['head']['bias'].value: (2048,)@float32
['PaliGemma']['img']['head']['kernel'].value: (1152, 2048)@float32
['PaliGemma']['img']['pos_embedding'].value: (1, 256, 1152)@float32
['PaliGemma']['llm']['embedder']['input_embedding'].value: (257152, 2048)@float32
['PaliGemma']['llm']['final_norm']['scale'].value: (2048,)@float32
['PaliGemma']['llm']['final_norm_1']['scale'].value: (1024,)@float32
['PaliGemma']['llm']['layers']['attn']['attn_vec_einsum']['w'].value: (18, 8, 256, 2048)@float32
['PaliGemma']['llm']['layers']['attn']['attn_vec_einsum_1']['w'].value: (18, 8, 256, 1024)@float32
['PaliGemma']['llm']['layers']['attn']['kv_einsum']['w'].value: (18, 2, 1, 2048, 256)@float32
['PaliGemma']['llm']['layers']['attn']['kv_einsum_1']['w'].value: (18, 2, 1, 1024, 256)@float32
['PaliGemma']['llm']['layers']['attn']['q_einsum']['w'].value: (18, 8, 2048, 256)@float32
['PaliGemma']['llm']['layers']['attn']['q_einsum_1']['w'].value: (18, 8, 1024, 256)@float32
['PaliGemma']['llm']['layers']['mlp']['gating_einsum'].value: (18, 2, 2048, 16384)@float32
['PaliGemma']['llm']['layers']['mlp']['linear'].value: (18, 16384, 2048)@float32
['PaliGemma']['llm']['layers']['mlp_1']['gating_einsum'].value: (18, 2, 1024, 4096)@float32
['PaliGemma']['llm']['layers']['mlp_1']['linear'].value: (18, 4096, 1024)@float32
['PaliGemma']['llm']['layers']['pre_attention_norm']['scale'].value: (18, 2048)@float32
['PaliGemma']['llm']['layers']['pre_attention_norm_1']['scale'].value: (18, 1024)@float32
['PaliGemma']['llm']['layers']['pre_ffw_norm']['scale'].value: (18, 2048)@float32
['PaliGemma']['llm']['layers']['pre_ffw_norm_1']['scale'].value: (18, 1024)@float32
['action_in_proj']['bias'].value: (1024,)@float32
['action_in_proj']['kernel'].value: (32, 1024)@float32
['action_out_proj']['bias'].value: (32,)@float32
['action_out_proj']['kernel'].value: (1024, 32)@float32
['action_time_mlp_in']['bias'].value: (1024,)@float32
['action_time_mlp_in']['kernel'].value: (2048, 1024)@float32
['action_time_mlp_out']['bias'].value: (1024,)@float32
['action_time_mlp_out']['kernel'].value: (1024, 1024)@float32
['state_proj']['bias'].value: (1024,)@float32
['state_proj']['kernel'].value: (32, 1024)@float32 (303051:train.py:356)
08:14:18.096 [I] Trainable params:
['PaliGemma']['img']['Transformer']['encoder_norm']['bias'].value: (1152,)@float32
['PaliGemma']['img']['Transformer']['encoder_norm']['scale'].value: (1152,)@float32
['PaliGemma']['img']['Transformer']['encoderblock']['LayerNorm_0']['bias'].value: (27, 1152)@float32
['PaliGemma']['img']['Transformer']['encoderblock']['LayerNorm_0']['scale'].value: (27, 1152)@float32
['PaliGemma']['img']['Transformer']['encoderblock']['LayerNorm_1']['bias'].value: (27, 1152)@float32
['PaliGemma']['img']['Transformer']['encoderblock']['LayerNorm_1']['scale'].value: (27, 1152)@float32
['PaliGemma']['img']['Transformer']['encoderblock']['MlpBlock_0']['Dense_0']['bias'].value: (27, 4304)@float32
['PaliGemma']['img']['Transformer']['encoderblock']['MlpBlock_0']['Dense_0']['kernel'].value: (27, 1152, 4304)@float32
['PaliGemma']['img']['Transformer']['encoderblock']['MlpBlock_0']['Dense_1']['bias'].value: (27, 1152)@float32
['PaliGemma']['img']['Transformer']['encoderblock']['MlpBlock_0']['Dense_1']['kernel'].value: (27, 4304, 1152)@float32
['PaliGemma']['img']['Transformer']['encoderblock']['MultiHeadDotProductAttention_0']['key']['bias'].value: (27, 16, 72)@float32
['PaliGemma']['img']['Transformer']['encoderblock']['MultiHeadDotProductAttention_0']['key']['kernel'].value: (27, 1152, 16, 72)@float32
['PaliGemma']['img']['Transformer']['encoderblock']['MultiHeadDotProductAttention_0']['out']['bias'].value: (27, 1152)@float32
['PaliGemma']['img']['Transformer']['encoderblock']['MultiHeadDotProductAttention_0']['out']['kernel'].value: (27, 16, 72, 1152)@float32
['PaliGemma']['img']['Transformer']['encoderblock']['MultiHeadDotProductAttention_0']['query']['bias'].value: (27, 16, 72)@float32
['PaliGemma']['img']['Transformer']['encoderblock']['MultiHeadDotProductAttention_0']['query']['kernel'].value: (27, 1152, 16, 72)@float32
['PaliGemma']['img']['Transformer']['encoderblock']['MultiHeadDotProductAttention_0']['value']['bias'].value: (27, 16, 72)@float32
['PaliGemma']['img']['Transformer']['encoderblock']['MultiHeadDotProductAttention_0']['value']['kernel'].value: (27, 1152, 16, 72)@float32
['PaliGemma']['img']['embedding']['bias'].value: (1152,)@float32
['PaliGemma']['img']['embedding']['kernel'].value: (14, 14, 3, 1152)@float32
['PaliGemma']['img']['head']['bias'].value: (2048,)@float32
['PaliGemma']['img']['head']['kernel'].value: (1152, 2048)@float32
['PaliGemma']['img']['pos_embedding'].value: (1, 256, 1152)@float32
['PaliGemma']['llm']['embedder']['input_embedding'].value: (257152, 2048)@float32
['PaliGemma']['llm']['final_norm']['scale'].value: (2048,)@float32
['PaliGemma']['llm']['final_norm_1']['scale'].value: (1024,)@float32
['PaliGemma']['llm']['layers']['attn']['attn_vec_einsum']['w'].value: (18, 8, 256, 2048)@float32
['PaliGemma']['llm']['layers']['attn']['attn_vec_einsum_1']['w'].value: (18, 8, 256, 1024)@float32
['PaliGemma']['llm']['layers']['attn']['kv_einsum']['w'].value: (18, 2, 1, 2048, 256)@float32
['PaliGemma']['llm']['layers']['attn']['kv_einsum_1']['w'].value: (18, 2, 1, 1024, 256)@float32
['PaliGemma']['llm']['layers']['attn']['q_einsum']['w'].value: (18, 8, 2048, 256)@float32
['PaliGemma']['llm']['layers']['attn']['q_einsum_1']['w'].value: (18, 8, 1024, 256)@float32
['PaliGemma']['llm']['layers']['mlp']['gating_einsum'].value: (18, 2, 2048, 16384)@float32
['PaliGemma']['llm']['layers']['mlp']['linear'].value: (18, 16384, 2048)@float32
['PaliGemma']['llm']['layers']['mlp_1']['gating_einsum'].value: (18, 2, 1024, 4096)@float32
['PaliGemma']['llm']['layers']['mlp_1']['linear'].value: (18, 4096, 1024)@float32
['PaliGemma']['llm']['layers']['pre_attention_norm']['scale'].value: (18, 2048)@float32
['PaliGemma']['llm']['layers']['pre_attention_norm_1']['scale'].value: (18, 1024)@float32
['PaliGemma']['llm']['layers']['pre_ffw_norm']['scale'].value: (18, 2048)@float32
['PaliGemma']['llm']['layers']['pre_ffw_norm_1']['scale'].value: (18, 1024)@float32
['action_in_proj']['bias'].value: (1024,)@float32
['action_in_proj']['kernel'].value: (32, 1024)@float32
['action_out_proj']['bias'].value: (32,)@float32
['action_out_proj']['kernel'].value: (1024, 32)@float32
['action_time_mlp_in']['bias'].value: (1024,)@float32
['action_time_mlp_in']['kernel'].value: (2048, 1024)@float32
['action_time_mlp_out']['bias'].value: (1024,)@float32
['action_time_mlp_out']['kernel'].value: (1024, 1024)@float32
['state_proj']['bias'].value: (1024,)@float32
['state_proj']['kernel'].value: (32, 1024)@float32 (303051:train.py:357)
08:14:18.099 [I] Restoring checkpoint from /shared/.cache/retain/checkpoints/retain_repro_pretrain/paper_final_hparams/8000. (303051:checkpointer.py:256)
/root/RETAIN_code/.venv/lib/python3.11/site-packages/orbax/checkpoint/_src/serialization/type_handlers.py:1167: UserWarning: Couldn't find sharding info under RestoreArgs. Populating sharding info from sharding file. Please note restoration time will be slightly increased due to reading from file instead of directly from RestoreArgs. Note also that this option is unsafe when restoring on a different topology than the checkpoint was saved with.
  warnings.warn(
08:14:34.902 [I] [process=0] /jax/checkpoint/read/bytes_per_sec: 735.1 MiB/s (total bytes: 12.1 GiB) (time elapsed: 16 seconds) (per-host) (303051:base_pytree_checkpoint_handler.py:113)
08:15:02.470 [I] [process=0] /jax/checkpoint/read/bytes_per_sec: 1.3 GiB/s (total bytes: 36.2 GiB) (time elapsed: 27 seconds) (per-host) (303051:base_pytree_checkpoint_handler.py:113)
08:15:02.470 [I] Finished restoring checkpoint from /shared/.cache/retain/checkpoints/retain_repro_pretrain/paper_final_hparams/8000. (303051:checkpointer.py:259)
08:15:02.470 [I] [process=0][thread=MainThread] Skipping global process sync, barrier name: _Checkpointer:restore (303051:multihost.py:293)
08:15:02.470 [I] {'step': 8000, 'event_type': 'restore', 'directory': '/shared/.cache/retain/checkpoints/retain_repro_pretrain/paper_final_hparams', 'checkpointer_start_time': 1787213658.0990703, 'checkpointer_duration_secs': 44.37162756919861, 'checkpoint_manager_start_time': 1787213658.098809, 'checkpoint_manager_duration_secs': 44.37189078330994} (303051:standard_logger.py:34)
08:15:03.218 [I] Progress on: 8.00kit/10.0kit rate:- remaining:? elapsed:00:00 postfix:-          (303051:tqdm_logging.py:145)
2026-08-20 08:15:15.381861: W external/xla/xla/hlo/transforms/simplifiers/hlo_rematerialization.cc:3023] Can't reduce memory use below 29.09GiB (31232851495 bytes) by rematerialization; only reduced to 62.52GiB (67132000764 bytes), down from 62.62GiB (67235514508 bytes) originally
08:15:32.179 [I] Progress on: 8.00kit/10.0kit rate:29.0s/it remaining:16:04:22 elapsed:00:28 postfix:- (303051:tqdm_logging.py:145)
08:15:43.074 [I] Progress on: 8.01kit/10.0kit rate:3.7s/it remaining:2:04:05 elapsed:00:39 postfix:- (303051:tqdm_logging.py:145)
08:15:54.213 [I] Progress on: 8.01kit/10.0kit rate:2.5s/it remaining:1:21:22 elapsed:00:50 postfix:- (303051:tqdm_logging.py:145)
08:16:05.359 [I] Progress on: 8.02kit/10.0kit rate:2.3s/it remaining:1:14:55 elapsed:01:02 postfix:- (303051:tqdm_logging.py:145)
08:16:16.495 [I] Progress on: 8.02kit/10.0kit rate:2.2s/it remaining:1:13:40 elapsed:01:13 postfix:- (303051:tqdm_logging.py:145)
Step 8025: grad_norm=0.3074, loss=0.0314, param_norm=1380.8086, vision_param_norm=1258.5450
08:16:27.746 [I] Progress on: 8.03kit/10.0kit rate:2.2s/it remaining:1:13:07 elapsed:01:24 postfix:- (303051:tqdm_logging.py:145)
08:16:38.888 [I] Progress on: 8.03kit/10.0kit rate:2.2s/it remaining:1:13:05 elapsed:01:35 postfix:- (303051:tqdm_logging.py:145)
08:16:50.033 [I] Progress on: 8.04kit/10.0kit rate:2.2s/it remaining:1:12:59 elapsed:01:46 postfix:- (303051:tqdm_logging.py:145)
08:17:01.159 [I] Progress on: 8.04kit/10.0kit rate:2.2s/it remaining:1:12:40 elapsed:01:57 postfix:- (303051:tqdm_logging.py:145)
08:17:12.306 [I] Progress on: 8.05kit/10.0kit rate:2.2s/it remaining:1:12:33 elapsed:02:09 postfix:- (303051:tqdm_logging.py:145)
Step 8050: grad_norm=0.3181, loss=0.0294, param_norm=1380.8158, vision_param_norm=1258.5465
08:17:23.494 [I] Progress on: 8.05kit/10.0kit rate:2.2s/it remaining:1:11:44 elapsed:02:20 postfix:- (303051:tqdm_logging.py:145)
08:17:34.639 [I] Progress on: 8.06kit/10.0kit rate:2.2s/it remaining:1:12:04 elapsed:02:31 postfix:- (303051:tqdm_logging.py:145)
08:17:45.784 [I] Progress on: 8.06kit/10.0kit rate:2.2s/it remaining:1:11:59 elapsed:02:42 postfix:- (303051:tqdm_logging.py:145)
08:17:56.926 [I] Progress on: 8.07kit/10.0kit rate:2.2s/it remaining:1:11:51 elapsed:02:53 postfix:- (303051:tqdm_logging.py:145)
08:18:08.053 [I] Progress on: 8.07kit/10.0kit rate:2.2s/it remaining:1:11:34 elapsed:03:04 postfix:- (303051:tqdm_logging.py:145)
Step 8075: grad_norm=0.3230, loss=0.0302, param_norm=1380.8225, vision_param_norm=1258.5470
08:18:19.257 [I] Progress on: 8.08kit/10.0kit rate:2.2s/it remaining:1:10:51 elapsed:03:16 postfix:- (303051:tqdm_logging.py:145)
08:18:30.412 [I] Progress on: 8.08kit/10.0kit rate:2.2s/it remaining:1:11:13 elapsed:03:27 postfix:- (303051:tqdm_logging.py:145)
08:18:41.542 [I] Progress on: 8.09kit/10.0kit rate:2.2s/it remaining:1:10:58 elapsed:03:38 postfix:- (303051:tqdm_logging.py:145)
08:18:52.696 [I] Progress on: 8.09kit/10.0kit rate:2.2s/it remaining:1:10:57 elapsed:03:49 postfix:- (303051:tqdm_logging.py:145)
08:19:03.825 [I] Progress on: 8.10kit/10.0kit rate:2.2s/it remaining:1:10:40 elapsed:04:00 postfix:- (303051:tqdm_logging.py:145)
Step 8100: grad_norm=0.3200, loss=0.0290, param_norm=1380.8308, vision_param_norm=1258.5483
08:19:15.029 [I] Progress on: 8.10kit/10.0kit rate:2.2s/it remaining:1:09:58 elapsed:04:11 postfix:- (303051:tqdm_logging.py:145)
08:19:26.173 [I] Progress on: 8.11kit/10.0kit rate:2.2s/it remaining:1:10:10 elapsed:04:22 postfix:- (303051:tqdm_logging.py:145)
08:19:37.311 [I] Progress on: 8.11kit/10.0kit rate:2.2s/it remaining:1:10:00 elapsed:04:34 postfix:- (303051:tqdm_logging.py:145)
08:19:48.454 [I] Progress on: 8.12kit/10.0kit rate:2.2s/it remaining:1:09:55 elapsed:04:45 postfix:- (303051:tqdm_logging.py:145)
08:19:59.585 [I] Progress on: 8.12kit/10.0kit rate:2.2s/it remaining:1:09:41 elapsed:04:56 postfix:- (303051:tqdm_logging.py:145)
Step 8125: grad_norm=0.3029, loss=0.0283, param_norm=1380.8384, vision_param_norm=1258.5488
08:20:10.804 [I] Progress on: 8.13kit/10.0kit rate:2.2s/it remaining:1:09:08 elapsed:05:07 postfix:- (303051:tqdm_logging.py:145)
08:20:21.949 [I] Progress on: 8.13kit/10.0kit rate:2.2s/it remaining:1:09:18 elapsed:05:18 postfix:- (303051:tqdm_logging.py:145)
08:20:33.086 [I] Progress on: 8.14kit/10.0kit rate:2.2s/it remaining:1:09:08 elapsed:05:29 postfix:- (303051:tqdm_logging.py:145)
08:20:44.220 [I] Progress on: 8.14kit/10.0kit rate:2.2s/it remaining:1:08:57 elapsed:05:41 postfix:- (303051:tqdm_logging.py:145)
08:20:55.365 [I] Progress on: 8.15kit/10.0kit rate:2.2s/it remaining:1:08:50 elapsed:05:52 postfix:- (303051:tqdm_logging.py:145)
Step 8150: grad_norm=0.3194, loss=0.0298, param_norm=1380.8468, vision_param_norm=1258.5493
08:21:06.585 [I] Progress on: 8.15kit/10.0kit rate:2.2s/it remaining:1:08:17 elapsed:06:03 postfix:- (303051:tqdm_logging.py:145)
08:21:17.711 [I] Progress on: 8.16kit/10.0kit rate:2.2s/it remaining:1:08:18 elapsed:06:14 postfix:- (303051:tqdm_logging.py:145)
08:21:28.848 [I] Progress on: 8.16kit/10.0kit rate:2.2s/it remaining:1:08:12 elapsed:06:25 postfix:- (303051:tqdm_logging.py:145)
08:21:39.993 [I] Progress on: 8.17kit/10.0kit rate:2.2s/it remaining:1:08:04 elapsed:06:36 postfix:- (303051:tqdm_logging.py:145)
08:21:51.151 [I] Progress on: 8.17kit/10.0kit rate:2.2s/it remaining:1:08:03 elapsed:06:47 postfix:- (303051:tqdm_logging.py:145)
Step 8175: grad_norm=0.2942, loss=0.0283, param_norm=1380.8557, vision_param_norm=1258.5505
08:22:02.334 [I] Progress on: 8.18kit/10.0kit rate:2.2s/it remaining:1:07:13 elapsed:06:59 postfix:- (303051:tqdm_logging.py:145)
08:22:13.462 [I] Progress on: 8.18kit/10.0kit rate:2.2s/it remaining:1:07:22 elapsed:07:10 postfix:- (303051:tqdm_logging.py:145)
08:22:24.605 [I] Progress on: 8.19kit/10.0kit rate:2.2s/it remaining:1:07:16 elapsed:07:21 postfix:- (303051:tqdm_logging.py:145)
08:22:35.740 [I] Progress on: 8.19kit/10.0kit rate:2.2s/it remaining:1:07:05 elapsed:07:32 postfix:- (303051:tqdm_logging.py:145)
08:22:46.880 [I] Progress on: 8.20kit/10.0kit rate:2.2s/it remaining:1:06:54 elapsed:07:43 postfix:- (303051:tqdm_logging.py:145)
Step 8200: grad_norm=0.3051, loss=0.0304, param_norm=1380.8640, vision_param_norm=1258.5518
08:22:58.081 [I] Progress on: 8.20kit/10.0kit rate:2.2s/it remaining:1:06:15 elapsed:07:54 postfix:- (303051:tqdm_logging.py:145)
08:23:09.216 [I] Progress on: 8.21kit/10.0kit rate:2.2s/it remaining:1:06:28 elapsed:08:05 postfix:- (303051:tqdm_logging.py:145)
08:23:20.367 [I] Progress on: 8.21kit/10.0kit rate:2.2s/it remaining:1:06:25 elapsed:08:17 postfix:- (303051:tqdm_logging.py:145)
08:23:31.502 [I] Progress on: 8.22kit/10.0kit rate:2.2s/it remaining:1:06:11 elapsed:08:28 postfix:- (303051:tqdm_logging.py:145)
08:23:42.630 [I] Progress on: 8.22kit/10.0kit rate:2.2s/it remaining:1:05:56 elapsed:08:39 postfix:- (303051:tqdm_logging.py:145)
Step 8225: grad_norm=0.3112, loss=0.0288, param_norm=1380.8719, vision_param_norm=1258.5526
08:23:53.842 [I] Progress on: 8.23kit/10.0kit rate:2.2s/it remaining:1:05:25 elapsed:08:50 postfix:- (303051:tqdm_logging.py:145)
08:24:04.975 [I] Progress on: 8.23kit/10.0kit rate:2.2s/it remaining:1:05:31 elapsed:09:01 postfix:- (303051:tqdm_logging.py:145)
08:24:16.122 [I] Progress on: 8.24kit/10.0kit rate:2.2s/it remaining:1:05:27 elapsed:09:12 postfix:- (303051:tqdm_logging.py:145)
08:24:27.260 [I] Progress on: 8.24kit/10.0kit rate:2.2s/it remaining:1:05:17 elapsed:09:24 postfix:- (303051:tqdm_logging.py:145)
08:24:38.397 [I] Progress on: 8.25kit/10.0kit rate:2.2s/it remaining:1:05:05 elapsed:09:35 postfix:- (303051:tqdm_logging.py:145)
Step 8250: grad_norm=0.3079, loss=0.0299, param_norm=1380.8789, vision_param_norm=1258.5541
08:24:49.603 [I] Progress on: 8.25kit/10.0kit rate:2.2s/it remaining:1:04:28 elapsed:09:46 postfix:- (303051:tqdm_logging.py:145)
08:25:00.738 [I] Progress on: 8.26kit/10.0kit rate:2.2s/it remaining:1:04:36 elapsed:09:57 postfix:- (303051:tqdm_logging.py:145)
08:25:11.879 [I] Progress on: 8.26kit/10.0kit rate:2.2s/it remaining:1:04:28 elapsed:10:08 postfix:- (303051:tqdm_logging.py:145)
08:25:23.023 [I] Progress on: 8.27kit/10.0kit rate:2.2s/it remaining:1:04:19 elapsed:10:19 postfix:- (303051:tqdm_logging.py:145)
08:25:34.160 [I] Progress on: 8.27kit/10.0kit rate:2.2s/it remaining:1:04:08 elapsed:10:30 postfix:- (303051:tqdm_logging.py:145)
Step 8275: grad_norm=0.3162, loss=0.0301, param_norm=1380.8865, vision_param_norm=1258.5544
08:25:45.371 [I] Progress on: 8.28kit/10.0kit rate:2.2s/it remaining:1:03:33 elapsed:10:42 postfix:- (303051:tqdm_logging.py:145)
08:25:56.512 [I] Progress on: 8.28kit/10.0kit rate:2.2s/it remaining:1:03:42 elapsed:10:53 postfix:- (303051:tqdm_logging.py:145)
08:26:07.658 [I] Progress on: 8.29kit/10.0kit rate:2.2s/it remaining:1:03:39 elapsed:11:04 postfix:- (303051:tqdm_logging.py:145)
08:26:18.786 [I] Progress on: 8.29kit/10.0kit rate:2.2s/it remaining:1:03:21 elapsed:11:15 postfix:- (303051:tqdm_logging.py:145)
08:26:29.926 [I] Progress on: 8.30kit/10.0kit rate:2.2s/it remaining:1:03:10 elapsed:11:26 postfix:- (303051:tqdm_logging.py:145)
Step 8300: grad_norm=0.3186, loss=0.0299, param_norm=1380.8948, vision_param_norm=1258.5560
08:26:41.145 [I] Progress on: 8.30kit/10.0kit rate:2.2s/it remaining:1:02:41 elapsed:11:37 postfix:- (303051:tqdm_logging.py:145)
08:26:52.266 [I] Progress on: 8.31kit/10.0kit rate:2.2s/it remaining:1:02:44 elapsed:11:49 postfix:- (303051:tqdm_logging.py:145)
08:27:03.401 [I] Progress on: 8.31kit/10.0kit rate:2.2s/it remaining:1:02:36 elapsed:12:00 postfix:- (303051:tqdm_logging.py:145)
08:27:14.544 [I] Progress on: 8.32kit/10.0kit rate:2.2s/it remaining:1:02:27 elapsed:12:11 postfix:- (303051:tqdm_logging.py:145)
08:27:25.677 [I] Progress on: 8.32kit/10.0kit rate:2.2s/it remaining:1:02:14 elapsed:12:22 postfix:- (303051:tqdm_logging.py:145)
Step 8325: grad_norm=0.3244, loss=0.0281, param_norm=1380.9030, vision_param_norm=1258.5577
08:27:36.894 [I] Progress on: 8.33kit/10.0kit rate:2.2s/it remaining:1:01:44 elapsed:12:33 postfix:- (303051:tqdm_logging.py:145)
08:27:48.026 [I] Progress on: 8.33kit/10.0kit rate:2.2s/it remaining:1:01:50 elapsed:12:44 postfix:- (303051:tqdm_logging.py:145)
08:27:59.162 [I] Progress on: 8.34kit/10.0kit rate:2.2s/it remaining:1:01:41 elapsed:12:55 postfix:- (303051:tqdm_logging.py:145)
08:28:10.298 [I] Progress on: 8.34kit/10.0kit rate:2.2s/it remaining:1:01:32 elapsed:13:07 postfix:- (303051:tqdm_logging.py:145)
08:28:21.432 [I] Progress on: 8.35kit/10.0kit rate:2.2s/it remaining:1:01:20 elapsed:13:18 postfix:- (303051:tqdm_logging.py:145)
Step 8350: grad_norm=0.3073, loss=0.0276, param_norm=1380.9124, vision_param_norm=1258.5583
08:28:32.654 [I] Progress on: 8.35kit/10.0kit rate:2.2s/it remaining:1:00:52 elapsed:13:29 postfix:- (303051:tqdm_logging.py:145)
08:28:43.795 [I] Progress on: 8.36kit/10.0kit rate:2.2s/it remaining:1:00:58 elapsed:13:40 postfix:- (303051:tqdm_logging.py:145)
08:28:54.919 [I] Progress on: 8.36kit/10.0kit rate:2.2s/it remaining:1:00:44 elapsed:13:51 postfix:- (303051:tqdm_logging.py:145)
08:29:06.069 [I] Progress on: 8.37kit/10.0kit rate:2.2s/it remaining:1:00:42 elapsed:14:02 postfix:- (303051:tqdm_logging.py:145)
08:29:17.197 [I] Progress on: 8.37kit/10.0kit rate:2.2s/it remaining:1:00:25 elapsed:14:13 postfix:- (303051:tqdm_logging.py:145)
Step 8375: grad_norm=0.3301, loss=0.0300, param_norm=1380.9208, vision_param_norm=1258.5599
08:29:28.429 [I] Progress on: 8.38kit/10.0kit rate:2.2s/it remaining:59:58 elapsed:14:25 postfix:- (303051:tqdm_logging.py:145)
08:29:39.570 [I] Progress on: 8.38kit/10.0kit rate:2.2s/it remaining:59:59 elapsed:14:36 postfix:- (303051:tqdm_logging.py:145)
08:29:50.710 [I] Progress on: 8.39kit/10.0kit rate:2.2s/it remaining:59:52 elapsed:14:47 postfix:- (303051:tqdm_logging.py:145)
08:30:01.832 [I] Progress on: 8.39kit/10.0kit rate:2.2s/it remaining:59:37 elapsed:14:58 postfix:- (303051:tqdm_logging.py:145)
08:30:12.987 [I] Progress on: 8.40kit/10.0kit rate:2.2s/it remaining:59:35 elapsed:15:09 postfix:- (303051:tqdm_logging.py:145)
Step 8400: grad_norm=0.3110, loss=0.0309, param_norm=1380.9294, vision_param_norm=1258.5603
08:30:24.180 [I] Progress on: 8.40kit/10.0kit rate:2.2s/it remaining:58:54 elapsed:15:20 postfix:- (303051:tqdm_logging.py:145)
08:30:35.325 [I] Progress on: 8.41kit/10.0kit rate:2.2s/it remaining:59:04 elapsed:15:32 postfix:- (303051:tqdm_logging.py:145)
08:30:46.460 [I] Progress on: 8.41kit/10.0kit rate:2.2s/it remaining:58:56 elapsed:15:43 postfix:- (303051:tqdm_logging.py:145)
08:30:57.586 [I] Progress on: 8.42kit/10.0kit rate:2.2s/it remaining:58:40 elapsed:15:54 postfix:- (303051:tqdm_logging.py:145)
08:31:08.737 [I] Progress on: 8.42kit/10.0kit rate:2.2s/it remaining:58:37 elapsed:16:05 postfix:- (303051:tqdm_logging.py:145)
Step 8425: grad_norm=0.3136, loss=0.0280, param_norm=1380.9375, vision_param_norm=1258.5610
08:31:19.937 [I] Progress on: 8.43kit/10.0kit rate:2.2s/it remaining:58:00 elapsed:16:16 postfix:- (303051:tqdm_logging.py:145)
08:31:31.078 [I] Progress on: 8.43kit/10.0kit rate:2.2s/it remaining:58:12 elapsed:16:27 postfix:- (303051:tqdm_logging.py:145)
08:31:42.216 [I] Progress on: 8.44kit/10.0kit rate:2.2s/it remaining:58:02 elapsed:16:38 postfix:- (303051:tqdm_logging.py:145)
08:31:53.352 [I] Progress on: 8.44kit/10.0kit rate:2.2s/it remaining:57:49 elapsed:16:50 postfix:- (303051:tqdm_logging.py:145)
08:32:04.488 [I] Progress on: 8.45kit/10.0kit rate:2.2s/it remaining:57:37 elapsed:17:01 postfix:- (303051:tqdm_logging.py:145)
Step 8450: grad_norm=0.2840, loss=0.0272, param_norm=1380.9456, vision_param_norm=1258.5623
08:32:15.696 [I] Progress on: 8.45kit/10.0kit rate:2.2s/it remaining:57:05 elapsed:17:12 postfix:- (303051:tqdm_logging.py:145)
08:32:26.839 [I] Progress on: 8.46kit/10.0kit rate:2.2s/it remaining:57:14 elapsed:17:23 postfix:- (303051:tqdm_logging.py:145)
08:32:37.968 [I] Progress on: 8.46kit/10.0kit rate:2.2s/it remaining:57:02 elapsed:17:34 postfix:- (303051:tqdm_logging.py:145)
08:32:49.115 [I] Progress on: 8.47kit/10.0kit rate:2.2s/it remaining:56:57 elapsed:17:45 postfix:- (303051:tqdm_logging.py:145)
08:33:00.243 [I] Progress on: 8.47kit/10.0kit rate:2.2s/it remaining:56:42 elapsed:17:57 postfix:- (303051:tqdm_logging.py:145)
Step 8475: grad_norm=0.3612, loss=0.0324, param_norm=1380.9532, vision_param_norm=1258.5638
08:33:11.602 [I] Progress on: 8.48kit/10.0kit rate:2.2s/it remaining:56:59 elapsed:18:08 postfix:- (303051:tqdm_logging.py:145)
08:33:22.738 [I] Progress on: 8.48kit/10.0kit rate:2.2s/it remaining:56:22 elapsed:18:19 postfix:- (303051:tqdm_logging.py:145)
08:33:33.884 [I] Progress on: 8.49kit/10.0kit rate:2.2s/it remaining:56:11 elapsed:18:30 postfix:- (303051:tqdm_logging.py:145)
08:33:45.032 [I] Progress on: 8.49kit/10.0kit rate:2.2s/it remaining:56:02 elapsed:18:41 postfix:- (303051:tqdm_logging.py:145)
08:33:56.169 [I] Progress on: 8.50kit/10.0kit rate:2.2s/it remaining:55:49 elapsed:18:52 postfix:- (303051:tqdm_logging.py:145)
Step 8500: grad_norm=0.3018, loss=0.0289, param_norm=1380.9606, vision_param_norm=1258.5641
08:34:07.385 [I] Progress on: 8.50kit/10.0kit rate:2.2s/it remaining:55:21 elapsed:19:04 postfix:- (303051:tqdm_logging.py:145)
08:34:18.502 [I] Progress on: 8.51kit/10.0kit rate:2.2s/it remaining:55:20 elapsed:19:15 postfix:- (303051:tqdm_logging.py:145)
08:34:29.644 [I] Progress on: 8.51kit/10.0kit rate:2.2s/it remaining:55:13 elapsed:19:26 postfix:- (303051:tqdm_logging.py:145)
08:34:40.784 [I] Progress on: 8.52kit/10.0kit rate:2.2s/it remaining:55:04 elapsed:19:37 postfix:- (303051:tqdm_logging.py:145)
08:34:51.923 [I] Progress on: 8.52kit/10.0kit rate:2.2s/it remaining:54:54 elapsed:19:48 postfix:- (303051:tqdm_logging.py:145)
Step 8525: grad_norm=0.3155, loss=0.0310, param_norm=1380.9672, vision_param_norm=1258.5645
08:35:03.126 [I] Progress on: 8.53kit/10.0kit rate:2.2s/it remaining:54:22 elapsed:19:59 postfix:- (303051:tqdm_logging.py:145)
08:35:14.254 [I] Progress on: 8.53kit/10.0kit rate:2.2s/it remaining:54:23 elapsed:20:11 postfix:- (303051:tqdm_logging.py:145)
08:35:25.398 [I] Progress on: 8.54kit/10.0kit rate:2.2s/it remaining:54:17 elapsed:20:22 postfix:- (303051:tqdm_logging.py:145)
08:35:36.534 [I] Progress on: 8.54kit/10.0kit rate:2.2s/it remaining:54:07 elapsed:20:33 postfix:- (303051:tqdm_logging.py:145)
08:35:47.676 [I] Progress on: 8.55kit/10.0kit rate:2.2s/it remaining:53:56 elapsed:20:44 postfix:- (303051:tqdm_logging.py:145)
Step 8550: grad_norm=0.2993, loss=0.0292, param_norm=1380.9746, vision_param_norm=1258.5658
08:35:58.868 [I] Progress on: 8.55kit/10.0kit rate:2.2s/it remaining:53:20 elapsed:20:55 postfix:- (303051:tqdm_logging.py:145)
08:36:10.015 [I] Progress on: 8.56kit/10.0kit rate:2.2s/it remaining:53:33 elapsed:21:06 postfix:- (303051:tqdm_logging.py:145)
08:36:21.150 [I] Progress on: 8.56kit/10.0kit rate:2.2s/it remaining:53:24 elapsed:21:17 postfix:- (303051:tqdm_logging.py:145)
08:36:32.280 [I] Progress on: 8.57kit/10.0kit rate:2.2s/it remaining:53:08 elapsed:21:29 postfix:- (303051:tqdm_logging.py:145)
08:36:43.424 [I] Progress on: 8.57kit/10.0kit rate:2.2s/it remaining:53:01 elapsed:21:40 postfix:- (303051:tqdm_logging.py:145)
Step 8575: grad_norm=0.2980, loss=0.0295, param_norm=1380.9828, vision_param_norm=1258.5664
08:36:54.634 [I] Progress on: 8.58kit/10.0kit rate:2.2s/it remaining:52:30 elapsed:21:51 postfix:- (303051:tqdm_logging.py:145)
08:37:05.781 [I] Progress on: 8.58kit/10.0kit rate:2.2s/it remaining:52:39 elapsed:22:02 postfix:- (303051:tqdm_logging.py:145)
08:37:16.915 [I] Progress on: 8.59kit/10.0kit rate:2.2s/it remaining:52:28 elapsed:22:13 postfix:- (303051:tqdm_logging.py:145)
08:37:28.074 [I] Progress on: 8.59kit/10.0kit rate:2.2s/it remaining:52:24 elapsed:22:24 postfix:- (303051:tqdm_logging.py:145)
08:37:39.196 [I] Progress on: 8.60kit/10.0kit rate:2.2s/it remaining:52:06 elapsed:22:35 postfix:- (303051:tqdm_logging.py:145)
Step 8600: grad_norm=0.3214, loss=0.0304, param_norm=1380.9917, vision_param_norm=1258.5677
08:37:50.409 [I] Progress on: 8.60kit/10.0kit rate:2.2s/it remaining:51:37 elapsed:22:47 postfix:- (303051:tqdm_logging.py:145)
08:38:01.539 [I] Progress on: 8.61kit/10.0kit rate:2.2s/it remaining:51:40 elapsed:22:58 postfix:- (303051:tqdm_logging.py:145)
08:38:12.668 [I] Progress on: 8.61kit/10.0kit rate:2.2s/it remaining:51:29 elapsed:23:09 postfix:- (303051:tqdm_logging.py:145)
08:38:23.812 [I] Progress on: 8.62kit/10.0kit rate:2.2s/it remaining:51:21 elapsed:23:20 postfix:- (303051:tqdm_logging.py:145)
08:38:34.944 [I] Progress on: 8.62kit/10.0kit rate:2.2s/it remaining:51:08 elapsed:23:31 postfix:- (303051:tqdm_logging.py:145)
Step 8625: grad_norm=0.3219, loss=0.0321, param_norm=1380.9994, vision_param_norm=1258.5684
08:38:46.159 [I] Progress on: 8.63kit/10.0kit rate:2.2s/it remaining:50:41 elapsed:23:42 postfix:- (303051:tqdm_logging.py:145)
08:38:57.301 [I] Progress on: 8.63kit/10.0kit rate:2.2s/it remaining:50:47 elapsed:23:54 postfix:- (303051:tqdm_logging.py:145)
08:39:08.427 [I] Progress on: 8.64kit/10.0kit rate:2.2s/it remaining:50:33 elapsed:24:05 postfix:- (303051:tqdm_logging.py:145)
08:39:19.564 [I] Progress on: 8.64kit/10.0kit rate:2.2s/it remaining:50:23 elapsed:24:16 postfix:- (303051:tqdm_logging.py:145)
08:39:30.707 [I] Progress on: 8.65kit/10.0kit rate:2.2s/it remaining:50:14 elapsed:24:27 postfix:- (303051:tqdm_logging.py:145)
Step 8650: grad_norm=0.3062, loss=0.0302, param_norm=1381.0078, vision_param_norm=1258.5699
08:39:41.890 [I] Progress on: 8.65kit/10.0kit rate:2.2s/it remaining:49:37 elapsed:24:38 postfix:- (303051:tqdm_logging.py:145)
08:39:53.054 [I] Progress on: 8.66kit/10.0kit rate:2.2s/it remaining:49:54 elapsed:24:49 postfix:- (303051:tqdm_logging.py:145)
08:40:04.172 [I] Progress on: 8.66kit/10.0kit rate:2.2s/it remaining:49:37 elapsed:25:00 postfix:- (303051:tqdm_logging.py:145)
08:40:15.306 [I] Progress on: 8.67kit/10.0kit rate:2.2s/it remaining:49:28 elapsed:25:12 postfix:- (303051:tqdm_logging.py:145)
08:40:26.454 [I] Progress on: 8.67kit/10.0kit rate:2.2s/it remaining:49:20 elapsed:25:23 postfix:- (303051:tqdm_logging.py:145)
Step 8675: grad_norm=0.3630, loss=0.0304, param_norm=1381.0156, vision_param_norm=1258.5715
08:40:37.651 [I] Progress on: 8.68kit/10.0kit rate:2.2s/it remaining:48:47 elapsed:25:34 postfix:- (303051:tqdm_logging.py:145)
08:40:48.795 [I] Progress on: 8.68kit/10.0kit rate:2.2s/it remaining:48:54 elapsed:25:45 postfix:- (303051:tqdm_logging.py:145)
08:40:59.926 [I] Progress on: 8.69kit/10.0kit rate:2.2s/it remaining:48:43 elapsed:25:56 postfix:- (303051:tqdm_logging.py:145)
08:41:11.056 [I] Progress on: 8.69kit/10.0kit rate:2.2s/it remaining:48:30 elapsed:26:07 postfix:- (303051:tqdm_logging.py:145)
08:41:22.193 [I] Progress on: 8.70kit/10.0kit rate:2.2s/it remaining:48:19 elapsed:26:18 postfix:- (303051:tqdm_logging.py:145)
Step 8700: grad_norm=0.3437, loss=0.0296, param_norm=1381.0236, vision_param_norm=1258.5723
08:41:33.409 [I] Progress on: 8.70kit/10.0kit rate:2.2s/it remaining:47:55 elapsed:26:30 postfix:- (303051:tqdm_logging.py:145)
08:41:44.540 [I] Progress on: 8.71kit/10.0kit rate:2.2s/it remaining:47:58 elapsed:26:41 postfix:- (303051:tqdm_logging.py:145)
08:41:55.675 [I] Progress on: 8.71kit/10.0kit rate:2.2s/it remaining:47:47 elapsed:26:52 postfix:- (303051:tqdm_logging.py:145)
08:42:06.824 [I] Progress on: 8.72kit/10.0kit rate:2.2s/it remaining:47:39 elapsed:27:03 postfix:- (303051:tqdm_logging.py:145)
08:42:17.961 [I] Progress on: 8.72kit/10.0kit rate:2.2s/it remaining:47:29 elapsed:27:14 postfix:- (303051:tqdm_logging.py:145)
Step 8725: grad_norm=0.3059, loss=0.0299, param_norm=1381.0315, vision_param_norm=1258.5736
08:42:29.172 [I] Progress on: 8.73kit/10.0kit rate:2.2s/it remaining:46:58 elapsed:27:25 postfix:- (303051:tqdm_logging.py:145)
08:42:40.301 [I] Progress on: 8.73kit/10.0kit rate:2.2s/it remaining:47:00 elapsed:27:37 postfix:- (303051:tqdm_logging.py:145)
08:42:51.442 [I] Progress on: 8.74kit/10.0kit rate:2.2s/it remaining:46:53 elapsed:27:48 postfix:- (303051:tqdm_logging.py:145)
08:43:02.575 [I] Progress on: 8.74kit/10.0kit rate:2.2s/it remaining:46:39 elapsed:27:59 postfix:- (303051:tqdm_logging.py:145)
08:43:13.725 [I] Progress on: 8.75kit/10.0kit rate:2.2s/it remaining:46:32 elapsed:28:10 postfix:- (303051:tqdm_logging.py:145)
Step 8750: grad_norm=0.2935, loss=0.0284, param_norm=1381.0403, vision_param_norm=1258.5746
08:43:24.912 [I] Progress on: 8.75kit/10.0kit rate:2.2s/it remaining:45:57 elapsed:28:21 postfix:- (303051:tqdm_logging.py:145)
08:43:36.059 [I] Progress on: 8.76kit/10.0kit rate:2.2s/it remaining:46:06 elapsed:28:32 postfix:- (303051:tqdm_logging.py:145)
08:43:47.196 [I] Progress on: 8.76kit/10.0kit rate:2.2s/it remaining:45:56 elapsed:28:43 postfix:- (303051:tqdm_logging.py:145)
08:43:58.343 [I] Progress on: 8.77kit/10.0kit rate:2.2s/it remaining:45:45 elapsed:28:55 postfix:- (303051:tqdm_logging.py:145)
08:44:09.494 [I] Progress on: 8.77kit/10.0kit rate:2.2s/it remaining:45:39 elapsed:29:06 postfix:- (303051:tqdm_logging.py:145)
Step 8775: grad_norm=0.3181, loss=0.0275, param_norm=1381.0476, vision_param_norm=1258.5756
08:44:20.687 [I] Progress on: 8.78kit/10.0kit rate:2.2s/it remaining:45:04 elapsed:29:17 postfix:- (303051:tqdm_logging.py:145)
08:44:31.835 [I] Progress on: 8.78kit/10.0kit rate:2.2s/it remaining:45:11 elapsed:29:28 postfix:- (303051:tqdm_logging.py:145)
08:44:42.970 [I] Progress on: 8.79kit/10.0kit rate:2.2s/it remaining:45:00 elapsed:29:39 postfix:- (303051:tqdm_logging.py:145)
08:44:54.115 [I] Progress on: 8.79kit/10.0kit rate:2.2s/it remaining:44:52 elapsed:29:50 postfix:- (303051:tqdm_logging.py:145)
08:45:05.259 [I] Progress on: 8.80kit/10.0kit rate:2.2s/it remaining:44:41 elapsed:30:02 postfix:- (303051:tqdm_logging.py:145)
Step 8800: grad_norm=0.3125, loss=0.0272, param_norm=1381.0552, vision_param_norm=1258.5762
08:45:16.457 [I] Progress on: 8.80kit/10.0kit rate:2.2s/it remaining:44:10 elapsed:30:13 postfix:- (303051:tqdm_logging.py:145)
08:45:27.593 [I] Progress on: 8.81kit/10.0kit rate:2.2s/it remaining:44:13 elapsed:30:24 postfix:- (303051:tqdm_logging.py:145)
08:45:38.739 [I] Progress on: 8.81kit/10.0kit rate:2.2s/it remaining:44:06 elapsed:30:35 postfix:- (303051:tqdm_logging.py:145)
08:45:49.875 [I] Progress on: 8.82kit/10.0kit rate:2.2s/it remaining:43:56 elapsed:30:46 postfix:- (303051:tqdm_logging.py:145)
08:46:01.005 [I] Progress on: 8.82kit/10.0kit rate:2.2s/it remaining:43:41 elapsed:30:57 postfix:- (303051:tqdm_logging.py:145)
Step 8825: grad_norm=0.2997, loss=0.0287, param_norm=1381.0637, vision_param_norm=1258.5776
08:46:12.205 [I] Progress on: 8.83kit/10.0kit rate:2.2s/it remaining:43:13 elapsed:31:08 postfix:- (303051:tqdm_logging.py:145)
08:46:23.342 [I] Progress on: 8.83kit/10.0kit rate:2.2s/it remaining:43:18 elapsed:31:20 postfix:- (303051:tqdm_logging.py:145)
08:46:34.477 [I] Progress on: 8.84kit/10.0kit rate:2.2s/it remaining:43:08 elapsed:31:31 postfix:- (303051:tqdm_logging.py:145)
08:46:45.622 [I] Progress on: 8.84kit/10.0kit rate:2.2s/it remaining:42:59 elapsed:31:42 postfix:- (303051:tqdm_logging.py:145)
08:46:56.749 [I] Progress on: 8.85kit/10.0kit rate:2.2s/it remaining:42:46 elapsed:31:53 postfix:- (303051:tqdm_logging.py:145)
Step 8850: grad_norm=0.3266, loss=0.0295, param_norm=1381.0714, vision_param_norm=1258.5781
08:47:07.945 [I] Progress on: 8.85kit/10.0kit rate:2.2s/it remaining:42:17 elapsed:32:04 postfix:- (303051:tqdm_logging.py:145)
08:47:19.088 [I] Progress on: 8.86kit/10.0kit rate:2.2s/it remaining:42:24 elapsed:32:15 postfix:- (303051:tqdm_logging.py:145)
08:47:30.228 [I] Progress on: 8.86kit/10.0kit rate:2.2s/it remaining:42:15 elapsed:32:27 postfix:- (303051:tqdm_logging.py:145)
08:47:41.369 [I] Progress on: 8.87kit/10.0kit rate:2.2s/it remaining:42:04 elapsed:32:38 postfix:- (303051:tqdm_logging.py:145)
08:47:52.513 [I] Progress on: 8.87kit/10.0kit rate:2.2s/it remaining:41:54 elapsed:32:49 postfix:- (303051:tqdm_logging.py:145)
Step 8875: grad_norm=0.3151, loss=0.0294, param_norm=1381.0789, vision_param_norm=1258.5795
08:48:03.697 [I] Progress on: 8.88kit/10.0kit rate:2.2s/it remaining:41:21 elapsed:33:00 postfix:- (303051:tqdm_logging.py:145)
08:48:14.841 [I] Progress on: 8.88kit/10.0kit rate:2.2s/it remaining:41:28 elapsed:33:11 postfix:- (303051:tqdm_logging.py:145)
08:48:25.968 [I] Progress on: 8.89kit/10.0kit rate:2.2s/it remaining:41:17 elapsed:33:22 postfix:- (303051:tqdm_logging.py:145)
08:48:37.104 [I] Progress on: 8.89kit/10.0kit rate:2.2s/it remaining:41:07 elapsed:33:33 postfix:- (303051:tqdm_logging.py:145)
08:48:48.237 [I] Progress on: 8.90kit/10.0kit rate:2.2s/it remaining:40:56 elapsed:33:45 postfix:- (303051:tqdm_logging.py:145)
Step 8900: grad_norm=0.2840, loss=0.0284, param_norm=1381.0870, vision_param_norm=1258.5801
08:48:59.435 [I] Progress on: 8.90kit/10.0kit rate:2.2s/it remaining:40:28 elapsed:33:56 postfix:- (303051:tqdm_logging.py:145)
08:49:10.565 [I] Progress on: 8.91kit/10.0kit rate:2.2s/it remaining:40:30 elapsed:34:07 postfix:- (303051:tqdm_logging.py:145)
08:49:21.702 [I] Progress on: 8.91kit/10.0kit rate:2.2s/it remaining:40:22 elapsed:34:18 postfix:- (303051:tqdm_logging.py:145)
08:49:32.836 [I] Progress on: 8.92kit/10.0kit rate:2.2s/it remaining:40:11 elapsed:34:29 postfix:- (303051:tqdm_logging.py:145)
08:49:43.967 [I] Progress on: 8.92kit/10.0kit rate:2.2s/it remaining:39:59 elapsed:34:40 postfix:- (303051:tqdm_logging.py:145)
Step 8925: grad_norm=0.3160, loss=0.0289, param_norm=1381.0934, vision_param_norm=1258.5811
08:49:55.167 [I] Progress on: 8.93kit/10.0kit rate:2.2s/it remaining:39:32 elapsed:34:51 postfix:- (303051:tqdm_logging.py:145)
08:50:06.298 [I] Progress on: 8.93kit/10.0kit rate:2.2s/it remaining:39:34 elapsed:35:03 postfix:- (303051:tqdm_logging.py:145)
08:50:17.436 [I] Progress on: 8.94kit/10.0kit rate:2.2s/it remaining:39:25 elapsed:35:14 postfix:- (303051:tqdm_logging.py:145)
08:50:28.573 [I] Progress on: 8.94kit/10.0kit rate:2.2s/it remaining:39:14 elapsed:35:25 postfix:- (303051:tqdm_logging.py:145)
08:50:39.717 [I] Progress on: 8.95kit/10.0kit rate:2.2s/it remaining:39:05 elapsed:35:36 postfix:- (303051:tqdm_logging.py:145)
Step 8950: grad_norm=0.3341, loss=0.0279, param_norm=1381.0996, vision_param_norm=1258.5818
08:50:50.950 [I] Progress on: 8.95kit/10.0kit rate:2.2s/it remaining:38:47 elapsed:35:47 postfix:- (303051:tqdm_logging.py:145)
08:51:02.062 [I] Progress on: 8.96kit/10.0kit rate:2.2s/it remaining:38:40 elapsed:35:58 postfix:- (303051:tqdm_logging.py:145)
08:51:13.191 [I] Progress on: 8.96kit/10.0kit rate:2.2s/it remaining:38:29 elapsed:36:09 postfix:- (303051:tqdm_logging.py:145)
08:51:24.328 [I] Progress on: 8.97kit/10.0kit rate:2.2s/it remaining:38:20 elapsed:36:21 postfix:- (303051:tqdm_logging.py:145)
08:51:35.468 [I] Progress on: 8.97kit/10.0kit rate:2.2s/it remaining:38:09 elapsed:36:32 postfix:- (303051:tqdm_logging.py:145)
Step 8975: grad_norm=0.3284, loss=0.0274, param_norm=1381.1072, vision_param_norm=1258.5834
08:51:46.671 [I] Progress on: 8.98kit/10.0kit rate:2.2s/it remaining:37:43 elapsed:36:43 postfix:- (303051:tqdm_logging.py:145)
08:51:57.822 [I] Progress on: 8.98kit/10.0kit rate:2.2s/it remaining:37:49 elapsed:36:54 postfix:- (303051:tqdm_logging.py:145)
08:52:08.945 [I] Progress on: 8.99kit/10.0kit rate:2.2s/it remaining:37:35 elapsed:37:05 postfix:- (303051:tqdm_logging.py:145)
08:52:20.080 [I] Progress on: 8.99kit/10.0kit rate:2.2s/it remaining:37:24 elapsed:37:16 postfix:- (303051:tqdm_logging.py:145)
08:52:31.210 [I] Progress on: 9.00kit/10.0kit rate:2.2s/it remaining:37:10 elapsed:37:27 postfix:- (303051:tqdm_logging.py:145)
Step 9000: grad_norm=0.3472, loss=0.0298, param_norm=1381.1146, vision_param_norm=1258.5836
08:52:42.428 [I] Progress on: 9.00kit/10.0kit rate:2.2s/it remaining:36:49 elapsed:37:39 postfix:- (303051:tqdm_logging.py:145)
08:52:53.566 [I] Progress on: 9.01kit/10.0kit rate:2.2s/it remaining:36:47 elapsed:37:50 postfix:- (303051:tqdm_logging.py:145)
08:53:04.711 [I] Progress on: 9.01kit/10.0kit rate:2.2s/it remaining:36:42 elapsed:38:01 postfix:- (303051:tqdm_logging.py:145)
08:53:15.838 [I] Progress on: 9.02kit/10.0kit rate:2.2s/it remaining:36:28 elapsed:38:12 postfix:- (303051:tqdm_logging.py:145)
08:53:26.988 [I] Progress on: 9.02kit/10.0kit rate:2.2s/it remaining:36:21 elapsed:38:23 postfix:- (303051:tqdm_logging.py:145)
Step 9025: grad_norm=0.2902, loss=0.0290, param_norm=1381.1238, vision_param_norm=1258.5851
08:53:38.151 [I] Progress on: 9.03kit/10.0kit rate:2.2s/it remaining:35:45 elapsed:38:34 postfix:- (303051:tqdm_logging.py:145)
08:53:49.294 [I] Progress on: 9.03kit/10.0kit rate:2.2s/it remaining:35:54 elapsed:38:46 postfix:- (303051:tqdm_logging.py:145)
08:54:00.421 [I] Progress on: 9.04kit/10.0kit rate:2.2s/it remaining:35:43 elapsed:38:57 postfix:- (303051:tqdm_logging.py:145)
08:54:11.555 [I] Progress on: 9.04kit/10.0kit rate:2.2s/it remaining:35:32 elapsed:39:08 postfix:- (303051:tqdm_logging.py:145)
08:54:22.694 [I] Progress on: 9.05kit/10.0kit rate:2.2s/it remaining:35:22 elapsed:39:19 postfix:- (303051:tqdm_logging.py:145)
Step 9050: grad_norm=0.2948, loss=0.0293, param_norm=1381.1322, vision_param_norm=1258.5859
08:54:33.894 [I] Progress on: 9.05kit/10.0kit rate:2.2s/it remaining:34:56 elapsed:39:30 postfix:- (303051:tqdm_logging.py:145)
08:54:45.039 [I] Progress on: 9.06kit/10.0kit rate:2.2s/it remaining:34:58 elapsed:39:41 postfix:- (303051:tqdm_logging.py:145)
08:54:56.197 [I] Progress on: 9.06kit/10.0kit rate:2.2s/it remaining:34:55 elapsed:39:52 postfix:- (303051:tqdm_logging.py:145)
08:55:07.318 [I] Progress on: 9.07kit/10.0kit rate:2.2s/it remaining:34:38 elapsed:40:04 postfix:- (303051:tqdm_logging.py:145)
08:55:18.447 [I] Progress on: 9.07kit/10.0kit rate:2.2s/it remaining:34:25 elapsed:40:15 postfix:- (303051:tqdm_logging.py:145)
Step 9075: grad_norm=0.3206, loss=0.0292, param_norm=1381.1392, vision_param_norm=1258.5873
08:55:29.660 [I] Progress on: 9.08kit/10.0kit rate:2.2s/it remaining:34:02 elapsed:40:26 postfix:- (303051:tqdm_logging.py:145)
08:55:40.806 [I] Progress on: 9.08kit/10.0kit rate:2.2s/it remaining:34:04 elapsed:40:37 postfix:- (303051:tqdm_logging.py:145)
08:55:51.943 [I] Progress on: 9.09kit/10.0kit rate:2.2s/it remaining:33:54 elapsed:40:48 postfix:- (303051:tqdm_logging.py:145)
08:56:03.080 [I] Progress on: 9.09kit/10.0kit rate:2.2s/it remaining:33:42 elapsed:40:59 postfix:- (303051:tqdm_logging.py:145)
08:56:14.222 [I] Progress on: 9.10kit/10.0kit rate:2.2s/it remaining:33:31 elapsed:41:11 postfix:- (303051:tqdm_logging.py:145)
Step 9100: grad_norm=0.2649, loss=0.0273, param_norm=1381.1470, vision_param_norm=1258.5881
08:56:25.432 [I] Progress on: 9.10kit/10.0kit rate:2.2s/it remaining:33:08 elapsed:41:22 postfix:- (303051:tqdm_logging.py:145)
08:56:36.553 [I] Progress on: 9.11kit/10.0kit rate:2.2s/it remaining:33:05 elapsed:41:33 postfix:- (303051:tqdm_logging.py:145)
08:56:47.696 [I] Progress on: 9.11kit/10.0kit rate:2.2s/it remaining:32:57 elapsed:41:44 postfix:- (303051:tqdm_logging.py:145)
08:56:58.839 [I] Progress on: 9.12kit/10.0kit rate:2.2s/it remaining:32:48 elapsed:41:55 postfix:- (303051:tqdm_logging.py:145)
08:57:09.968 [I] Progress on: 9.12kit/10.0kit rate:2.2s/it remaining:32:35 elapsed:42:06 postfix:- (303051:tqdm_logging.py:145)
Step 9125: grad_norm=0.3160, loss=0.0293, param_norm=1381.1553, vision_param_norm=1258.5895
08:57:21.175 [I] Progress on: 9.13kit/10.0kit rate:2.2s/it remaining:32:12 elapsed:42:17 postfix:- (303051:tqdm_logging.py:145)
08:57:32.314 [I] Progress on: 9.13kit/10.0kit rate:2.2s/it remaining:32:12 elapsed:42:29 postfix:- (303051:tqdm_logging.py:145)
08:57:43.467 [I] Progress on: 9.14kit/10.0kit rate:2.2s/it remaining:32:06 elapsed:42:40 postfix:- (303051:tqdm_logging.py:145)
08:57:54.589 [I] Progress on: 9.14kit/10.0kit rate:2.2s/it remaining:31:51 elapsed:42:51 postfix:- (303051:tqdm_logging.py:145)
08:58:05.723 [I] Progress on: 9.15kit/10.0kit rate:2.2s/it remaining:31:39 elapsed:43:02 postfix:- (303051:tqdm_logging.py:145)
Step 9150: grad_norm=0.3053, loss=0.0272, param_norm=1381.1632, vision_param_norm=1258.5901
08:58:16.927 [I] Progress on: 9.15kit/10.0kit rate:2.2s/it remaining:31:16 elapsed:43:13 postfix:- (303051:tqdm_logging.py:145)
08:58:28.062 [I] Progress on: 9.16kit/10.0kit rate:2.2s/it remaining:31:15 elapsed:43:24 postfix:- (303051:tqdm_logging.py:145)
08:58:39.197 [I] Progress on: 9.16kit/10.0kit rate:2.2s/it remaining:31:06 elapsed:43:35 postfix:- (303051:tqdm_logging.py:145)
08:58:50.340 [I] Progress on: 9.17kit/10.0kit rate:2.2s/it remaining:30:57 elapsed:43:47 postfix:- (303051:tqdm_logging.py:145)
08:59:01.474 [I] Progress on: 9.17kit/10.0kit rate:2.2s/it remaining:30:44 elapsed:43:58 postfix:- (303051:tqdm_logging.py:145)
Step 9175: grad_norm=0.2859, loss=0.0292, param_norm=1381.1707, vision_param_norm=1258.5914
08:59:12.671 [I] Progress on: 9.18kit/10.0kit rate:2.2s/it remaining:30:19 elapsed:44:09 postfix:- (303051:tqdm_logging.py:145)
08:59:23.807 [I] Progress on: 9.18kit/10.0kit rate:2.2s/it remaining:30:18 elapsed:44:20 postfix:- (303051:tqdm_logging.py:145)
08:59:34.944 [I] Progress on: 9.19kit/10.0kit rate:2.2s/it remaining:30:09 elapsed:44:31 postfix:- (303051:tqdm_logging.py:145)
08:59:46.090 [I] Progress on: 9.19kit/10.0kit rate:2.2s/it remaining:30:00 elapsed:44:42 postfix:- (303051:tqdm_logging.py:145)
08:59:57.228 [I] Progress on: 9.20kit/10.0kit rate:2.2s/it remaining:29:48 elapsed:44:54 postfix:- (303051:tqdm_logging.py:145)
Step 9200: grad_norm=0.3262, loss=0.0279, param_norm=1381.1782, vision_param_norm=1258.5929
09:00:08.441 [I] Progress on: 9.20kit/10.0kit rate:2.2s/it remaining:29:27 elapsed:45:05 postfix:- (303051:tqdm_logging.py:145)
09:00:19.578 [I] Progress on: 9.21kit/10.0kit rate:2.2s/it remaining:29:23 elapsed:45:16 postfix:- (303051:tqdm_logging.py:145)
09:00:30.721 [I] Progress on: 9.21kit/10.0kit rate:2.2s/it remaining:29:15 elapsed:45:27 postfix:- (303051:tqdm_logging.py:145)
09:00:41.854 [I] Progress on: 9.22kit/10.0kit rate:2.2s/it remaining:29:03 elapsed:45:38 postfix:- (303051:tqdm_logging.py:145)
09:00:52.991 [I] Progress on: 9.22kit/10.0kit rate:2.2s/it remaining:28:52 elapsed:45:49 postfix:- (303051:tqdm_logging.py:145)
Step 9225: grad_norm=0.3165, loss=0.0284, param_norm=1381.1855, vision_param_norm=1258.5938
09:01:04.190 [I] Progress on: 9.23kit/10.0kit rate:2.2s/it remaining:28:29 elapsed:46:00 postfix:- (303051:tqdm_logging.py:145)
09:01:15.340 [I] Progress on: 9.23kit/10.0kit rate:2.2s/it remaining:28:30 elapsed:46:12 postfix:- (303051:tqdm_logging.py:145)
09:01:26.476 [I] Progress on: 9.24kit/10.0kit rate:2.2s/it remaining:28:20 elapsed:46:23 postfix:- (303051:tqdm_logging.py:145)
09:01:37.607 [I] Progress on: 9.24kit/10.0kit rate:2.2s/it remaining:28:07 elapsed:46:34 postfix:- (303051:tqdm_logging.py:145)
09:01:48.748 [I] Progress on: 9.25kit/10.0kit rate:2.2s/it remaining:27:57 elapsed:46:45 postfix:- (303051:tqdm_logging.py:145)
Step 9250: grad_norm=0.3147, loss=0.0275, param_norm=1381.1930, vision_param_norm=1258.5951
09:01:59.955 [I] Progress on: 9.25kit/10.0kit rate:2.2s/it remaining:27:36 elapsed:46:56 postfix:- (303051:tqdm_logging.py:145)
09:02:11.075 [I] Progress on: 9.26kit/10.0kit rate:2.2s/it remaining:27:30 elapsed:47:07 postfix:- (303051:tqdm_logging.py:145)
09:02:22.224 [I] Progress on: 9.26kit/10.0kit rate:2.2s/it remaining:27:25 elapsed:47:19 postfix:- (303051:tqdm_logging.py:145)
09:02:33.365 [I] Progress on: 9.27kit/10.0kit rate:2.2s/it remaining:27:13 elapsed:47:30 postfix:- (303051:tqdm_logging.py:145)
09:02:44.501 [I] Progress on: 9.27kit/10.0kit rate:2.2s/it remaining:27:02 elapsed:47:41 postfix:- (303051:tqdm_logging.py:145)
Step 9275: grad_norm=0.2828, loss=0.0274, param_norm=1381.2000, vision_param_norm=1258.5956
09:02:55.709 [I] Progress on: 9.28kit/10.0kit rate:2.2s/it remaining:26:40 elapsed:47:52 postfix:- (303051:tqdm_logging.py:145)
09:03:06.848 [I] Progress on: 9.28kit/10.0kit rate:2.2s/it remaining:26:37 elapsed:48:03 postfix:- (303051:tqdm_logging.py:145)
09:03:17.981 [I] Progress on: 9.29kit/10.0kit rate:2.2s/it remaining:26:27 elapsed:48:14 postfix:- (303051:tqdm_logging.py:145)
09:03:29.118 [I] Progress on: 9.29kit/10.0kit rate:2.2s/it remaining:26:16 elapsed:48:25 postfix:- (303051:tqdm_logging.py:145)
09:03:40.271 [I] Progress on: 9.30kit/10.0kit rate:2.2s/it remaining:26:07 elapsed:48:37 postfix:- (303051:tqdm_logging.py:145)
Step 9300: grad_norm=0.3170, loss=0.0300, param_norm=1381.2078, vision_param_norm=1258.5968
09:03:51.458 [I] Progress on: 9.30kit/10.0kit rate:2.2s/it remaining:25:42 elapsed:48:48 postfix:- (303051:tqdm_logging.py:145)
09:04:02.600 [I] Progress on: 9.31kit/10.0kit rate:2.2s/it remaining:25:42 elapsed:48:59 postfix:- (303051:tqdm_logging.py:145)
09:04:13.742 [I] Progress on: 9.31kit/10.0kit rate:2.2s/it remaining:25:32 elapsed:49:10 postfix:- (303051:tqdm_logging.py:145)
09:04:24.879 [I] Progress on: 9.32kit/10.0kit rate:2.2s/it remaining:25:21 elapsed:49:21 postfix:- (303051:tqdm_logging.py:145)
09:04:36.010 [I] Progress on: 9.32kit/10.0kit rate:2.2s/it remaining:25:08 elapsed:49:32 postfix:- (303051:tqdm_logging.py:145)
Step 9325: grad_norm=0.2967, loss=0.0275, param_norm=1381.2144, vision_param_norm=1258.5973
09:04:47.210 [I] Progress on: 9.33kit/10.0kit rate:2.2s/it remaining:24:48 elapsed:49:43 postfix:- (303051:tqdm_logging.py:145)
09:04:58.343 [I] Progress on: 9.33kit/10.0kit rate:2.2s/it remaining:24:45 elapsed:49:55 postfix:- (303051:tqdm_logging.py:145)
09:05:09.480 [I] Progress on: 9.34kit/10.0kit rate:2.2s/it remaining:24:35 elapsed:50:06 postfix:- (303051:tqdm_logging.py:145)
09:05:20.622 [I] Progress on: 9.34kit/10.0kit rate:2.2s/it remaining:24:25 elapsed:50:17 postfix:- (303051:tqdm_logging.py:145)
09:05:31.755 [I] Progress on: 9.35kit/10.0kit rate:2.2s/it remaining:24:12 elapsed:50:28 postfix:- (303051:tqdm_logging.py:145)
Step 9350: grad_norm=0.3090, loss=0.0266, param_norm=1381.2203, vision_param_norm=1258.5977
09:05:42.975 [I] Progress on: 9.35kit/10.0kit rate:2.2s/it remaining:23:55 elapsed:50:39 postfix:- (303051:tqdm_logging.py:145)
09:05:54.110 [I] Progress on: 9.36kit/10.0kit rate:2.2s/it remaining:23:51 elapsed:50:50 postfix:- (303051:tqdm_logging.py:145)
09:06:05.243 [I] Progress on: 9.36kit/10.0kit rate:2.2s/it remaining:23:40 elapsed:51:02 postfix:- (303051:tqdm_logging.py:145)
09:06:16.385 [I] Progress on: 9.37kit/10.0kit rate:2.2s/it remaining:23:30 elapsed:51:13 postfix:- (303051:tqdm_logging.py:145)
09:06:27.521 [I] Progress on: 9.37kit/10.0kit rate:2.2s/it remaining:23:19 elapsed:51:24 postfix:- (303051:tqdm_logging.py:145)
Step 9375: grad_norm=0.3210, loss=0.0319, param_norm=1381.2279, vision_param_norm=1258.5992
09:06:38.714 [I] Progress on: 9.38kit/10.0kit rate:2.2s/it remaining:22:57 elapsed:51:35 postfix:- (303051:tqdm_logging.py:145)
09:06:49.858 [I] Progress on: 9.38kit/10.0kit rate:2.2s/it remaining:22:55 elapsed:51:46 postfix:- (303051:tqdm_logging.py:145)
09:07:01.003 [I] Progress on: 9.39kit/10.0kit rate:2.2s/it remaining:22:46 elapsed:51:57 postfix:- (303051:tqdm_logging.py:145)
09:07:12.135 [I] Progress on: 9.39kit/10.0kit rate:2.2s/it remaining:22:33 elapsed:52:08 postfix:- (303051:tqdm_logging.py:145)
09:07:23.272 [I] Progress on: 9.40kit/10.0kit rate:2.2s/it remaining:22:22 elapsed:52:20 postfix:- (303051:tqdm_logging.py:145)
Step 9400: grad_norm=0.3004, loss=0.0283, param_norm=1381.2360, vision_param_norm=1258.6007
09:07:34.490 [I] Progress on: 9.40kit/10.0kit rate:2.2s/it remaining:22:05 elapsed:52:31 postfix:- (303051:tqdm_logging.py:145)
09:07:45.610 [I] Progress on: 9.41kit/10.0kit rate:2.2s/it remaining:21:57 elapsed:52:42 postfix:- (303051:tqdm_logging.py:145)
09:07:56.750 [I] Progress on: 9.41kit/10.0kit rate:2.2s/it remaining:21:48 elapsed:52:53 postfix:- (303051:tqdm_logging.py:145)
09:08:07.888 [I] Progress on: 9.42kit/10.0kit rate:2.2s/it remaining:21:38 elapsed:53:04 postfix:- (303051:tqdm_logging.py:145)
09:08:19.033 [I] Progress on: 9.42kit/10.0kit rate:2.2s/it remaining:21:27 elapsed:53:15 postfix:- (303051:tqdm_logging.py:145)
Step 9425: grad_norm=0.3663, loss=0.0316, param_norm=1381.2427, vision_param_norm=1258.6013
09:08:30.208 [I] Progress on: 9.43kit/10.0kit rate:2.2s/it remaining:21:04 elapsed:53:26 postfix:- (303051:tqdm_logging.py:145)
09:08:41.351 [I] Progress on: 9.43kit/10.0kit rate:2.2s/it remaining:21:03 elapsed:53:38 postfix:- (303051:tqdm_logging.py:145)
09:08:52.487 [I] Progress on: 9.44kit/10.0kit rate:2.2s/it remaining:20:53 elapsed:53:49 postfix:- (303051:tqdm_logging.py:145)
09:09:03.633 [I] Progress on: 9.44kit/10.0kit rate:2.2s/it remaining:20:43 elapsed:54:00 postfix:- (303051:tqdm_logging.py:145)
09:09:14.767 [I] Progress on: 9.45kit/10.0kit rate:2.2s/it remaining:20:32 elapsed:54:11 postfix:- (303051:tqdm_logging.py:145)
Step 9450: grad_norm=0.2978, loss=0.0265, param_norm=1381.2513, vision_param_norm=1258.6027
09:09:25.986 [I] Progress on: 9.45kit/10.0kit rate:2.2s/it remaining:20:14 elapsed:54:22 postfix:- (303051:tqdm_logging.py:145)
09:09:37.123 [I] Progress on: 9.46kit/10.0kit rate:2.2s/it remaining:20:08 elapsed:54:33 postfix:- (303051:tqdm_logging.py:145)
09:09:48.272 [I] Progress on: 9.46kit/10.0kit rate:2.2s/it remaining:19:59 elapsed:54:45 postfix:- (303051:tqdm_logging.py:145)
09:09:59.405 [I] Progress on: 9.47kit/10.0kit rate:2.2s/it remaining:19:47 elapsed:54:56 postfix:- (303051:tqdm_logging.py:145)
09:10:10.542 [I] Progress on: 9.47kit/10.0kit rate:2.2s/it remaining:19:36 elapsed:55:07 postfix:- (303051:tqdm_logging.py:145)
Step 9475: grad_norm=0.2895, loss=0.0284, param_norm=1381.2596, vision_param_norm=1258.6034
09:10:21.746 [I] Progress on: 9.48kit/10.0kit rate:2.2s/it remaining:19:17 elapsed:55:18 postfix:- (303051:tqdm_logging.py:145)
09:10:32.883 [I] Progress on: 9.48kit/10.0kit rate:2.2s/it remaining:19:12 elapsed:55:29 postfix:- (303051:tqdm_logging.py:145)
09:10:44.022 [I] Progress on: 9.49kit/10.0kit rate:2.2s/it remaining:19:02 elapsed:55:40 postfix:- (303051:tqdm_logging.py:145)
09:10:55.160 [I] Progress on: 9.49kit/10.0kit rate:2.2s/it remaining:18:51 elapsed:55:51 postfix:- (303051:tqdm_logging.py:145)
09:11:06.306 [I] Progress on: 9.50kit/10.0kit rate:2.2s/it remaining:18:41 elapsed:56:03 postfix:- (303051:tqdm_logging.py:145)
Step 9500: grad_norm=0.3159, loss=0.0284, param_norm=1381.2675, vision_param_norm=1258.6046
09:11:17.532 [I] Progress on: 9.50kit/10.0kit rate:2.2s/it remaining:18:24 elapsed:56:14 postfix:- (303051:tqdm_logging.py:145)
09:11:28.678 [I] Progress on: 9.51kit/10.0kit rate:2.2s/it remaining:18:18 elapsed:56:25 postfix:- (303051:tqdm_logging.py:145)
09:11:39.805 [I] Progress on: 9.51kit/10.0kit rate:2.2s/it remaining:18:06 elapsed:56:36 postfix:- (303051:tqdm_logging.py:145)
09:11:50.942 [I] Progress on: 9.52kit/10.0kit rate:2.2s/it remaining:17:55 elapsed:56:47 postfix:- (303051:tqdm_logging.py:145)
09:12:02.081 [I] Progress on: 9.52kit/10.0kit rate:2.2s/it remaining:17:44 elapsed:56:58 postfix:- (303051:tqdm_logging.py:145)
Step 9525: grad_norm=0.2999, loss=0.0289, param_norm=1381.2747, vision_param_norm=1258.6052
09:12:13.276 [I] Progress on: 9.53kit/10.0kit rate:2.2s/it remaining:17:25 elapsed:57:10 postfix:- (303051:tqdm_logging.py:145)
09:12:24.415 [I] Progress on: 9.53kit/10.0kit rate:2.2s/it remaining:17:21 elapsed:57:21 postfix:- (303051:tqdm_logging.py:145)
09:12:35.549 [I] Progress on: 9.54kit/10.0kit rate:2.2s/it remaining:17:10 elapsed:57:32 postfix:- (303051:tqdm_logging.py:145)
09:12:46.696 [I] Progress on: 9.54kit/10.0kit rate:2.2s/it remaining:17:01 elapsed:57:43 postfix:- (303051:tqdm_logging.py:145)
09:12:57.834 [I] Progress on: 9.55kit/10.0kit rate:2.2s/it remaining:16:49 elapsed:57:54 postfix:- (303051:tqdm_logging.py:145)
Step 9550: grad_norm=0.3394, loss=0.0303, param_norm=1381.2819, vision_param_norm=1258.6055
09:13:09.029 [I] Progress on: 9.55kit/10.0kit rate:2.2s/it remaining:16:30 elapsed:58:05 postfix:- (303051:tqdm_logging.py:145)
09:13:20.170 [I] Progress on: 9.56kit/10.0kit rate:2.2s/it remaining:16:25 elapsed:58:16 postfix:- (303051:tqdm_logging.py:145)
09:13:31.302 [I] Progress on: 9.56kit/10.0kit rate:2.2s/it remaining:16:14 elapsed:58:28 postfix:- (303051:tqdm_logging.py:145)
09:13:42.445 [I] Progress on: 9.57kit/10.0kit rate:2.2s/it remaining:16:04 elapsed:58:39 postfix:- (303051:tqdm_logging.py:145)
09:13:53.585 [I] Progress on: 9.57kit/10.0kit rate:2.2s/it remaining:15:53 elapsed:58:50 postfix:- (303051:tqdm_logging.py:145)
Step 9575: grad_norm=0.2975, loss=0.0279, param_norm=1381.2888, vision_param_norm=1258.6068
09:14:04.789 [I] Progress on: 9.58kit/10.0kit rate:2.2s/it remaining:15:36 elapsed:59:01 postfix:- (303051:tqdm_logging.py:145)
09:14:15.918 [I] Progress on: 9.58kit/10.0kit rate:2.2s/it remaining:15:29 elapsed:59:12 postfix:- (303051:tqdm_logging.py:145)
09:14:27.056 [I] Progress on: 9.59kit/10.0kit rate:2.2s/it remaining:15:19 elapsed:59:23 postfix:- (303051:tqdm_logging.py:145)
09:14:38.204 [I] Progress on: 9.59kit/10.0kit rate:2.2s/it remaining:15:09 elapsed:59:34 postfix:- (303051:tqdm_logging.py:145)
09:14:49.340 [I] Progress on: 9.60kit/10.0kit rate:2.2s/it remaining:14:57 elapsed:59:46 postfix:- (303051:tqdm_logging.py:145)
Step 9600: grad_norm=0.3174, loss=0.0294, param_norm=1381.2958, vision_param_norm=1258.6074
09:15:00.541 [I] Progress on: 9.60kit/10.0kit rate:2.2s/it remaining:14:40 elapsed:59:57 postfix:- (303051:tqdm_logging.py:145)
09:15:11.672 [I] Progress on: 9.61kit/10.0kit rate:2.2s/it remaining:14:34 elapsed:1:00:08 postfix:- (303051:tqdm_logging.py:145)
09:15:22.812 [I] Progress on: 9.61kit/10.0kit rate:2.2s/it remaining:14:24 elapsed:1:00:19 postfix:- (303051:tqdm_logging.py:145)
09:15:33.961 [I] Progress on: 9.62kit/10.0kit rate:2.2s/it remaining:14:13 elapsed:1:00:30 postfix:- (303051:tqdm_logging.py:145)
09:15:45.102 [I] Progress on: 9.62kit/10.0kit rate:2.2s/it remaining:14:02 elapsed:1:00:41 postfix:- (303051:tqdm_logging.py:145)
Step 9625: grad_norm=0.3300, loss=0.0293, param_norm=1381.3027, vision_param_norm=1258.6075
09:15:56.298 [I] Progress on: 9.63kit/10.0kit rate:2.2s/it remaining:13:45 elapsed:1:00:53 postfix:- (303051:tqdm_logging.py:145)
09:16:07.433 [I] Progress on: 9.63kit/10.0kit rate:2.2s/it remaining:13:38 elapsed:1:01:04 postfix:- (303051:tqdm_logging.py:145)
09:16:18.566 [I] Progress on: 9.64kit/10.0kit rate:2.2s/it remaining:13:27 elapsed:1:01:15 postfix:- (303051:tqdm_logging.py:145)
09:16:29.711 [I] Progress on: 9.64kit/10.0kit rate:2.2s/it remaining:13:17 elapsed:1:01:26 postfix:- (303051:tqdm_logging.py:145)
09:16:40.847 [I] Progress on: 9.65kit/10.0kit rate:2.2s/it remaining:13:06 elapsed:1:01:37 postfix:- (303051:tqdm_logging.py:145)
Step 9650: grad_norm=0.3080, loss=0.0303, param_norm=1381.3104, vision_param_norm=1258.6090
09:16:52.041 [I] Progress on: 9.65kit/10.0kit rate:2.2s/it remaining:12:49 elapsed:1:01:48 postfix:- (303051:tqdm_logging.py:145)
09:17:03.179 [I] Progress on: 9.66kit/10.0kit rate:2.2s/it remaining:12:43 elapsed:1:01:59 postfix:- (303051:tqdm_logging.py:145)
09:17:14.317 [I] Progress on: 9.66kit/10.0kit rate:2.2s/it remaining:12:32 elapsed:1:02:11 postfix:- (303051:tqdm_logging.py:145)
09:17:25.451 [I] Progress on: 9.67kit/10.0kit rate:2.2s/it remaining:12:21 elapsed:1:02:22 postfix:- (303051:tqdm_logging.py:145)
09:17:36.591 [I] Progress on: 9.67kit/10.0kit rate:2.2s/it remaining:12:10 elapsed:1:02:33 postfix:- (303051:tqdm_logging.py:145)
Step 9675: grad_norm=0.2899, loss=0.0273, param_norm=1381.3181, vision_param_norm=1258.6106
09:17:47.788 [I] Progress on: 9.68kit/10.0kit rate:2.2s/it remaining:11:53 elapsed:1:02:44 postfix:- (303051:tqdm_logging.py:145)
09:17:58.924 [I] Progress on: 9.68kit/10.0kit rate:2.2s/it remaining:11:46 elapsed:1:02:55 postfix:- (303051:tqdm_logging.py:145)
09:18:10.074 [I] Progress on: 9.69kit/10.0kit rate:2.2s/it remaining:11:37 elapsed:1:03:06 postfix:- (303051:tqdm_logging.py:145)
09:18:21.210 [I] Progress on: 9.69kit/10.0kit rate:2.2s/it remaining:11:26 elapsed:1:03:17 postfix:- (303051:tqdm_logging.py:145)
09:18:32.350 [I] Progress on: 9.70kit/10.0kit rate:2.2s/it remaining:11:15 elapsed:1:03:29 postfix:- (303051:tqdm_logging.py:145)
Step 9700: grad_norm=0.2697, loss=0.0276, param_norm=1381.3254, vision_param_norm=1258.6111
09:18:43.535 [I] Progress on: 9.70kit/10.0kit rate:2.2s/it remaining:10:57 elapsed:1:03:40 postfix:- (303051:tqdm_logging.py:145)
09:18:54.686 [I] Progress on: 9.71kit/10.0kit rate:2.2s/it remaining:10:52 elapsed:1:03:51 postfix:- (303051:tqdm_logging.py:145)
09:19:05.827 [I] Progress on: 9.71kit/10.0kit rate:2.2s/it remaining:10:41 elapsed:1:04:02 postfix:- (303051:tqdm_logging.py:145)
09:19:16.963 [I] Progress on: 9.72kit/10.0kit rate:2.2s/it remaining:10:30 elapsed:1:04:13 postfix:- (303051:tqdm_logging.py:145)
09:19:28.106 [I] Progress on: 9.72kit/10.0kit rate:2.2s/it remaining:10:19 elapsed:1:04:24 postfix:- (303051:tqdm_logging.py:145)
Step 9725: grad_norm=0.3157, loss=0.0288, param_norm=1381.3318, vision_param_norm=1258.6117
09:19:39.296 [I] Progress on: 9.73kit/10.0kit rate:2.2s/it remaining:10:03 elapsed:1:04:36 postfix:- (303051:tqdm_logging.py:145)
09:19:50.429 [I] Progress on: 9.73kit/10.0kit rate:2.2s/it remaining:09:56 elapsed:1:04:47 postfix:- (303051:tqdm_logging.py:145)
09:20:01.572 [I] Progress on: 9.74kit/10.0kit rate:2.2s/it remaining:09:45 elapsed:1:04:58 postfix:- (303051:tqdm_logging.py:145)
09:20:12.709 [I] Progress on: 9.74kit/10.0kit rate:2.2s/it remaining:09:34 elapsed:1:05:09 postfix:- (303051:tqdm_logging.py:145)
09:20:23.853 [I] Progress on: 9.75kit/10.0kit rate:2.2s/it remaining:09:23 elapsed:1:05:20 postfix:- (303051:tqdm_logging.py:145)
Step 9750: grad_norm=0.3109, loss=0.0287, param_norm=1381.3398, vision_param_norm=1258.6130
09:20:35.052 [I] Progress on: 9.75kit/10.0kit rate:2.2s/it remaining:09:08 elapsed:1:05:31 postfix:- (303051:tqdm_logging.py:145)
09:20:46.191 [I] Progress on: 9.76kit/10.0kit rate:2.2s/it remaining:09:00 elapsed:1:05:42 postfix:- (303051:tqdm_logging.py:145)
09:20:57.332 [I] Progress on: 9.76kit/10.0kit rate:2.2s/it remaining:08:50 elapsed:1:05:54 postfix:- (303051:tqdm_logging.py:145)
09:21:08.478 [I] Progress on: 9.77kit/10.0kit rate:2.2s/it remaining:08:39 elapsed:1:06:05 postfix:- (303051:tqdm_logging.py:145)
09:21:19.614 [I] Progress on: 9.77kit/10.0kit rate:2.2s/it remaining:08:27 elapsed:1:06:16 postfix:- (303051:tqdm_logging.py:145)
Step 9775: grad_norm=0.3218, loss=0.0270, param_norm=1381.3478, vision_param_norm=1258.6133
09:21:30.817 [I] Progress on: 9.78kit/10.0kit rate:2.2s/it remaining:08:13 elapsed:1:06:27 postfix:- (303051:tqdm_logging.py:145)
09:21:41.955 [I] Progress on: 9.78kit/10.0kit rate:2.2s/it remaining:08:05 elapsed:1:06:38 postfix:- (303051:tqdm_logging.py:145)
09:21:53.104 [I] Progress on: 9.79kit/10.0kit rate:2.2s/it remaining:07:54 elapsed:1:06:49 postfix:- (303051:tqdm_logging.py:145)
09:22:04.238 [I] Progress on: 9.79kit/10.0kit rate:2.2s/it remaining:07:43 elapsed:1:07:01 postfix:- (303051:tqdm_logging.py:145)
09:22:15.370 [I] Progress on: 9.80kit/10.0kit rate:2.2s/it remaining:07:32 elapsed:1:07:12 postfix:- (303051:tqdm_logging.py:145)
Step 9800: grad_norm=0.3105, loss=0.0280, param_norm=1381.3542, vision_param_norm=1258.6146
09:22:26.566 [I] Progress on: 9.80kit/10.0kit rate:2.2s/it remaining:07:17 elapsed:1:07:23 postfix:- (303051:tqdm_logging.py:145)
09:22:37.699 [I] Progress on: 9.81kit/10.0kit rate:2.2s/it remaining:07:09 elapsed:1:07:34 postfix:- (303051:tqdm_logging.py:145)
09:22:48.849 [I] Progress on: 9.81kit/10.0kit rate:2.2s/it remaining:06:59 elapsed:1:07:45 postfix:- (303051:tqdm_logging.py:145)
09:22:59.979 [I] Progress on: 9.82kit/10.0kit rate:2.2s/it remaining:06:47 elapsed:1:07:56 postfix:- (303051:tqdm_logging.py:145)
09:23:11.107 [I] Progress on: 9.82kit/10.0kit rate:2.2s/it remaining:06:36 elapsed:1:08:07 postfix:- (303051:tqdm_logging.py:145)
Step 9825: grad_norm=0.3547, loss=0.0299, param_norm=1381.3622, vision_param_norm=1258.6152
09:23:22.320 [I] Progress on: 9.83kit/10.0kit rate:2.2s/it remaining:06:22 elapsed:1:08:19 postfix:- (303051:tqdm_logging.py:145)
09:23:33.463 [I] Progress on: 9.83kit/10.0kit rate:2.2s/it remaining:06:13 elapsed:1:08:30 postfix:- (303051:tqdm_logging.py:145)
09:23:44.595 [I] Progress on: 9.84kit/10.0kit rate:2.2s/it remaining:06:02 elapsed:1:08:41 postfix:- (303051:tqdm_logging.py:145)
09:23:55.740 [I] Progress on: 9.84kit/10.0kit rate:2.2s/it remaining:05:51 elapsed:1:08:52 postfix:- (303051:tqdm_logging.py:145)
09:24:06.880 [I] Progress on: 9.85kit/10.0kit rate:2.2s/it remaining:05:40 elapsed:1:09:03 postfix:- (303051:tqdm_logging.py:145)
Step 9850: grad_norm=0.2824, loss=0.0269, param_norm=1381.3717, vision_param_norm=1258.6169
09:24:18.082 [I] Progress on: 9.85kit/10.0kit rate:2.2s/it remaining:05:27 elapsed:1:09:14 postfix:- (303051:tqdm_logging.py:145)
09:24:29.227 [I] Progress on: 9.86kit/10.0kit rate:2.2s/it remaining:05:18 elapsed:1:09:26 postfix:- (303051:tqdm_logging.py:145)
09:24:40.349 [I] Progress on: 9.86kit/10.0kit rate:2.2s/it remaining:05:06 elapsed:1:09:37 postfix:- (303051:tqdm_logging.py:145)
09:24:51.493 [I] Progress on: 9.87kit/10.0kit rate:2.2s/it remaining:04:56 elapsed:1:09:48 postfix:- (303051:tqdm_logging.py:145)
09:25:02.633 [I] Progress on: 9.87kit/10.0kit rate:2.2s/it remaining:04:45 elapsed:1:09:59 postfix:- (303051:tqdm_logging.py:145)
Step 9875: grad_norm=0.3018, loss=0.0264, param_norm=1381.3790, vision_param_norm=1258.6177
09:25:13.830 [I] Progress on: 9.88kit/10.0kit rate:2.2s/it remaining:04:31 elapsed:1:10:10 postfix:- (303051:tqdm_logging.py:145)
09:25:24.966 [I] Progress on: 9.88kit/10.0kit rate:2.2s/it remaining:04:22 elapsed:1:10:21 postfix:- (303051:tqdm_logging.py:145)
09:25:36.108 [I] Progress on: 9.89kit/10.0kit rate:2.2s/it remaining:04:11 elapsed:1:10:32 postfix:- (303051:tqdm_logging.py:145)
09:25:47.243 [I] Progress on: 9.89kit/10.0kit rate:2.2s/it remaining:04:00 elapsed:1:10:44 postfix:- (303051:tqdm_logging.py:145)
09:25:58.381 [I] Progress on: 9.90kit/10.0kit rate:2.2s/it remaining:03:49 elapsed:1:10:55 postfix:- (303051:tqdm_logging.py:145)
Step 9900: grad_norm=0.3108, loss=0.0282, param_norm=1381.3853, vision_param_norm=1258.6185
09:26:09.579 [I] Progress on: 9.90kit/10.0kit rate:2.2s/it remaining:03:36 elapsed:1:11:06 postfix:- (303051:tqdm_logging.py:145)
09:26:20.726 [I] Progress on: 9.91kit/10.0kit rate:2.2s/it remaining:03:26 elapsed:1:11:17 postfix:- (303051:tqdm_logging.py:145)
09:26:31.865 [I] Progress on: 9.91kit/10.0kit rate:2.2s/it remaining:03:16 elapsed:1:11:28 postfix:- (303051:tqdm_logging.py:145)
09:26:43.007 [I] Progress on: 9.92kit/10.0kit rate:2.2s/it remaining:03:04 elapsed:1:11:39 postfix:- (303051:tqdm_logging.py:145)
09:26:54.144 [I] Progress on: 9.92kit/10.0kit rate:2.2s/it remaining:02:53 elapsed:1:11:50 postfix:- (303051:tqdm_logging.py:145)
Step 9925: grad_norm=0.3236, loss=0.0298, param_norm=1381.3907, vision_param_norm=1258.6191
09:27:05.339 [I] Progress on: 9.93kit/10.0kit rate:2.2s/it remaining:02:41 elapsed:1:12:02 postfix:- (303051:tqdm_logging.py:145)
09:27:16.481 [I] Progress on: 9.93kit/10.0kit rate:2.2s/it remaining:02:31 elapsed:1:12:13 postfix:- (303051:tqdm_logging.py:145)
09:27:27.615 [I] Progress on: 9.94kit/10.0kit rate:2.2s/it remaining:02:20 elapsed:1:12:24 postfix:- (303051:tqdm_logging.py:145)
09:27:38.763 [I] Progress on: 9.94kit/10.0kit rate:2.2s/it remaining:02:09 elapsed:1:12:35 postfix:- (303051:tqdm_logging.py:145)
09:27:49.890 [I] Progress on: 9.95kit/10.0kit rate:2.2s/it remaining:01:58 elapsed:1:12:46 postfix:- (303051:tqdm_logging.py:145)
Step 9950: grad_norm=0.2793, loss=0.0270, param_norm=1381.3972, vision_param_norm=1258.6205
09:28:01.088 [I] Progress on: 9.95kit/10.0kit rate:2.2s/it remaining:01:46 elapsed:1:12:57 postfix:- (303051:tqdm_logging.py:145)
09:28:12.225 [I] Progress on: 9.96kit/10.0kit rate:2.2s/it remaining:01:35 elapsed:1:13:09 postfix:- (303051:tqdm_logging.py:145)
09:28:23.364 [I] Progress on: 9.96kit/10.0kit rate:2.2s/it remaining:01:24 elapsed:1:13:20 postfix:- (303051:tqdm_logging.py:145)
09:28:34.508 [I] Progress on: 9.97kit/10.0kit rate:2.2s/it remaining:01:13 elapsed:1:13:31 postfix:- (303051:tqdm_logging.py:145)
09:28:45.642 [I] Progress on: 9.97kit/10.0kit rate:2.2s/it remaining:01:02 elapsed:1:13:42 postfix:- (303051:tqdm_logging.py:145)
Step 9975: grad_norm=0.3120, loss=0.0276, param_norm=1381.4045, vision_param_norm=1258.6207
09:28:56.843 [I] Progress on: 9.98kit/10.0kit rate:2.2s/it remaining:00:50 elapsed:1:13:53 postfix:- (303051:tqdm_logging.py:145)
09:29:07.977 [I] Progress on: 9.98kit/10.0kit rate:2.2s/it remaining:00:40 elapsed:1:14:04 postfix:- (303051:tqdm_logging.py:145)
09:29:19.126 [I] Progress on: 9.99kit/10.0kit rate:2.2s/it remaining:00:28 elapsed:1:14:15 postfix:- (303051:tqdm_logging.py:145)
09:29:30.266 [I] Progress on: 9.99kit/10.0kit rate:2.2s/it remaining:00:17 elapsed:1:14:27 postfix:- (303051:tqdm_logging.py:145)
09:29:41.411 [I] Progress on: 10.0kit/10.0kit rate:2.2s/it remaining:00:06 elapsed:1:14:38 postfix:- (303051:tqdm_logging.py:145)
09:29:48.093 [I] [process=0][thread=MainThread][wait_until_finished] Initiating wait for Save Finalize thread. (303051:checkpoint_manager.py:1759)
09:29:48.093 [I] [process=0][thread=MainThread][wait_until_finished] No Save Finalize thread to wait for. Returning. (303051:checkpoint_manager.py:1767)
09:29:48.093 [I] [process=0] Saving checkpoint at step 9999                                       (303051:checkpoint_manager.py:1286)
09:29:48.099 [I] [process=0] Started async saving checkpoint to /shared/.cache/retain/checkpoints/retain_repro_pretrain/paper_final_hparams/9999. (303051:async_checkpointer.py:358)
09:29:48.101 [I] [process=0][thread=MainThread] Skipping global process sync, barrier name: create_tmp_directory:pre (303051:multihost.py:293)
09:29:48.101 [I] Creating tmp directory /shared/.cache/retain/checkpoints/retain_repro_pretrain/paper_final_hparams/9999.orbax-checkpoint-tmp-0 (303051:atomicity.py:144)
09:29:48.103 [I] [process=0][thread=MainThread] Skipping global process sync, barrier name: create_tmp_directory:post (303051:multihost.py:293)
09:29:48.104 [I] [process=0][thread=MainThread] Skipping global process sync, barrier name: create_tmp_directory:pre (303051:multihost.py:293)
09:29:48.106 [I] Creating tmp directory /shared/.cache/retain/checkpoints/retain_repro_pretrain/paper_final_hparams/9999.orbax-checkpoint-tmp-0/assets.orbax-checkpoint-tmp-1 (303051:atomicity.py:144)
09:29:48.106 [I] Wrote Metadata={'item_handlers': None, 'metrics': {}, 'performance_metrics': {}, 'init_timestamp_nsecs': 1787218188103466852, 'commit_timestamp_nsecs': None, 'custom': {}}, json={"item_handlers": null, "metrics": {}, "performance_metrics": {}, "init_timestamp_nsecs": 1787218188103466852, "commit_timestamp_nsecs": null, "custom": {}} to /shared/.cache/retain/checkpoints/retain_repro_pretrain/paper_final_hparams/9999.orbax-checkpoint-tmp-0/_CHECKPOINT_METADATA (303051:checkpoint.py:185)
09:29:48.106 [I] Creating tmp directory /shared/.cache/retain/checkpoints/retain_repro_pretrain/paper_final_hparams/9999.orbax-checkpoint-tmp-0/params.orbax-checkpoint-tmp-2 (303051:atomicity.py:144)
09:29:48.107 [I] Creating tmp directory /shared/.cache/retain/checkpoints/retain_repro_pretrain/paper_final_hparams/9999.orbax-checkpoint-tmp-0/train_state.orbax-checkpoint-tmp-3 (303051:atomicity.py:144)
09:29:48.110 [I] [process=0][thread=MainThread] Skipping global process sync, barrier name: create_tmp_directory:post (303051:multihost.py:293)
09:29:48.164 [I] Transferring arrays to host memory with options: use_replica_parallel=False, enable_pinned_host_transfer=False (303051:replica_slices.py:419)
09:30:52.590 [I] Transferring arrays to host memory with options: use_replica_parallel=False, enable_pinned_host_transfer=False (303051:replica_slices.py:419)
09:30:52.600 [I] Array name: 'params.PaliGemma.llm.layers.mlp.gating_einsum.value', global shape: (18, 2, 2048, 16384), write shape: (18, 2, 2048, 16384), chosen chunk shape: (18, 2, 2048, 4096) (303051:tensorstore_utils.py:371)
09:30:52.600 [I] Array name: 'params.PaliGemma.llm.layers.mlp.linear.value', global shape: (18, 16384, 2048), write shape: (18, 16384, 2048), chosen chunk shape: (18, 8192, 2048) (303051:tensorstore_utils.py:371)
09:30:52.636 [I] [process=0] /jax/checkpoint/write/blocking_bytes_per_sec: 191.4 MiB/s (total bytes: 12.1 GiB) (time elapsed: a minute) (per-host) (303051:base_pytree_checkpoint_handler.py:113)
09:30:52.641 [I] [process=0] /jax/checkpoint/write/blocking_bytes_per_sec: 0 Bytes/s (total bytes: 4 Bytes) (time elapsed: a minute) (per-host) (303051:base_pytree_checkpoint_handler.py:113)
09:30:52.652 [I] [process=0][thread=async_save] Background save thread started.                   (303051:async_checkpointer.py:121)
09:30:52.663 [I] Deleting Checkpoint[step=8000 | time=2026-08-20 06:02:09.051691+00:00 | is_locked=None]: (Reason: old checkpoint). (303051:checkpoint_manager.py:1748)
09:30:52.664 [I] [process=0][thread=MainThread] Skipping global process sync, barrier name: CheckpointManager:old_steps_to_remove (303051:multihost.py:293)
09:30:52.665 [I] [process=0][thread=MainThread][step=9999] Starting CheckpointManager Save Finalize thread=save_finalize (303051:checkpoint_manager.py:1328)
09:30:52.666 [I] [process=0][thread=save_finalize] Waiting for background save thread=async_save. (303051:async_checkpointer.py:231)
09:30:52.667 [I] {'step': 9999, 'event_type': 'save', 'directory': '/shared/.cache/retain/checkpoints/retain_repro_pretrain/paper_final_hparams', 'reached_preemption': False, 'preemption_received_at': None, 'synchronous': False, 'wait_for_prev_start_time': 1787218188.0931864, 'wait_for_prev_duration_secs': 0.0001773834228515625, 'checkpointer_blocking_start_time': 1787218188.093795, 'checkpointer_blocking_duration_secs': 64.5691430568695, 'get_old_steps_start_time': 1787218252.6632318, 'get_old_steps_duration_secs': 0.0009756088256835938, 'checkpoint_manager_blocking_start_time': 1787218188.0930264, 'checkpoint_manager_blocking_duration_secs': 64.5740180015564} (303051:standard_logger.py:34)
09:30:52.668 [I] Progress on: 10.0kit/10.0kit rate:21.6s/it remaining:00:00 elapsed:1:15:49 postfix:- (303051:tqdm_logging.py:145)
09:30:52.670 [I] Progress on: 10.0kit/10.0kit rate:21.6s/it remaining:00:00 elapsed:1:15:49 postfix:- (303051:tqdm_logging.py:145)
09:30:52.672 [I] Waiting for checkpoint manager to finish                                         (303051:train.py:406)
09:30:52.673 [I] [process=0][thread=MainThread][wait_until_finished] Initiating wait for Save Finalize thread. (303051:checkpoint_manager.py:1759)
09:30:52.673 [I] [process=0][thread=MainThread][step=9999][wait_until_finished] Waiting for Save Finalize thread (save_finalize) to complete. (303051:checkpoint_manager.py:1777)
09:31:12.187 [I] ChainedFuture completed 1/1 futures in 19.53 seconds.                            (303051:future.py:137)
09:31:12.187 [I] [process=0] /jax/checkpoint/write/bytes_per_sec: 146.9 MiB/s (total bytes: 12.1 GiB) (time elapsed: a minute) (per-host) (303051:base_pytree_checkpoint_handler.py:113)
09:31:12.187 [I] ChainedFuture completed 1/1 futures in 0.00 seconds.                             (303051:future.py:137)
09:31:12.187 [I] [process=0] /jax/checkpoint/write/bytes_per_sec: 0 Bytes/s (total bytes: 4 Bytes) (time elapsed: a minute) (per-host) (303051:base_pytree_checkpoint_handler.py:113)
09:31:12.188 [I] [process=0][thread=async_save] 3 Handler Commit operations completed.            (303051:async_checkpointer.py:131)
09:31:12.191 [I] [process=0][thread=async_save] Async Save Callback [1/3]: Finalizing Handler: <orbax.checkpoint._src.handlers.composite_checkpoint_handler.CompositeCheckpointHandler object at 0x7e43d42b7890> on /shared/.cache/retain/checkpoints/retain_repro_pretrain/paper_final_hparams/9999.orbax-checkpoint-tmp-0 (303051:async_checkpointer.py:406)
09:31:12.192 [I] Renaming /shared/.cache/retain/checkpoints/retain_repro_pretrain/paper_final_hparams/9999.orbax-checkpoint-tmp-0/assets.orbax-checkpoint-tmp-1 to /shared/.cache/retain/checkpoints/retain_repro_pretrain/paper_final_hparams/9999.orbax-checkpoint-tmp-0/assets (303051:atomicity.py:287)
09:31:12.195 [I] Updated Metadata={'item_handlers': {'assets': 'openpi.training.checkpoints.CallbackHandler', 'params': 'orbax.checkpoint._src.handlers.pytree_checkpoint_handler.PyTreeCheckpointHandler', 'train_state': 'orbax.checkpoint._src.handlers.pytree_checkpoint_handler.PyTreeCheckpointHandler'}, 'metrics': {}, 'performance_metrics': {}, 'init_timestamp_nsecs': 1787218188103466852, 'commit_timestamp_nsecs': None, 'custom': {}} to /shared/.cache/retain/checkpoints/retain_repro_pretrain/paper_final_hparams/9999.orbax-checkpoint-tmp-0/_CHECKPOINT_METADATA (303051:checkpoint.py:244)
09:31:12.311 [I] Renaming /shared/.cache/retain/checkpoints/retain_repro_pretrain/paper_final_hparams/9999.orbax-checkpoint-tmp-0/train_state.orbax-checkpoint-tmp-3 to /shared/.cache/retain/checkpoints/retain_repro_pretrain/paper_final_hparams/9999.orbax-checkpoint-tmp-0/train_state (303051:atomicity.py:287)
09:31:12.369 [I] Renaming /shared/.cache/retain/checkpoints/retain_repro_pretrain/paper_final_hparams/9999.orbax-checkpoint-tmp-0/params.orbax-checkpoint-tmp-2 to /shared/.cache/retain/checkpoints/retain_repro_pretrain/paper_final_hparams/9999.orbax-checkpoint-tmp-0/params (303051:atomicity.py:287)
09:31:12.370 [I] [process=0][thread=async_save] Async Save Callback [2/3]: Running post_finalization_callback: None on /shared/.cache/retain/checkpoints/retain_repro_pretrain/paper_final_hparams/9999 (303051:async_checkpointer.py:416)
09:31:12.370 [I] [process=0][thread=async_save] Async Save Callback [3/3]: Finalizing checkpoint directory: /shared/.cache/retain/checkpoints/retain_repro_pretrain/paper_final_hparams/9999.orbax-checkpoint-tmp-0 (303051:async_checkpointer.py:426)
09:31:12.370 [I] Renaming /shared/.cache/retain/checkpoints/retain_repro_pretrain/paper_final_hparams/9999.orbax-checkpoint-tmp-0 to /shared/.cache/retain/checkpoints/retain_repro_pretrain/paper_final_hparams/9999 (303051:atomicity.py:287)
09:31:12.371 [I] [process=0][thread=async_save] Finished saving checkpoint (finalized tmp dir) to `/shared/.cache/retain/checkpoints/retain_repro_pretrain/paper_final_hparams/9999`. (303051:atomicity.py:548)
09:31:12.371 [I] [process=0][thread=async_save] Background save thread done.                      (303051:async_checkpointer.py:183)
09:31:12.372 [I] [process=0][thread=save_finalize] Done with waiting for background save thread=async_save. (303051:async_checkpointer.py:239)
09:31:12.372 [I] [process=0][thread=save_finalize] No errors found in background save thread=async_save. (303051:async_checkpointer.py:249)
09:31:16.529 [I] Deleted step 8000.                                                               (303051:deleter.py:114)
09:31:16.529 [I] [process=0][thread=save_finalize][step=9999] CheckpointManager Save Finalize is syncing with other hosts... (303051:checkpoint_manager.py:1890)
09:31:16.529 [I] [process=0][thread=save_finalize][step=9999] CheckpointManager Save Finalize is done on all hosts. (303051:checkpoint_manager.py:1905)
09:31:16.529 [I] [process=0][thread=MainThread][step=9999][wait_until_finished] Done waiting for Save Finalize thread (save_finalize) running at step=9999. (303051:checkpoint_manager.py:1786)
09:31:16.529 [I] [process=0][thread=MainThread][step=9999][wait_until_finished] Resetting Save Finalize thread (save_finalize) running at step=9999, also errors if any. (303051:checkpoint_manager.py:1817)
